<?xml version="1.0" encoding="utf-8"?>
<mst_mapenemy2_data xmlns:i="http://www.w3.org/2001/XMLSchema-instance">
<mst_mapenemy2>
	<Id>270101</Id>
	<Maparea_id>2</Maparea_id>
	<Mapinfo_no>7</Mapinfo_no>
	<Enemy_list_id>2701</Enemy_list_id>
	<Boss>0</Boss>
	<Deck_id>1</Deck_id>
	<Deck_name>攻略部隊先遣艦隊</Deck_name>
	<Formation_id>1</Formation_id>
	<E1_id>566</E1_id>
	<E1_lv>1</E1_lv>
	<E2_id>566</E2_id>
	<E2_lv>1</E2_lv>
	<E3_id>592</E3_id>
	<E3_lv>1</E3_lv>
	<E4_id>602</E4_id>
	<E4_lv>1</E4_lv>
	<E5_id>577</E5_id>
	<E5_lv>1</E5_lv>
	<E6_id>577</E6_id>
	<E6_lv>1</E6_lv>
	<Geth>30</Geth>
	<Experience>440</Experience>
</mst_mapenemy2>
<mst_mapenemy2>
	<Id>270102</Id>
	<Maparea_id>2</Maparea_id>
	<Mapinfo_no>7</Mapinfo_no>
	<Enemy_list_id>2701</Enemy_list_id>
	<Boss>0</Boss>
	<Deck_id>2</Deck_id>
	<Deck_name>攻略部隊先遣艦隊</Deck_name>
	<Formation_id>1</Formation_id>
	<E1_id>566</E1_id>
	<E1_lv>1</E1_lv>
	<E2_id>566</E2_id>
	<E2_lv>1</E2_lv>
	<E3_id>592</E3_id>
	<E3_lv>1</E3_lv>
	<E4_id>601</E4_id>
	<E4_lv>1</E4_lv>
	<E5_id>577</E5_id>
	<E5_lv>1</E5_lv>
	<E6_id>577</E6_id>
	<E6_lv>1</E6_lv>
	<Geth>32</Geth>
	<Experience>420</Experience>
</mst_mapenemy2>
<mst_mapenemy2>
	<Id>270103</Id>
	<Maparea_id>2</Maparea_id>
	<Mapinfo_no>7</Mapinfo_no>
	<Enemy_list_id>2701</Enemy_list_id>
	<Boss>0</Boss>
	<Deck_id>3</Deck_id>
	<Deck_name>攻略部隊先遣艦隊</Deck_name>
	<Formation_id>1</Formation_id>
	<E1_id>566</E1_id>
	<E1_lv>1</E1_lv>
	<E2_id>527</E2_id>
	<E2_lv>1</E2_lv>
	<E3_id>592</E3_id>
	<E3_lv>1</E3_lv>
	<E4_id>601</E4_id>
	<E4_lv>1</E4_lv>
	<E5_id>576</E5_id>
	<E5_lv>1</E5_lv>
	<E6_id>576</E6_id>
	<E6_lv>1</E6_lv>
	<Geth>34</Geth>
	<Experience>360</Experience>
</mst_mapenemy2>
<mst_mapenemy2>
	<Id>270104</Id>
	<Maparea_id>2</Maparea_id>
	<Mapinfo_no>7</Mapinfo_no>
	<Enemy_list_id>2701</Enemy_list_id>
	<Boss>0</Boss>
	<Deck_id>4</Deck_id>
	<Deck_name>攻略部隊先遣艦隊</Deck_name>
	<Formation_id>1</Formation_id>
	<E1_id>566</E1_id>
	<E1_lv>1</E1_lv>
	<E2_id>527</E2_id>
	<E2_lv>1</E2_lv>
	<E3_id>555</E3_id>
	<E3_lv>1</E3_lv>
	<E4_id>591</E4_id>
	<E4_lv>1</E4_lv>
	<E5_id>575</E5_id>
	<E5_lv>1</E5_lv>
	<E6_id>575</E6_id>
	<E6_lv>1</E6_lv>
	<Geth>36</Geth>
	<Experience>300</Experience>
</mst_mapenemy2>
<mst_mapenemy2>
	<Id>270105</Id>
	<Maparea_id>2</Maparea_id>
	<Mapinfo_no>7</Mapinfo_no>
	<Enemy_list_id>2701</Enemy_list_id>
	<Boss>0</Boss>
	<Deck_id>5</Deck_id>
	<Deck_name>攻略部隊先遣艦隊</Deck_name>
	<Formation_id>1</Formation_id>
	<E1_id>566</E1_id>
	<E1_lv>1</E1_lv>
	<E2_id>527</E2_id>
	<E2_lv>1</E2_lv>
	<E3_id>555</E3_id>
	<E3_lv>1</E3_lv>
	<E4_id>575</E4_id>
	<E4_lv>1</E4_lv>
	<E5_id>575</E5_id>
	<E5_lv>1</E5_lv>
	<E6_id>575</E6_id>
	<E6_lv>1</E6_lv>
	<Geth>38</Geth>
	<Experience>260</Experience>
</mst_mapenemy2>
<mst_mapenemy2>
	<Id>270106</Id>
	<Maparea_id>2</Maparea_id>
	<Mapinfo_no>7</Mapinfo_no>
	<Enemy_list_id>2701</Enemy_list_id>
	<Boss>0</Boss>
	<Deck_id>6</Deck_id>
	<Deck_name>攻略部隊先遣艦隊</Deck_name>
	<Formation_id>1</Formation_id>
	<E1_id>566</E1_id>
	<E1_lv>1</E1_lv>
	<E2_id>527</E2_id>
	<E2_lv>1</E2_lv>
	<E3_id>555</E3_id>
	<E3_lv>1</E3_lv>
	<E4_id>575</E4_id>
	<E4_lv>1</E4_lv>
	<E5_id>501</E5_id>
	<E5_lv>1</E5_lv>
	<E6_id>501</E6_id>
	<E6_lv>1</E6_lv>
	<Geth>40</Geth>
	<Experience>240</Experience>
</mst_mapenemy2>
<mst_mapenemy2>
	<Id>270107</Id>
	<Maparea_id>2</Maparea_id>
	<Mapinfo_no>7</Mapinfo_no>
	<Enemy_list_id>2701</Enemy_list_id>
	<Boss>0</Boss>
	<Deck_id>7</Deck_id>
	<Deck_name>攻略部隊先遣艦隊</Deck_name>
	<Formation_id>1</Formation_id>
	<E1_id>527</E1_id>
	<E1_lv>1</E1_lv>
	<E2_id>518</E2_id>
	<E2_lv>1</E2_lv>
	<E3_id>575</E3_id>
	<E3_lv>1</E3_lv>
	<E4_id>501</E4_id>
	<E4_lv>1</E4_lv>
	<E5_id>501</E5_id>
	<E5_lv>1</E5_lv>
	<E6_id>0</E6_id>
	<E6_lv>0</E6_lv>
	<Geth>40</Geth>
	<Experience>200</Experience>
</mst_mapenemy2>
<mst_mapenemy2>
	<Id>270108</Id>
	<Maparea_id>2</Maparea_id>
	<Mapinfo_no>7</Mapinfo_no>
	<Enemy_list_id>2701</Enemy_list_id>
	<Boss>0</Boss>
	<Deck_id>8</Deck_id>
	<Deck_name>攻略部隊先遣艦隊</Deck_name>
	<Formation_id>1</Formation_id>
	<E1_id>522</E1_id>
	<E1_lv>1</E1_lv>
	<E2_id>518</E2_id>
	<E2_lv>1</E2_lv>
	<E3_id>575</E3_id>
	<E3_lv>1</E3_lv>
	<E4_id>501</E4_id>
	<E4_lv>1</E4_lv>
	<E5_id>501</E5_id>
	<E5_lv>1</E5_lv>
	<E6_id>0</E6_id>
	<E6_lv>0</E6_lv>
	<Geth>40</Geth>
	<Experience>150</Experience>
</mst_mapenemy2>
<mst_mapenemy2>
	<Id>270109</Id>
	<Maparea_id>2</Maparea_id>
	<Mapinfo_no>7</Mapinfo_no>
	<Enemy_list_id>2701</Enemy_list_id>
	<Boss>0</Boss>
	<Deck_id>9</Deck_id>
	<Deck_name>攻略部隊先遣艦隊</Deck_name>
	<Formation_id>1</Formation_id>
	<E1_id>522</E1_id>
	<E1_lv>1</E1_lv>
	<E2_id>505</E2_id>
	<E2_lv>1</E2_lv>
	<E3_id>501</E3_id>
	<E3_lv>1</E3_lv>
	<E4_id>501</E4_id>
	<E4_lv>1</E4_lv>
	<E5_id>0</E5_id>
	<E5_lv>0</E5_lv>
	<E6_id>0</E6_id>
	<E6_lv>0</E6_lv>
	<Geth>40</Geth>
	<Experience>100</Experience>
</mst_mapenemy2>
<mst_mapenemy2>
	<Id>270201</Id>
	<Maparea_id>2</Maparea_id>
	<Mapinfo_no>7</Mapinfo_no>
	<Enemy_list_id>2702</Enemy_list_id>
	<Boss>0</Boss>
	<Deck_id>1</Deck_id>
	<Deck_name>攻略支援任務部隊</Deck_name>
	<Formation_id>2</Formation_id>
	<E1_id>566</E1_id>
	<E1_lv>1</E1_lv>
	<E2_id>566</E2_id>
	<E2_lv>1</E2_lv>
	<E3_id>529</E3_id>
	<E3_lv>1</E3_lv>
	<E4_id>560</E4_id>
	<E4_lv>1</E4_lv>
	<E5_id>597</E5_id>
	<E5_lv>1</E5_lv>
	<E6_id>597</E6_id>
	<E6_lv>1</E6_lv>
	<Geth>8</Geth>
	<Experience>450</Experience>
</mst_mapenemy2>
<mst_mapenemy2>
	<Id>270202</Id>
	<Maparea_id>2</Maparea_id>
	<Mapinfo_no>7</Mapinfo_no>
	<Enemy_list_id>2702</Enemy_list_id>
	<Boss>0</Boss>
	<Deck_id>2</Deck_id>
	<Deck_name>攻略支援任務部隊</Deck_name>
	<Formation_id>2</Formation_id>
	<E1_id>566</E1_id>
	<E1_lv>1</E1_lv>
	<E2_id>529</E2_id>
	<E2_lv>1</E2_lv>
	<E3_id>529</E3_id>
	<E3_lv>1</E3_lv>
	<E4_id>560</E4_id>
	<E4_lv>1</E4_lv>
	<E5_id>577</E5_id>
	<E5_lv>1</E5_lv>
	<E6_id>577</E6_id>
	<E6_lv>1</E6_lv>
	<Geth>8</Geth>
	<Experience>400</Experience>
</mst_mapenemy2>
<mst_mapenemy2>
	<Id>270203</Id>
	<Maparea_id>2</Maparea_id>
	<Mapinfo_no>7</Mapinfo_no>
	<Enemy_list_id>2702</Enemy_list_id>
	<Boss>0</Boss>
	<Deck_id>3</Deck_id>
	<Deck_name>攻略支援任務部隊</Deck_name>
	<Formation_id>2</Formation_id>
	<E1_id>529</E1_id>
	<E1_lv>1</E1_lv>
	<E2_id>560</E2_id>
	<E2_lv>1</E2_lv>
	<E3_id>527</E3_id>
	<E3_lv>1</E3_lv>
	<E4_id>527</E4_id>
	<E4_lv>1</E4_lv>
	<E5_id>576</E5_id>
	<E5_lv>1</E5_lv>
	<E6_id>576</E6_id>
	<E6_lv>1</E6_lv>
	<Geth>10</Geth>
	<Experience>350</Experience>
</mst_mapenemy2>
<mst_mapenemy2>
	<Id>270204</Id>
	<Maparea_id>2</Maparea_id>
	<Mapinfo_no>7</Mapinfo_no>
	<Enemy_list_id>2702</Enemy_list_id>
	<Boss>0</Boss>
	<Deck_id>4</Deck_id>
	<Deck_name>攻略支援任務部隊</Deck_name>
	<Formation_id>2</Formation_id>
	<E1_id>529</E1_id>
	<E1_lv>1</E1_lv>
	<E2_id>560</E2_id>
	<E2_lv>1</E2_lv>
	<E3_id>527</E3_id>
	<E3_lv>1</E3_lv>
	<E4_id>522</E4_id>
	<E4_lv>1</E4_lv>
	<E5_id>575</E5_id>
	<E5_lv>1</E5_lv>
	<E6_id>575</E6_id>
	<E6_lv>1</E6_lv>
	<Geth>12</Geth>
	<Experience>320</Experience>
</mst_mapenemy2>
<mst_mapenemy2>
	<Id>270205</Id>
	<Maparea_id>2</Maparea_id>
	<Mapinfo_no>7</Mapinfo_no>
	<Enemy_list_id>2702</Enemy_list_id>
	<Boss>0</Boss>
	<Deck_id>5</Deck_id>
	<Deck_name>攻略支援任務部隊</Deck_name>
	<Formation_id>2</Formation_id>
	<E1_id>529</E1_id>
	<E1_lv>1</E1_lv>
	<E2_id>560</E2_id>
	<E2_lv>1</E2_lv>
	<E3_id>522</E3_id>
	<E3_lv>1</E3_lv>
	<E4_id>575</E4_id>
	<E4_lv>1</E4_lv>
	<E5_id>501</E5_id>
	<E5_lv>1</E5_lv>
	<E6_id>501</E6_id>
	<E6_lv>1</E6_lv>
	<Geth>14</Geth>
	<Experience>290</Experience>
</mst_mapenemy2>
<mst_mapenemy2>
	<Id>270206</Id>
	<Maparea_id>2</Maparea_id>
	<Mapinfo_no>7</Mapinfo_no>
	<Enemy_list_id>2702</Enemy_list_id>
	<Boss>0</Boss>
	<Deck_id>6</Deck_id>
	<Deck_name>攻略支援任務部隊</Deck_name>
	<Formation_id>2</Formation_id>
	<E1_id>527</E1_id>
	<E1_lv>1</E1_lv>
	<E2_id>522</E2_id>
	<E2_lv>1</E2_lv>
	<E3_id>519</E3_id>
	<E3_lv>1</E3_lv>
	<E4_id>575</E4_id>
	<E4_lv>1</E4_lv>
	<E5_id>501</E5_id>
	<E5_lv>1</E5_lv>
	<E6_id>501</E6_id>
	<E6_lv>1</E6_lv>
	<Geth>16</Geth>
	<Experience>250</Experience>
</mst_mapenemy2>
<mst_mapenemy2>
	<Id>270207</Id>
	<Maparea_id>2</Maparea_id>
	<Mapinfo_no>7</Mapinfo_no>
	<Enemy_list_id>2702</Enemy_list_id>
	<Boss>0</Boss>
	<Deck_id>7</Deck_id>
	<Deck_name>攻略支援任務部隊</Deck_name>
	<Formation_id>2</Formation_id>
	<E1_id>522</E1_id>
	<E1_lv>1</E1_lv>
	<E2_id>518</E2_id>
	<E2_lv>1</E2_lv>
	<E3_id>519</E3_id>
	<E3_lv>1</E3_lv>
	<E4_id>575</E4_id>
	<E4_lv>1</E4_lv>
	<E5_id>501</E5_id>
	<E5_lv>1</E5_lv>
	<E6_id>501</E6_id>
	<E6_lv>1</E6_lv>
	<Geth>18</Geth>
	<Experience>220</Experience>
</mst_mapenemy2>
<mst_mapenemy2>
	<Id>270208</Id>
	<Maparea_id>2</Maparea_id>
	<Mapinfo_no>7</Mapinfo_no>
	<Enemy_list_id>2702</Enemy_list_id>
	<Boss>0</Boss>
	<Deck_id>8</Deck_id>
	<Deck_name>攻略支援任務部隊</Deck_name>
	<Formation_id>2</Formation_id>
	<E1_id>519</E1_id>
	<E1_lv>1</E1_lv>
	<E2_id>518</E2_id>
	<E2_lv>1</E2_lv>
	<E3_id>575</E3_id>
	<E3_lv>1</E3_lv>
	<E4_id>501</E4_id>
	<E4_lv>1</E4_lv>
	<E5_id>501</E5_id>
	<E5_lv>1</E5_lv>
	<E6_id>501</E6_id>
	<E6_lv>1</E6_lv>
	<Geth>20</Geth>
	<Experience>180</Experience>
</mst_mapenemy2>
<mst_mapenemy2>
	<Id>270209</Id>
	<Maparea_id>2</Maparea_id>
	<Mapinfo_no>7</Mapinfo_no>
	<Enemy_list_id>2702</Enemy_list_id>
	<Boss>0</Boss>
	<Deck_id>9</Deck_id>
	<Deck_name>攻略支援任務部隊</Deck_name>
	<Formation_id>2</Formation_id>
	<E1_id>518</E1_id>
	<E1_lv>1</E1_lv>
	<E2_id>505</E2_id>
	<E2_lv>1</E2_lv>
	<E3_id>501</E3_id>
	<E3_lv>1</E3_lv>
	<E4_id>501</E4_id>
	<E4_lv>1</E4_lv>
	<E5_id>501</E5_id>
	<E5_lv>1</E5_lv>
	<E6_id>0</E6_id>
	<E6_lv>0</E6_lv>
	<Geth>20</Geth>
	<Experience>140</Experience>
</mst_mapenemy2>
<mst_mapenemy2>
	<Id>270301</Id>
	<Maparea_id>2</Maparea_id>
	<Mapinfo_no>7</Mapinfo_no>
	<Enemy_list_id>2703</Enemy_list_id>
	<Boss>0</Boss>
	<Deck_id>1</Deck_id>
	<Deck_name>攻略上陸部隊 I群</Deck_name>
	<Formation_id>2</Formation_id>
	<E1_id>602</E1_id>
	<E1_lv>1</E1_lv>
	<E2_id>529</E2_id>
	<E2_lv>1</E2_lv>
	<E3_id>558</E3_id>
	<E3_lv>1</E3_lv>
	<E4_id>558</E4_id>
	<E4_lv>1</E4_lv>
	<E5_id>597</E5_id>
	<E5_lv>1</E5_lv>
	<E6_id>597</E6_id>
	<E6_lv>1</E6_lv>
	<Geth>0</Geth>
	<Experience>600</Experience>
</mst_mapenemy2>
<mst_mapenemy2>
	<Id>270302</Id>
	<Maparea_id>2</Maparea_id>
	<Mapinfo_no>7</Mapinfo_no>
	<Enemy_list_id>2703</Enemy_list_id>
	<Boss>0</Boss>
	<Deck_id>2</Deck_id>
	<Deck_name>攻略上陸部隊 I群</Deck_name>
	<Formation_id>2</Formation_id>
	<E1_id>602</E1_id>
	<E1_lv>1</E1_lv>
	<E2_id>529</E2_id>
	<E2_lv>1</E2_lv>
	<E3_id>558</E3_id>
	<E3_lv>1</E3_lv>
	<E4_id>558</E4_id>
	<E4_lv>1</E4_lv>
	<E5_id>577</E5_id>
	<E5_lv>1</E5_lv>
	<E6_id>577</E6_id>
	<E6_lv>1</E6_lv>
	<Geth>0</Geth>
	<Experience>550</Experience>
</mst_mapenemy2>
<mst_mapenemy2>
	<Id>270303</Id>
	<Maparea_id>2</Maparea_id>
	<Mapinfo_no>7</Mapinfo_no>
	<Enemy_list_id>2703</Enemy_list_id>
	<Boss>0</Boss>
	<Deck_id>3</Deck_id>
	<Deck_name>攻略上陸部隊 I群</Deck_name>
	<Formation_id>2</Formation_id>
	<E1_id>601</E1_id>
	<E1_lv>1</E1_lv>
	<E2_id>529</E2_id>
	<E2_lv>1</E2_lv>
	<E3_id>558</E3_id>
	<E3_lv>1</E3_lv>
	<E4_id>558</E4_id>
	<E4_lv>1</E4_lv>
	<E5_id>577</E5_id>
	<E5_lv>1</E5_lv>
	<E6_id>577</E6_id>
	<E6_lv>1</E6_lv>
	<Geth>1</Geth>
	<Experience>500</Experience>
</mst_mapenemy2>
<mst_mapenemy2>
	<Id>270304</Id>
	<Maparea_id>2</Maparea_id>
	<Mapinfo_no>7</Mapinfo_no>
	<Enemy_list_id>2703</Enemy_list_id>
	<Boss>0</Boss>
	<Deck_id>4</Deck_id>
	<Deck_name>攻略上陸部隊 I群</Deck_name>
	<Formation_id>2</Formation_id>
	<E1_id>555</E1_id>
	<E1_lv>1</E1_lv>
	<E2_id>529</E2_id>
	<E2_lv>1</E2_lv>
	<E3_id>558</E3_id>
	<E3_lv>1</E3_lv>
	<E4_id>558</E4_id>
	<E4_lv>1</E4_lv>
	<E5_id>576</E5_id>
	<E5_lv>1</E5_lv>
	<E6_id>576</E6_id>
	<E6_lv>1</E6_lv>
	<Geth>1</Geth>
	<Experience>450</Experience>
</mst_mapenemy2>
<mst_mapenemy2>
	<Id>270305</Id>
	<Maparea_id>2</Maparea_id>
	<Mapinfo_no>7</Mapinfo_no>
	<Enemy_list_id>2703</Enemy_list_id>
	<Boss>0</Boss>
	<Deck_id>5</Deck_id>
	<Deck_name>攻略上陸部隊 I群</Deck_name>
	<Formation_id>2</Formation_id>
	<E1_id>555</E1_id>
	<E1_lv>1</E1_lv>
	<E2_id>524</E2_id>
	<E2_lv>1</E2_lv>
	<E3_id>526</E3_id>
	<E3_lv>1</E3_lv>
	<E4_id>526</E4_id>
	<E4_lv>1</E4_lv>
	<E5_id>576</E5_id>
	<E5_lv>1</E5_lv>
	<E6_id>576</E6_id>
	<E6_lv>1</E6_lv>
	<Geth>1</Geth>
	<Experience>400</Experience>
</mst_mapenemy2>
<mst_mapenemy2>
	<Id>270306</Id>
	<Maparea_id>2</Maparea_id>
	<Mapinfo_no>7</Mapinfo_no>
	<Enemy_list_id>2703</Enemy_list_id>
	<Boss>0</Boss>
	<Deck_id>6</Deck_id>
	<Deck_name>攻略上陸部隊 I群</Deck_name>
	<Formation_id>2</Formation_id>
	<E1_id>555</E1_id>
	<E1_lv>1</E1_lv>
	<E2_id>522</E2_id>
	<E2_lv>1</E2_lv>
	<E3_id>526</E3_id>
	<E3_lv>1</E3_lv>
	<E4_id>526</E4_id>
	<E4_lv>1</E4_lv>
	<E5_id>575</E5_id>
	<E5_lv>1</E5_lv>
	<E6_id>575</E6_id>
	<E6_lv>1</E6_lv>
	<Geth>2</Geth>
	<Experience>350</Experience>
</mst_mapenemy2>
<mst_mapenemy2>
	<Id>270307</Id>
	<Maparea_id>2</Maparea_id>
	<Mapinfo_no>7</Mapinfo_no>
	<Enemy_list_id>2703</Enemy_list_id>
	<Boss>0</Boss>
	<Deck_id>7</Deck_id>
	<Deck_name>攻略上陸部隊 I群</Deck_name>
	<Formation_id>2</Formation_id>
	<E1_id>555</E1_id>
	<E1_lv>1</E1_lv>
	<E2_id>526</E2_id>
	<E2_lv>1</E2_lv>
	<E3_id>513</E3_id>
	<E3_lv>1</E3_lv>
	<E4_id>513</E4_id>
	<E4_lv>1</E4_lv>
	<E5_id>575</E5_id>
	<E5_lv>1</E5_lv>
	<E6_id>575</E6_id>
	<E6_lv>1</E6_lv>
	<Geth>2</Geth>
	<Experience>300</Experience>
</mst_mapenemy2>
<mst_mapenemy2>
	<Id>270308</Id>
	<Maparea_id>2</Maparea_id>
	<Mapinfo_no>7</Mapinfo_no>
	<Enemy_list_id>2703</Enemy_list_id>
	<Boss>0</Boss>
	<Deck_id>8</Deck_id>
	<Deck_name>攻略上陸部隊 I群</Deck_name>
	<Formation_id>2</Formation_id>
	<E1_id>519</E1_id>
	<E1_lv>1</E1_lv>
	<E2_id>526</E2_id>
	<E2_lv>1</E2_lv>
	<E3_id>513</E3_id>
	<E3_lv>1</E3_lv>
	<E4_id>513</E4_id>
	<E4_lv>1</E4_lv>
	<E5_id>501</E5_id>
	<E5_lv>1</E5_lv>
	<E6_id>501</E6_id>
	<E6_lv>1</E6_lv>
	<Geth>3</Geth>
	<Experience>250</Experience>
</mst_mapenemy2>
<mst_mapenemy2>
	<Id>270309</Id>
	<Maparea_id>2</Maparea_id>
	<Mapinfo_no>7</Mapinfo_no>
	<Enemy_list_id>2703</Enemy_list_id>
	<Boss>0</Boss>
	<Deck_id>9</Deck_id>
	<Deck_name>攻略上陸部隊 I群</Deck_name>
	<Formation_id>2</Formation_id>
	<E1_id>526</E1_id>
	<E1_lv>1</E1_lv>
	<E2_id>513</E2_id>
	<E2_lv>1</E2_lv>
	<E3_id>513</E3_id>
	<E3_lv>1</E3_lv>
	<E4_id>501</E4_id>
	<E4_lv>1</E4_lv>
	<E5_id>501</E5_id>
	<E5_lv>1</E5_lv>
	<E6_id>0</E6_id>
	<E6_lv>0</E6_lv>
	<Geth>4</Geth>
	<Experience>200</Experience>
</mst_mapenemy2>
<mst_mapenemy2>
	<Id>270401</Id>
	<Maparea_id>2</Maparea_id>
	<Mapinfo_no>7</Mapinfo_no>
	<Enemy_list_id>2704</Enemy_list_id>
	<Boss>0</Boss>
	<Deck_id>1</Deck_id>
	<Deck_name>攻略上陸部隊 II群</Deck_name>
	<Formation_id>2</Formation_id>
	<E1_id>602</E1_id>
	<E1_lv>1</E1_lv>
	<E2_id>560</E2_id>
	<E2_lv>1</E2_lv>
	<E3_id>558</E3_id>
	<E3_lv>1</E3_lv>
	<E4_id>558</E4_id>
	<E4_lv>1</E4_lv>
	<E5_id>597</E5_id>
	<E5_lv>1</E5_lv>
	<E6_id>597</E6_id>
	<E6_lv>1</E6_lv>
	<Geth>0</Geth>
	<Experience>600</Experience>
</mst_mapenemy2>
<mst_mapenemy2>
	<Id>270402</Id>
	<Maparea_id>2</Maparea_id>
	<Mapinfo_no>7</Mapinfo_no>
	<Enemy_list_id>2704</Enemy_list_id>
	<Boss>0</Boss>
	<Deck_id>2</Deck_id>
	<Deck_name>攻略上陸部隊 II群</Deck_name>
	<Formation_id>2</Formation_id>
	<E1_id>602</E1_id>
	<E1_lv>1</E1_lv>
	<E2_id>560</E2_id>
	<E2_lv>1</E2_lv>
	<E3_id>558</E3_id>
	<E3_lv>1</E3_lv>
	<E4_id>558</E4_id>
	<E4_lv>1</E4_lv>
	<E5_id>577</E5_id>
	<E5_lv>1</E5_lv>
	<E6_id>577</E6_id>
	<E6_lv>1</E6_lv>
	<Geth>0</Geth>
	<Experience>550</Experience>
</mst_mapenemy2>
<mst_mapenemy2>
	<Id>270403</Id>
	<Maparea_id>2</Maparea_id>
	<Mapinfo_no>7</Mapinfo_no>
	<Enemy_list_id>2704</Enemy_list_id>
	<Boss>0</Boss>
	<Deck_id>3</Deck_id>
	<Deck_name>攻略上陸部隊 II群</Deck_name>
	<Formation_id>2</Formation_id>
	<E1_id>601</E1_id>
	<E1_lv>1</E1_lv>
	<E2_id>560</E2_id>
	<E2_lv>1</E2_lv>
	<E3_id>558</E3_id>
	<E3_lv>1</E3_lv>
	<E4_id>558</E4_id>
	<E4_lv>1</E4_lv>
	<E5_id>577</E5_id>
	<E5_lv>1</E5_lv>
	<E6_id>577</E6_id>
	<E6_lv>1</E6_lv>
	<Geth>1</Geth>
	<Experience>500</Experience>
</mst_mapenemy2>
<mst_mapenemy2>
	<Id>270404</Id>
	<Maparea_id>2</Maparea_id>
	<Mapinfo_no>7</Mapinfo_no>
	<Enemy_list_id>2704</Enemy_list_id>
	<Boss>0</Boss>
	<Deck_id>4</Deck_id>
	<Deck_name>攻略上陸部隊 II群</Deck_name>
	<Formation_id>2</Formation_id>
	<E1_id>555</E1_id>
	<E1_lv>1</E1_lv>
	<E2_id>560</E2_id>
	<E2_lv>1</E2_lv>
	<E3_id>558</E3_id>
	<E3_lv>1</E3_lv>
	<E4_id>558</E4_id>
	<E4_lv>1</E4_lv>
	<E5_id>576</E5_id>
	<E5_lv>1</E5_lv>
	<E6_id>576</E6_id>
	<E6_lv>1</E6_lv>
	<Geth>1</Geth>
	<Experience>450</Experience>
</mst_mapenemy2>
<mst_mapenemy2>
	<Id>270405</Id>
	<Maparea_id>2</Maparea_id>
	<Mapinfo_no>7</Mapinfo_no>
	<Enemy_list_id>2704</Enemy_list_id>
	<Boss>0</Boss>
	<Deck_id>5</Deck_id>
	<Deck_name>攻略上陸部隊 II群</Deck_name>
	<Formation_id>2</Formation_id>
	<E1_id>555</E1_id>
	<E1_lv>1</E1_lv>
	<E2_id>560</E2_id>
	<E2_lv>1</E2_lv>
	<E3_id>526</E3_id>
	<E3_lv>1</E3_lv>
	<E4_id>526</E4_id>
	<E4_lv>1</E4_lv>
	<E5_id>576</E5_id>
	<E5_lv>1</E5_lv>
	<E6_id>576</E6_id>
	<E6_lv>1</E6_lv>
	<Geth>1</Geth>
	<Experience>400</Experience>
</mst_mapenemy2>
<mst_mapenemy2>
	<Id>270406</Id>
	<Maparea_id>2</Maparea_id>
	<Mapinfo_no>7</Mapinfo_no>
	<Enemy_list_id>2704</Enemy_list_id>
	<Boss>0</Boss>
	<Deck_id>6</Deck_id>
	<Deck_name>攻略上陸部隊 II群</Deck_name>
	<Formation_id>2</Formation_id>
	<E1_id>519</E1_id>
	<E1_lv>1</E1_lv>
	<E2_id>523</E2_id>
	<E2_lv>1</E2_lv>
	<E3_id>526</E3_id>
	<E3_lv>1</E3_lv>
	<E4_id>526</E4_id>
	<E4_lv>1</E4_lv>
	<E5_id>575</E5_id>
	<E5_lv>1</E5_lv>
	<E6_id>575</E6_id>
	<E6_lv>1</E6_lv>
	<Geth>2</Geth>
	<Experience>350</Experience>
</mst_mapenemy2>
<mst_mapenemy2>
	<Id>270407</Id>
	<Maparea_id>2</Maparea_id>
	<Mapinfo_no>7</Mapinfo_no>
	<Enemy_list_id>2704</Enemy_list_id>
	<Boss>0</Boss>
	<Deck_id>7</Deck_id>
	<Deck_name>攻略上陸部隊 II群</Deck_name>
	<Formation_id>2</Formation_id>
	<E1_id>519</E1_id>
	<E1_lv>1</E1_lv>
	<E2_id>523</E2_id>
	<E2_lv>1</E2_lv>
	<E3_id>513</E3_id>
	<E3_lv>1</E3_lv>
	<E4_id>513</E4_id>
	<E4_lv>1</E4_lv>
	<E5_id>575</E5_id>
	<E5_lv>1</E5_lv>
	<E6_id>575</E6_id>
	<E6_lv>1</E6_lv>
	<Geth>2</Geth>
	<Experience>300</Experience>
</mst_mapenemy2>
<mst_mapenemy2>
	<Id>270408</Id>
	<Maparea_id>2</Maparea_id>
	<Mapinfo_no>7</Mapinfo_no>
	<Enemy_list_id>2704</Enemy_list_id>
	<Boss>0</Boss>
	<Deck_id>8</Deck_id>
	<Deck_name>攻略上陸部隊 II群</Deck_name>
	<Formation_id>2</Formation_id>
	<E1_id>523</E1_id>
	<E1_lv>1</E1_lv>
	<E2_id>513</E2_id>
	<E2_lv>1</E2_lv>
	<E3_id>513</E3_id>
	<E3_lv>1</E3_lv>
	<E4_id>501</E4_id>
	<E4_lv>1</E4_lv>
	<E5_id>501</E5_id>
	<E5_lv>1</E5_lv>
	<E6_id>0</E6_id>
	<E6_lv>0</E6_lv>
	<Geth>3</Geth>
	<Experience>250</Experience>
</mst_mapenemy2>
<mst_mapenemy2>
	<Id>270409</Id>
	<Maparea_id>2</Maparea_id>
	<Mapinfo_no>7</Mapinfo_no>
	<Enemy_list_id>2704</Enemy_list_id>
	<Boss>0</Boss>
	<Deck_id>9</Deck_id>
	<Deck_name>攻略上陸部隊 II群</Deck_name>
	<Formation_id>2</Formation_id>
	<E1_id>518</E1_id>
	<E1_lv>1</E1_lv>
	<E2_id>513</E2_id>
	<E2_lv>1</E2_lv>
	<E3_id>513</E3_id>
	<E3_lv>1</E3_lv>
	<E4_id>501</E4_id>
	<E4_lv>1</E4_lv>
	<E5_id>501</E5_id>
	<E5_lv>1</E5_lv>
	<E6_id>0</E6_id>
	<E6_lv>0</E6_lv>
	<Geth>4</Geth>
	<Experience>200</Experience>
</mst_mapenemy2>
<mst_mapenemy2>
	<Id>270501</Id>
	<Maparea_id>2</Maparea_id>
	<Mapinfo_no>7</Mapinfo_no>
	<Enemy_list_id>2705</Enemy_list_id>
	<Boss>1</Boss>
	<Deck_id>1</Deck_id>
	<Deck_name>攻略主力任務部隊</Deck_name>
	<Formation_id>3</Formation_id>
	<E1_id>586</E1_id>
	<E1_lv>1</E1_lv>
	<E2_id>579</E2_id>
	<E2_lv>1</E2_lv>
	<E3_id>579</E3_id>
	<E3_lv>1</E3_lv>
	<E4_id>592</E4_id>
	<E4_lv>1</E4_lv>
	<E5_id>597</E5_id>
	<E5_lv>1</E5_lv>
	<E6_id>597</E6_id>
	<E6_lv>1</E6_lv>
	<Geth>0</Geth>
	<Experience>700</Experience>
</mst_mapenemy2>
<mst_mapenemy2>
	<Id>270502</Id>
	<Maparea_id>2</Maparea_id>
	<Mapinfo_no>7</Mapinfo_no>
	<Enemy_list_id>2705</Enemy_list_id>
	<Boss>1</Boss>
	<Deck_id>2</Deck_id>
	<Deck_name>攻略主力任務部隊</Deck_name>
	<Formation_id>3</Formation_id>
	<E1_id>586</E1_id>
	<E1_lv>1</E1_lv>
	<E2_id>579</E2_id>
	<E2_lv>1</E2_lv>
	<E3_id>579</E3_id>
	<E3_lv>1</E3_lv>
	<E4_id>592</E4_id>
	<E4_lv>1</E4_lv>
	<E5_id>578</E5_id>
	<E5_lv>1</E5_lv>
	<E6_id>578</E6_id>
	<E6_lv>1</E6_lv>
	<Geth>0</Geth>
	<Experience>600</Experience>
</mst_mapenemy2>
<mst_mapenemy2>
	<Id>270503</Id>
	<Maparea_id>2</Maparea_id>
	<Mapinfo_no>7</Mapinfo_no>
	<Enemy_list_id>2705</Enemy_list_id>
	<Boss>1</Boss>
	<Deck_id>3</Deck_id>
	<Deck_name>攻略主力任務部隊</Deck_name>
	<Formation_id>3</Formation_id>
	<E1_id>586</E1_id>
	<E1_lv>1</E1_lv>
	<E2_id>528</E2_id>
	<E2_lv>1</E2_lv>
	<E3_id>528</E3_id>
	<E3_lv>1</E3_lv>
	<E4_id>592</E4_id>
	<E4_lv>1</E4_lv>
	<E5_id>577</E5_id>
	<E5_lv>1</E5_lv>
	<E6_id>577</E6_id>
	<E6_lv>1</E6_lv>
	<Geth>1</Geth>
	<Experience>550</Experience>
</mst_mapenemy2>
<mst_mapenemy2>
	<Id>270504</Id>
	<Maparea_id>2</Maparea_id>
	<Mapinfo_no>7</Mapinfo_no>
	<Enemy_list_id>2705</Enemy_list_id>
	<Boss>1</Boss>
	<Deck_id>4</Deck_id>
	<Deck_name>攻略主力任務部隊</Deck_name>
	<Formation_id>3</Formation_id>
	<E1_id>586</E1_id>
	<E1_lv>1</E1_lv>
	<E2_id>525</E2_id>
	<E2_lv>1</E2_lv>
	<E3_id>525</E3_id>
	<E3_lv>1</E3_lv>
	<E4_id>591</E4_id>
	<E4_lv>1</E4_lv>
	<E5_id>576</E5_id>
	<E5_lv>1</E5_lv>
	<E6_id>576</E6_id>
	<E6_lv>1</E6_lv>
	<Geth>1</Geth>
	<Experience>500</Experience>
</mst_mapenemy2>
<mst_mapenemy2>
	<Id>270505</Id>
	<Maparea_id>2</Maparea_id>
	<Mapinfo_no>7</Mapinfo_no>
	<Enemy_list_id>2705</Enemy_list_id>
	<Boss>1</Boss>
	<Deck_id>5</Deck_id>
	<Deck_name>攻略主力任務部隊</Deck_name>
	<Formation_id>2</Formation_id>
	<E1_id>586</E1_id>
	<E1_lv>1</E1_lv>
	<E2_id>512</E2_id>
	<E2_lv>1</E2_lv>
	<E3_id>512</E3_id>
	<E3_lv>1</E3_lv>
	<E4_id>591</E4_id>
	<E4_lv>1</E4_lv>
	<E5_id>575</E5_id>
	<E5_lv>1</E5_lv>
	<E6_id>575</E6_id>
	<E6_lv>1</E6_lv>
	<Geth>2</Geth>
	<Experience>450</Experience>
</mst_mapenemy2>
<mst_mapenemy2>
	<Id>270506</Id>
	<Maparea_id>2</Maparea_id>
	<Mapinfo_no>7</Mapinfo_no>
	<Enemy_list_id>2705</Enemy_list_id>
	<Boss>1</Boss>
	<Deck_id>6</Deck_id>
	<Deck_name>攻略主力任務部隊</Deck_name>
	<Formation_id>2</Formation_id>
	<E1_id>586</E1_id>
	<E1_lv>1</E1_lv>
	<E2_id>518</E2_id>
	<E2_lv>1</E2_lv>
	<E3_id>575</E3_id>
	<E3_lv>1</E3_lv>
	<E4_id>575</E4_id>
	<E4_lv>1</E4_lv>
	<E5_id>501</E5_id>
	<E5_lv>1</E5_lv>
	<E6_id>501</E6_id>
	<E6_lv>1</E6_lv>
	<Geth>2</Geth>
	<Experience>400</Experience>
</mst_mapenemy2>
<mst_mapenemy2>
	<Id>270507</Id>
	<Maparea_id>2</Maparea_id>
	<Mapinfo_no>7</Mapinfo_no>
	<Enemy_list_id>2705</Enemy_list_id>
	<Boss>1</Boss>
	<Deck_id>7</Deck_id>
	<Deck_name>攻略主力任務部隊</Deck_name>
	<Formation_id>3</Formation_id>
	<E1_id>528</E1_id>
	<E1_lv>1</E1_lv>
	<E2_id>518</E2_id>
	<E2_lv>1</E2_lv>
	<E3_id>501</E3_id>
	<E3_lv>1</E3_lv>
	<E4_id>501</E4_id>
	<E4_lv>1</E4_lv>
	<E5_id>501</E5_id>
	<E5_lv>1</E5_lv>
	<E6_id>501</E6_id>
	<E6_lv>1</E6_lv>
	<Geth>3</Geth>
	<Experience>360</Experience>
</mst_mapenemy2>
<mst_mapenemy2>
	<Id>270508</Id>
	<Maparea_id>2</Maparea_id>
	<Mapinfo_no>7</Mapinfo_no>
	<Enemy_list_id>2705</Enemy_list_id>
	<Boss>1</Boss>
	<Deck_id>8</Deck_id>
	<Deck_name>攻略主力任務部隊</Deck_name>
	<Formation_id>3</Formation_id>
	<E1_id>525</E1_id>
	<E1_lv>1</E1_lv>
	<E2_id>518</E2_id>
	<E2_lv>1</E2_lv>
	<E3_id>501</E3_id>
	<E3_lv>1</E3_lv>
	<E4_id>501</E4_id>
	<E4_lv>1</E4_lv>
	<E5_id>501</E5_id>
	<E5_lv>1</E5_lv>
	<E6_id>0</E6_id>
	<E6_lv>0</E6_lv>
	<Geth>4</Geth>
	<Experience>330</Experience>
</mst_mapenemy2>
<mst_mapenemy2>
	<Id>270509</Id>
	<Maparea_id>2</Maparea_id>
	<Mapinfo_no>7</Mapinfo_no>
	<Enemy_list_id>2705</Enemy_list_id>
	<Boss>1</Boss>
	<Deck_id>9</Deck_id>
	<Deck_name>攻略主力任務部隊</Deck_name>
	<Formation_id>3</Formation_id>
	<E1_id>523</E1_id>
	<E1_lv>1</E1_lv>
	<E2_id>518</E2_id>
	<E2_lv>1</E2_lv>
	<E3_id>501</E3_id>
	<E3_lv>1</E3_lv>
	<E4_id>501</E4_id>
	<E4_lv>1</E4_lv>
	<E5_id>501</E5_id>
	<E5_lv>1</E5_lv>
	<E6_id>0</E6_id>
	<E6_lv>0</E6_lv>
	<Geth>5</Geth>
	<Experience>300</Experience>
</mst_mapenemy2>
</mst_mapenemy2_data>
