<?xml version="1.0" encoding="utf-8"?>
<mst_mapenemy2_data xmlns:i="http://www.w3.org/2001/XMLSchema-instance">
<mst_mapenemy2>
	<Id>340101</Id>
	<Maparea_id>3</Maparea_id>
	<Mapinfo_no>4</Mapinfo_no>
	<Enemy_list_id>3401</Enemy_list_id>
	<Boss>0</Boss>
	<Deck_id>1</Deck_id>
	<Deck_name>北方哨戒艦隊 A群</Deck_name>
	<Formation_id>1</Formation_id>
	<E1_id>555</E1_id>
	<E1_lv>1</E1_lv>
	<E2_id>554</E2_id>
	<E2_lv>1</E2_lv>
	<E3_id>554</E3_id>
	<E3_lv>1</E3_lv>
	<E4_id>576</E4_id>
	<E4_lv>1</E4_lv>
	<E5_id>576</E5_id>
	<E5_lv>1</E5_lv>
	<E6_id>0</E6_id>
	<E6_lv>0</E6_lv>
	<Geth>30</Geth>
	<Experience>110</Experience>
</mst_mapenemy2>
<mst_mapenemy2>
	<Id>340102</Id>
	<Maparea_id>3</Maparea_id>
	<Mapinfo_no>4</Mapinfo_no>
	<Enemy_list_id>3401</Enemy_list_id>
	<Boss>0</Boss>
	<Deck_id>2</Deck_id>
	<Deck_name>北方哨戒艦隊 A群</Deck_name>
	<Formation_id>1</Formation_id>
	<E1_id>555</E1_id>
	<E1_lv>1</E1_lv>
	<E2_id>554</E2_id>
	<E2_lv>1</E2_lv>
	<E3_id>576</E3_id>
	<E3_lv>1</E3_lv>
	<E4_id>575</E4_id>
	<E4_lv>1</E4_lv>
	<E5_id>575</E5_id>
	<E5_lv>1</E5_lv>
	<E6_id>0</E6_id>
	<E6_lv>0</E6_lv>
	<Geth>30</Geth>
	<Experience>100</Experience>
</mst_mapenemy2>
<mst_mapenemy2>
	<Id>340103</Id>
	<Maparea_id>3</Maparea_id>
	<Mapinfo_no>4</Mapinfo_no>
	<Enemy_list_id>3401</Enemy_list_id>
	<Boss>0</Boss>
	<Deck_id>3</Deck_id>
	<Deck_name>北方哨戒艦隊 A群</Deck_name>
	<Formation_id>2</Formation_id>
	<E1_id>555</E1_id>
	<E1_lv>1</E1_lv>
	<E2_id>554</E2_id>
	<E2_lv>1</E2_lv>
	<E3_id>576</E3_id>
	<E3_lv>1</E3_lv>
	<E4_id>575</E4_id>
	<E4_lv>1</E4_lv>
	<E5_id>575</E5_id>
	<E5_lv>1</E5_lv>
	<E6_id>0</E6_id>
	<E6_lv>0</E6_lv>
	<Geth>30</Geth>
	<Experience>100</Experience>
</mst_mapenemy2>
<mst_mapenemy2>
	<Id>340104</Id>
	<Maparea_id>3</Maparea_id>
	<Mapinfo_no>4</Mapinfo_no>
	<Enemy_list_id>3401</Enemy_list_id>
	<Boss>0</Boss>
	<Deck_id>4</Deck_id>
	<Deck_name>北方哨戒艦隊 A群</Deck_name>
	<Formation_id>1</Formation_id>
	<E1_id>555</E1_id>
	<E1_lv>1</E1_lv>
	<E2_id>575</E2_id>
	<E2_lv>1</E2_lv>
	<E3_id>575</E3_id>
	<E3_lv>1</E3_lv>
	<E4_id>501</E4_id>
	<E4_lv>1</E4_lv>
	<E5_id>501</E5_id>
	<E5_lv>1</E5_lv>
	<E6_id>0</E6_id>
	<E6_lv>0</E6_lv>
	<Geth>28</Geth>
	<Experience>75</Experience>
</mst_mapenemy2>
<mst_mapenemy2>
	<Id>340105</Id>
	<Maparea_id>3</Maparea_id>
	<Mapinfo_no>4</Mapinfo_no>
	<Enemy_list_id>3401</Enemy_list_id>
	<Boss>0</Boss>
	<Deck_id>5</Deck_id>
	<Deck_name>北方哨戒艦隊 A群</Deck_name>
	<Formation_id>2</Formation_id>
	<E1_id>555</E1_id>
	<E1_lv>1</E1_lv>
	<E2_id>575</E2_id>
	<E2_lv>1</E2_lv>
	<E3_id>575</E3_id>
	<E3_lv>1</E3_lv>
	<E4_id>501</E4_id>
	<E4_lv>1</E4_lv>
	<E5_id>501</E5_id>
	<E5_lv>1</E5_lv>
	<E6_id>0</E6_id>
	<E6_lv>0</E6_lv>
	<Geth>26</Geth>
	<Experience>75</Experience>
</mst_mapenemy2>
<mst_mapenemy2>
	<Id>340106</Id>
	<Maparea_id>3</Maparea_id>
	<Mapinfo_no>4</Mapinfo_no>
	<Enemy_list_id>3401</Enemy_list_id>
	<Boss>0</Boss>
	<Deck_id>6</Deck_id>
	<Deck_name>北方哨戒艦隊 A群</Deck_name>
	<Formation_id>1</Formation_id>
	<E1_id>555</E1_id>
	<E1_lv>1</E1_lv>
	<E2_id>575</E2_id>
	<E2_lv>1</E2_lv>
	<E3_id>501</E3_id>
	<E3_lv>1</E3_lv>
	<E4_id>501</E4_id>
	<E4_lv>1</E4_lv>
	<E5_id>501</E5_id>
	<E5_lv>1</E5_lv>
	<E6_id>0</E6_id>
	<E6_lv>0</E6_lv>
	<Geth>24</Geth>
	<Experience>70</Experience>
</mst_mapenemy2>
<mst_mapenemy2>
	<Id>340107</Id>
	<Maparea_id>3</Maparea_id>
	<Mapinfo_no>4</Mapinfo_no>
	<Enemy_list_id>3401</Enemy_list_id>
	<Boss>0</Boss>
	<Deck_id>7</Deck_id>
	<Deck_name>北方哨戒艦隊 A群</Deck_name>
	<Formation_id>2</Formation_id>
	<E1_id>555</E1_id>
	<E1_lv>1</E1_lv>
	<E2_id>575</E2_id>
	<E2_lv>1</E2_lv>
	<E3_id>501</E3_id>
	<E3_lv>1</E3_lv>
	<E4_id>501</E4_id>
	<E4_lv>1</E4_lv>
	<E5_id>501</E5_id>
	<E5_lv>1</E5_lv>
	<E6_id>0</E6_id>
	<E6_lv>0</E6_lv>
	<Geth>22</Geth>
	<Experience>70</Experience>
</mst_mapenemy2>
<mst_mapenemy2>
	<Id>340108</Id>
	<Maparea_id>3</Maparea_id>
	<Mapinfo_no>4</Mapinfo_no>
	<Enemy_list_id>3401</Enemy_list_id>
	<Boss>0</Boss>
	<Deck_id>8</Deck_id>
	<Deck_name>北方哨戒艦隊 A群</Deck_name>
	<Formation_id>2</Formation_id>
	<E1_id>555</E1_id>
	<E1_lv>1</E1_lv>
	<E2_id>575</E2_id>
	<E2_lv>1</E2_lv>
	<E3_id>501</E3_id>
	<E3_lv>1</E3_lv>
	<E4_id>501</E4_id>
	<E4_lv>1</E4_lv>
	<E5_id>0</E5_id>
	<E5_lv>0</E5_lv>
	<E6_id>0</E6_id>
	<E6_lv>0</E6_lv>
	<Geth>20</Geth>
	<Experience>65</Experience>
</mst_mapenemy2>
<mst_mapenemy2>
	<Id>340109</Id>
	<Maparea_id>3</Maparea_id>
	<Mapinfo_no>4</Mapinfo_no>
	<Enemy_list_id>3401</Enemy_list_id>
	<Boss>0</Boss>
	<Deck_id>9</Deck_id>
	<Deck_name>北方哨戒艦隊 A群</Deck_name>
	<Formation_id>2</Formation_id>
	<E1_id>575</E1_id>
	<E1_lv>1</E1_lv>
	<E2_id>501</E2_id>
	<E2_lv>1</E2_lv>
	<E3_id>501</E3_id>
	<E3_lv>1</E3_lv>
	<E4_id>501</E4_id>
	<E4_lv>1</E4_lv>
	<E5_id>0</E5_id>
	<E5_lv>0</E5_lv>
	<E6_id>0</E6_id>
	<E6_lv>0</E6_lv>
	<Geth>20</Geth>
	<Experience>50</Experience>
</mst_mapenemy2>
<mst_mapenemy2>
	<Id>340201</Id>
	<Maparea_id>3</Maparea_id>
	<Mapinfo_no>4</Mapinfo_no>
	<Enemy_list_id>3402</Enemy_list_id>
	<Boss>0</Boss>
	<Deck_id>1</Deck_id>
	<Deck_name>北方哨戒艦隊 B群</Deck_name>
	<Formation_id>1</Formation_id>
	<E1_id>555</E1_id>
	<E1_lv>1</E1_lv>
	<E2_id>554</E2_id>
	<E2_lv>1</E2_lv>
	<E3_id>576</E3_id>
	<E3_lv>1</E3_lv>
	<E4_id>575</E4_id>
	<E4_lv>1</E4_lv>
	<E5_id>575</E5_id>
	<E5_lv>1</E5_lv>
	<E6_id>534</E6_id>
	<E6_lv>50</E6_lv>
	<Geth>30</Geth>
	<Experience>140</Experience>
</mst_mapenemy2>
<mst_mapenemy2>
	<Id>340202</Id>
	<Maparea_id>3</Maparea_id>
	<Mapinfo_no>4</Mapinfo_no>
	<Enemy_list_id>3402</Enemy_list_id>
	<Boss>0</Boss>
	<Deck_id>2</Deck_id>
	<Deck_name>北方哨戒艦隊 B群</Deck_name>
	<Formation_id>1</Formation_id>
	<E1_id>555</E1_id>
	<E1_lv>1</E1_lv>
	<E2_id>554</E2_id>
	<E2_lv>1</E2_lv>
	<E3_id>575</E3_id>
	<E3_lv>1</E3_lv>
	<E4_id>575</E4_id>
	<E4_lv>1</E4_lv>
	<E5_id>575</E5_id>
	<E5_lv>1</E5_lv>
	<E6_id>534</E6_id>
	<E6_lv>50</E6_lv>
	<Geth>28</Geth>
	<Experience>130</Experience>
</mst_mapenemy2>
<mst_mapenemy2>
	<Id>340203</Id>
	<Maparea_id>3</Maparea_id>
	<Mapinfo_no>4</Mapinfo_no>
	<Enemy_list_id>3402</Enemy_list_id>
	<Boss>0</Boss>
	<Deck_id>3</Deck_id>
	<Deck_name>北方哨戒艦隊 B群</Deck_name>
	<Formation_id>2</Formation_id>
	<E1_id>555</E1_id>
	<E1_lv>1</E1_lv>
	<E2_id>554</E2_id>
	<E2_lv>1</E2_lv>
	<E3_id>575</E3_id>
	<E3_lv>1</E3_lv>
	<E4_id>575</E4_id>
	<E4_lv>1</E4_lv>
	<E5_id>575</E5_id>
	<E5_lv>1</E5_lv>
	<E6_id>534</E6_id>
	<E6_lv>50</E6_lv>
	<Geth>26</Geth>
	<Experience>130</Experience>
</mst_mapenemy2>
<mst_mapenemy2>
	<Id>340204</Id>
	<Maparea_id>3</Maparea_id>
	<Mapinfo_no>4</Mapinfo_no>
	<Enemy_list_id>3402</Enemy_list_id>
	<Boss>0</Boss>
	<Deck_id>4</Deck_id>
	<Deck_name>北方哨戒艦隊 B群</Deck_name>
	<Formation_id>1</Formation_id>
	<E1_id>555</E1_id>
	<E1_lv>1</E1_lv>
	<E2_id>554</E2_id>
	<E2_lv>1</E2_lv>
	<E3_id>575</E3_id>
	<E3_lv>1</E3_lv>
	<E4_id>575</E4_id>
	<E4_lv>1</E4_lv>
	<E5_id>532</E5_id>
	<E5_lv>50</E5_lv>
	<E6_id>0</E6_id>
	<E6_lv>0</E6_lv>
	<Geth>24</Geth>
	<Experience>110</Experience>
</mst_mapenemy2>
<mst_mapenemy2>
	<Id>340205</Id>
	<Maparea_id>3</Maparea_id>
	<Mapinfo_no>4</Mapinfo_no>
	<Enemy_list_id>3402</Enemy_list_id>
	<Boss>0</Boss>
	<Deck_id>5</Deck_id>
	<Deck_name>北方哨戒艦隊 B群</Deck_name>
	<Formation_id>2</Formation_id>
	<E1_id>555</E1_id>
	<E1_lv>1</E1_lv>
	<E2_id>554</E2_id>
	<E2_lv>1</E2_lv>
	<E3_id>575</E3_id>
	<E3_lv>1</E3_lv>
	<E4_id>575</E4_id>
	<E4_lv>1</E4_lv>
	<E5_id>532</E5_id>
	<E5_lv>50</E5_lv>
	<E6_id>0</E6_id>
	<E6_lv>0</E6_lv>
	<Geth>22</Geth>
	<Experience>110</Experience>
</mst_mapenemy2>
<mst_mapenemy2>
	<Id>340206</Id>
	<Maparea_id>3</Maparea_id>
	<Mapinfo_no>4</Mapinfo_no>
	<Enemy_list_id>3402</Enemy_list_id>
	<Boss>0</Boss>
	<Deck_id>6</Deck_id>
	<Deck_name>北方哨戒艦隊 B群</Deck_name>
	<Formation_id>1</Formation_id>
	<E1_id>555</E1_id>
	<E1_lv>1</E1_lv>
	<E2_id>575</E2_id>
	<E2_lv>1</E2_lv>
	<E3_id>501</E3_id>
	<E3_lv>1</E3_lv>
	<E4_id>501</E4_id>
	<E4_lv>1</E4_lv>
	<E5_id>530</E5_id>
	<E5_lv>50</E5_lv>
	<E6_id>0</E6_id>
	<E6_lv>0</E6_lv>
	<Geth>20</Geth>
	<Experience>85</Experience>
</mst_mapenemy2>
<mst_mapenemy2>
	<Id>340207</Id>
	<Maparea_id>3</Maparea_id>
	<Mapinfo_no>4</Mapinfo_no>
	<Enemy_list_id>3402</Enemy_list_id>
	<Boss>0</Boss>
	<Deck_id>7</Deck_id>
	<Deck_name>北方哨戒艦隊 B群</Deck_name>
	<Formation_id>2</Formation_id>
	<E1_id>555</E1_id>
	<E1_lv>1</E1_lv>
	<E2_id>575</E2_id>
	<E2_lv>1</E2_lv>
	<E3_id>501</E3_id>
	<E3_lv>1</E3_lv>
	<E4_id>501</E4_id>
	<E4_lv>1</E4_lv>
	<E5_id>530</E5_id>
	<E5_lv>50</E5_lv>
	<E6_id>0</E6_id>
	<E6_lv>0</E6_lv>
	<Geth>20</Geth>
	<Experience>85</Experience>
</mst_mapenemy2>
<mst_mapenemy2>
	<Id>340208</Id>
	<Maparea_id>3</Maparea_id>
	<Mapinfo_no>4</Mapinfo_no>
	<Enemy_list_id>3402</Enemy_list_id>
	<Boss>0</Boss>
	<Deck_id>8</Deck_id>
	<Deck_name>北方哨戒艦隊 B群</Deck_name>
	<Formation_id>1</Formation_id>
	<E1_id>519</E1_id>
	<E1_lv>1</E1_lv>
	<E2_id>575</E2_id>
	<E2_lv>1</E2_lv>
	<E3_id>501</E3_id>
	<E3_lv>1</E3_lv>
	<E4_id>501</E4_id>
	<E4_lv>1</E4_lv>
	<E5_id>501</E5_id>
	<E5_lv>1</E5_lv>
	<E6_id>0</E6_id>
	<E6_lv>0</E6_lv>
	<Geth>20</Geth>
	<Experience>70</Experience>
</mst_mapenemy2>
<mst_mapenemy2>
	<Id>340209</Id>
	<Maparea_id>3</Maparea_id>
	<Mapinfo_no>4</Mapinfo_no>
	<Enemy_list_id>3402</Enemy_list_id>
	<Boss>0</Boss>
	<Deck_id>9</Deck_id>
	<Deck_name>北方哨戒艦隊 B群</Deck_name>
	<Formation_id>2</Formation_id>
	<E1_id>519</E1_id>
	<E1_lv>1</E1_lv>
	<E2_id>575</E2_id>
	<E2_lv>1</E2_lv>
	<E3_id>501</E3_id>
	<E3_lv>1</E3_lv>
	<E4_id>501</E4_id>
	<E4_lv>1</E4_lv>
	<E5_id>501</E5_id>
	<E5_lv>1</E5_lv>
	<E6_id>0</E6_id>
	<E6_lv>0</E6_lv>
	<Geth>20</Geth>
	<Experience>70</Experience>
</mst_mapenemy2>
<mst_mapenemy2>
	<Id>340301</Id>
	<Maparea_id>3</Maparea_id>
	<Mapinfo_no>4</Mapinfo_no>
	<Enemy_list_id>3403</Enemy_list_id>
	<Boss>0</Boss>
	<Deck_id>1</Deck_id>
	<Deck_name>北方潜水艦隊 I群</Deck_name>
	<Formation_id>4</Formation_id>
	<E1_id>534</E1_id>
	<E1_lv>50</E1_lv>
	<E2_id>532</E2_id>
	<E2_lv>50</E2_lv>
	<E3_id>532</E3_id>
	<E3_lv>50</E3_lv>
	<E4_id>530</E4_id>
	<E4_lv>50</E4_lv>
	<E5_id>530</E5_id>
	<E5_lv>50</E5_lv>
	<E6_id>0</E6_id>
	<E6_lv>0</E6_lv>
	<Geth>24</Geth>
	<Experience>100</Experience>
</mst_mapenemy2>
<mst_mapenemy2>
	<Id>340302</Id>
	<Maparea_id>3</Maparea_id>
	<Mapinfo_no>4</Mapinfo_no>
	<Enemy_list_id>3403</Enemy_list_id>
	<Boss>0</Boss>
	<Deck_id>2</Deck_id>
	<Deck_name>北方潜水艦隊 I群</Deck_name>
	<Formation_id>4</Formation_id>
	<E1_id>534</E1_id>
	<E1_lv>50</E1_lv>
	<E2_id>532</E2_id>
	<E2_lv>50</E2_lv>
	<E3_id>530</E3_id>
	<E3_lv>50</E3_lv>
	<E4_id>530</E4_id>
	<E4_lv>50</E4_lv>
	<E5_id>530</E5_id>
	<E5_lv>50</E5_lv>
	<E6_id>0</E6_id>
	<E6_lv>0</E6_lv>
	<Geth>21</Geth>
	<Experience>90</Experience>
</mst_mapenemy2>
<mst_mapenemy2>
	<Id>340303</Id>
	<Maparea_id>3</Maparea_id>
	<Mapinfo_no>4</Mapinfo_no>
	<Enemy_list_id>3403</Enemy_list_id>
	<Boss>0</Boss>
	<Deck_id>3</Deck_id>
	<Deck_name>北方潜水艦隊 I群</Deck_name>
	<Formation_id>5</Formation_id>
	<E1_id>534</E1_id>
	<E1_lv>50</E1_lv>
	<E2_id>532</E2_id>
	<E2_lv>50</E2_lv>
	<E3_id>530</E3_id>
	<E3_lv>50</E3_lv>
	<E4_id>530</E4_id>
	<E4_lv>50</E4_lv>
	<E5_id>530</E5_id>
	<E5_lv>50</E5_lv>
	<E6_id>0</E6_id>
	<E6_lv>0</E6_lv>
	<Geth>18</Geth>
	<Experience>90</Experience>
</mst_mapenemy2>
<mst_mapenemy2>
	<Id>340304</Id>
	<Maparea_id>3</Maparea_id>
	<Mapinfo_no>4</Mapinfo_no>
	<Enemy_list_id>3403</Enemy_list_id>
	<Boss>0</Boss>
	<Deck_id>4</Deck_id>
	<Deck_name>北方潜水艦隊 I群</Deck_name>
	<Formation_id>4</Formation_id>
	<E1_id>532</E1_id>
	<E1_lv>50</E1_lv>
	<E2_id>532</E2_id>
	<E2_lv>50</E2_lv>
	<E3_id>530</E3_id>
	<E3_lv>50</E3_lv>
	<E4_id>530</E4_id>
	<E4_lv>50</E4_lv>
	<E5_id>530</E5_id>
	<E5_lv>50</E5_lv>
	<E6_id>0</E6_id>
	<E6_lv>0</E6_lv>
	<Geth>15</Geth>
	<Experience>75</Experience>
</mst_mapenemy2>
<mst_mapenemy2>
	<Id>340305</Id>
	<Maparea_id>3</Maparea_id>
	<Mapinfo_no>4</Mapinfo_no>
	<Enemy_list_id>3403</Enemy_list_id>
	<Boss>0</Boss>
	<Deck_id>5</Deck_id>
	<Deck_name>北方潜水艦隊 I群</Deck_name>
	<Formation_id>5</Formation_id>
	<E1_id>532</E1_id>
	<E1_lv>50</E1_lv>
	<E2_id>532</E2_id>
	<E2_lv>50</E2_lv>
	<E3_id>530</E3_id>
	<E3_lv>50</E3_lv>
	<E4_id>530</E4_id>
	<E4_lv>50</E4_lv>
	<E5_id>530</E5_id>
	<E5_lv>50</E5_lv>
	<E6_id>0</E6_id>
	<E6_lv>0</E6_lv>
	<Geth>15</Geth>
	<Experience>75</Experience>
</mst_mapenemy2>
<mst_mapenemy2>
	<Id>340306</Id>
	<Maparea_id>3</Maparea_id>
	<Mapinfo_no>4</Mapinfo_no>
	<Enemy_list_id>3403</Enemy_list_id>
	<Boss>0</Boss>
	<Deck_id>6</Deck_id>
	<Deck_name>北方潜水艦隊 I群</Deck_name>
	<Formation_id>4</Formation_id>
	<E1_id>532</E1_id>
	<E1_lv>50</E1_lv>
	<E2_id>530</E2_id>
	<E2_lv>50</E2_lv>
	<E3_id>530</E3_id>
	<E3_lv>50</E3_lv>
	<E4_id>530</E4_id>
	<E4_lv>50</E4_lv>
	<E5_id>530</E5_id>
	<E5_lv>50</E5_lv>
	<E6_id>0</E6_id>
	<E6_lv>0</E6_lv>
	<Geth>15</Geth>
	<Experience>60</Experience>
</mst_mapenemy2>
<mst_mapenemy2>
	<Id>340307</Id>
	<Maparea_id>3</Maparea_id>
	<Mapinfo_no>4</Mapinfo_no>
	<Enemy_list_id>3403</Enemy_list_id>
	<Boss>0</Boss>
	<Deck_id>7</Deck_id>
	<Deck_name>北方潜水艦隊 I群</Deck_name>
	<Formation_id>5</Formation_id>
	<E1_id>532</E1_id>
	<E1_lv>50</E1_lv>
	<E2_id>530</E2_id>
	<E2_lv>50</E2_lv>
	<E3_id>530</E3_id>
	<E3_lv>50</E3_lv>
	<E4_id>530</E4_id>
	<E4_lv>50</E4_lv>
	<E5_id>530</E5_id>
	<E5_lv>50</E5_lv>
	<E6_id>0</E6_id>
	<E6_lv>0</E6_lv>
	<Geth>15</Geth>
	<Experience>60</Experience>
</mst_mapenemy2>
<mst_mapenemy2>
	<Id>340308</Id>
	<Maparea_id>3</Maparea_id>
	<Mapinfo_no>4</Mapinfo_no>
	<Enemy_list_id>3403</Enemy_list_id>
	<Boss>0</Boss>
	<Deck_id>8</Deck_id>
	<Deck_name>北方潜水艦隊 I群</Deck_name>
	<Formation_id>4</Formation_id>
	<E1_id>532</E1_id>
	<E1_lv>50</E1_lv>
	<E2_id>530</E2_id>
	<E2_lv>50</E2_lv>
	<E3_id>530</E3_id>
	<E3_lv>50</E3_lv>
	<E4_id>530</E4_id>
	<E4_lv>50</E4_lv>
	<E5_id>0</E5_id>
	<E5_lv>0</E5_lv>
	<E6_id>0</E6_id>
	<E6_lv>0</E6_lv>
	<Geth>15</Geth>
	<Experience>50</Experience>
</mst_mapenemy2>
<mst_mapenemy2>
	<Id>340309</Id>
	<Maparea_id>3</Maparea_id>
	<Mapinfo_no>4</Mapinfo_no>
	<Enemy_list_id>3403</Enemy_list_id>
	<Boss>0</Boss>
	<Deck_id>9</Deck_id>
	<Deck_name>北方潜水艦隊 I群</Deck_name>
	<Formation_id>4</Formation_id>
	<E1_id>532</E1_id>
	<E1_lv>50</E1_lv>
	<E2_id>530</E2_id>
	<E2_lv>50</E2_lv>
	<E3_id>530</E3_id>
	<E3_lv>50</E3_lv>
	<E4_id>0</E4_id>
	<E4_lv>0</E4_lv>
	<E5_id>0</E5_id>
	<E5_lv>0</E5_lv>
	<E6_id>0</E6_id>
	<E6_lv>0</E6_lv>
	<Geth>15</Geth>
	<Experience>40</Experience>
</mst_mapenemy2>
<mst_mapenemy2>
	<Id>340401</Id>
	<Maparea_id>3</Maparea_id>
	<Mapinfo_no>4</Mapinfo_no>
	<Enemy_list_id>3404</Enemy_list_id>
	<Boss>0</Boss>
	<Deck_id>1</Deck_id>
	<Deck_name>北方潜水艦隊 II群</Deck_name>
	<Formation_id>4</Formation_id>
	<E1_id>534</E1_id>
	<E1_lv>50</E1_lv>
	<E2_id>533</E2_id>
	<E2_lv>50</E2_lv>
	<E3_id>533</E3_id>
	<E3_lv>50</E3_lv>
	<E4_id>532</E4_id>
	<E4_lv>50</E4_lv>
	<E5_id>532</E5_id>
	<E5_lv>50</E5_lv>
	<E6_id>0</E6_id>
	<E6_lv>0</E6_lv>
	<Geth>22</Geth>
	<Experience>120</Experience>
</mst_mapenemy2>
<mst_mapenemy2>
	<Id>340402</Id>
	<Maparea_id>3</Maparea_id>
	<Mapinfo_no>4</Mapinfo_no>
	<Enemy_list_id>3404</Enemy_list_id>
	<Boss>0</Boss>
	<Deck_id>2</Deck_id>
	<Deck_name>北方潜水艦隊 II群</Deck_name>
	<Formation_id>4</Formation_id>
	<E1_id>534</E1_id>
	<E1_lv>50</E1_lv>
	<E2_id>533</E2_id>
	<E2_lv>50</E2_lv>
	<E3_id>532</E3_id>
	<E3_lv>50</E3_lv>
	<E4_id>530</E4_id>
	<E4_lv>50</E4_lv>
	<E5_id>530</E5_id>
	<E5_lv>50</E5_lv>
	<E6_id>0</E6_id>
	<E6_lv>0</E6_lv>
	<Geth>19</Geth>
	<Experience>100</Experience>
</mst_mapenemy2>
<mst_mapenemy2>
	<Id>340403</Id>
	<Maparea_id>3</Maparea_id>
	<Mapinfo_no>4</Mapinfo_no>
	<Enemy_list_id>3404</Enemy_list_id>
	<Boss>0</Boss>
	<Deck_id>3</Deck_id>
	<Deck_name>北方潜水艦隊 II群</Deck_name>
	<Formation_id>5</Formation_id>
	<E1_id>534</E1_id>
	<E1_lv>50</E1_lv>
	<E2_id>533</E2_id>
	<E2_lv>50</E2_lv>
	<E3_id>532</E3_id>
	<E3_lv>50</E3_lv>
	<E4_id>530</E4_id>
	<E4_lv>50</E4_lv>
	<E5_id>530</E5_id>
	<E5_lv>50</E5_lv>
	<E6_id>0</E6_id>
	<E6_lv>0</E6_lv>
	<Geth>17</Geth>
	<Experience>100</Experience>
</mst_mapenemy2>
<mst_mapenemy2>
	<Id>340404</Id>
	<Maparea_id>3</Maparea_id>
	<Mapinfo_no>4</Mapinfo_no>
	<Enemy_list_id>3404</Enemy_list_id>
	<Boss>0</Boss>
	<Deck_id>4</Deck_id>
	<Deck_name>北方潜水艦隊 II群</Deck_name>
	<Formation_id>4</Formation_id>
	<E1_id>534</E1_id>
	<E1_lv>50</E1_lv>
	<E2_id>533</E2_id>
	<E2_lv>50</E2_lv>
	<E3_id>530</E3_id>
	<E3_lv>50</E3_lv>
	<E4_id>530</E4_id>
	<E4_lv>50</E4_lv>
	<E5_id>0</E5_id>
	<E5_lv>0</E5_lv>
	<E6_id>0</E6_id>
	<E6_lv>0</E6_lv>
	<Geth>15</Geth>
	<Experience>80</Experience>
</mst_mapenemy2>
<mst_mapenemy2>
	<Id>340405</Id>
	<Maparea_id>3</Maparea_id>
	<Mapinfo_no>4</Mapinfo_no>
	<Enemy_list_id>3404</Enemy_list_id>
	<Boss>0</Boss>
	<Deck_id>5</Deck_id>
	<Deck_name>北方潜水艦隊 II群</Deck_name>
	<Formation_id>5</Formation_id>
	<E1_id>534</E1_id>
	<E1_lv>50</E1_lv>
	<E2_id>533</E2_id>
	<E2_lv>50</E2_lv>
	<E3_id>530</E3_id>
	<E3_lv>50</E3_lv>
	<E4_id>530</E4_id>
	<E4_lv>50</E4_lv>
	<E5_id>0</E5_id>
	<E5_lv>0</E5_lv>
	<E6_id>0</E6_id>
	<E6_lv>0</E6_lv>
	<Geth>13</Geth>
	<Experience>80</Experience>
</mst_mapenemy2>
<mst_mapenemy2>
	<Id>340406</Id>
	<Maparea_id>3</Maparea_id>
	<Mapinfo_no>4</Mapinfo_no>
	<Enemy_list_id>3404</Enemy_list_id>
	<Boss>0</Boss>
	<Deck_id>6</Deck_id>
	<Deck_name>北方潜水艦隊 II群</Deck_name>
	<Formation_id>4</Formation_id>
	<E1_id>532</E1_id>
	<E1_lv>50</E1_lv>
	<E2_id>533</E2_id>
	<E2_lv>50</E2_lv>
	<E3_id>530</E3_id>
	<E3_lv>50</E3_lv>
	<E4_id>530</E4_id>
	<E4_lv>50</E4_lv>
	<E5_id>0</E5_id>
	<E5_lv>0</E5_lv>
	<E6_id>0</E6_id>
	<E6_lv>0</E6_lv>
	<Geth>13</Geth>
	<Experience>80</Experience>
</mst_mapenemy2>
<mst_mapenemy2>
	<Id>340407</Id>
	<Maparea_id>3</Maparea_id>
	<Mapinfo_no>4</Mapinfo_no>
	<Enemy_list_id>3404</Enemy_list_id>
	<Boss>0</Boss>
	<Deck_id>7</Deck_id>
	<Deck_name>北方潜水艦隊 II群</Deck_name>
	<Formation_id>5</Formation_id>
	<E1_id>532</E1_id>
	<E1_lv>50</E1_lv>
	<E2_id>533</E2_id>
	<E2_lv>50</E2_lv>
	<E3_id>530</E3_id>
	<E3_lv>50</E3_lv>
	<E4_id>530</E4_id>
	<E4_lv>50</E4_lv>
	<E5_id>0</E5_id>
	<E5_lv>0</E5_lv>
	<E6_id>0</E6_id>
	<E6_lv>0</E6_lv>
	<Geth>13</Geth>
	<Experience>70</Experience>
</mst_mapenemy2>
<mst_mapenemy2>
	<Id>340408</Id>
	<Maparea_id>3</Maparea_id>
	<Mapinfo_no>4</Mapinfo_no>
	<Enemy_list_id>3404</Enemy_list_id>
	<Boss>0</Boss>
	<Deck_id>8</Deck_id>
	<Deck_name>北方潜水艦隊 II群</Deck_name>
	<Formation_id>4</Formation_id>
	<E1_id>532</E1_id>
	<E1_lv>50</E1_lv>
	<E2_id>530</E2_id>
	<E2_lv>50</E2_lv>
	<E3_id>530</E3_id>
	<E3_lv>50</E3_lv>
	<E4_id>530</E4_id>
	<E4_lv>50</E4_lv>
	<E5_id>0</E5_id>
	<E5_lv>0</E5_lv>
	<E6_id>0</E6_id>
	<E6_lv>0</E6_lv>
	<Geth>13</Geth>
	<Experience>50</Experience>
</mst_mapenemy2>
<mst_mapenemy2>
	<Id>340409</Id>
	<Maparea_id>3</Maparea_id>
	<Mapinfo_no>4</Mapinfo_no>
	<Enemy_list_id>3404</Enemy_list_id>
	<Boss>0</Boss>
	<Deck_id>9</Deck_id>
	<Deck_name>北方潜水艦隊 II群</Deck_name>
	<Formation_id>4</Formation_id>
	<E1_id>532</E1_id>
	<E1_lv>50</E1_lv>
	<E2_id>530</E2_id>
	<E2_lv>50</E2_lv>
	<E3_id>530</E3_id>
	<E3_lv>50</E3_lv>
	<E4_id>0</E4_id>
	<E4_lv>0</E4_lv>
	<E5_id>0</E5_id>
	<E5_lv>0</E5_lv>
	<E6_id>0</E6_id>
	<E6_lv>0</E6_lv>
	<Geth>13</Geth>
	<Experience>40</Experience>
</mst_mapenemy2>
<mst_mapenemy2>
	<Id>340501</Id>
	<Maparea_id>3</Maparea_id>
	<Mapinfo_no>4</Mapinfo_no>
	<Enemy_list_id>3405</Enemy_list_id>
	<Boss>0</Boss>
	<Deck_id>1</Deck_id>
	<Deck_name>北方派遣戦艦部隊</Deck_name>
	<Formation_id>1</Formation_id>
	<E1_id>557</E1_id>
	<E1_lv>1</E1_lv>
	<E2_id>529</E2_id>
	<E2_lv>1</E2_lv>
	<E3_id>529</E3_id>
	<E3_lv>1</E3_lv>
	<E4_id>560</E4_id>
	<E4_lv>1</E4_lv>
	<E5_id>577</E5_id>
	<E5_lv>1</E5_lv>
	<E6_id>577</E6_id>
	<E6_lv>1</E6_lv>
	<Geth>2</Geth>
	<Experience>350</Experience>
</mst_mapenemy2>
<mst_mapenemy2>
	<Id>340502</Id>
	<Maparea_id>3</Maparea_id>
	<Mapinfo_no>4</Mapinfo_no>
	<Enemy_list_id>3405</Enemy_list_id>
	<Boss>0</Boss>
	<Deck_id>2</Deck_id>
	<Deck_name>北方派遣戦艦部隊</Deck_name>
	<Formation_id>1</Formation_id>
	<E1_id>543</E1_id>
	<E1_lv>1</E1_lv>
	<E2_id>529</E2_id>
	<E2_lv>1</E2_lv>
	<E3_id>529</E3_id>
	<E3_lv>1</E3_lv>
	<E4_id>579</E4_id>
	<E4_lv>1</E4_lv>
	<E5_id>577</E5_id>
	<E5_lv>1</E5_lv>
	<E6_id>577</E6_id>
	<E6_lv>1</E6_lv>
	<Geth>3</Geth>
	<Experience>300</Experience>
</mst_mapenemy2>
<mst_mapenemy2>
	<Id>340503</Id>
	<Maparea_id>3</Maparea_id>
	<Mapinfo_no>4</Mapinfo_no>
	<Enemy_list_id>3405</Enemy_list_id>
	<Boss>0</Boss>
	<Deck_id>3</Deck_id>
	<Deck_name>北方派遣戦艦部隊</Deck_name>
	<Formation_id>1</Formation_id>
	<E1_id>543</E1_id>
	<E1_lv>1</E1_lv>
	<E2_id>529</E2_id>
	<E2_lv>1</E2_lv>
	<E3_id>529</E3_id>
	<E3_lv>1</E3_lv>
	<E4_id>560</E4_id>
	<E4_lv>1</E4_lv>
	<E5_id>577</E5_id>
	<E5_lv>1</E5_lv>
	<E6_id>577</E6_id>
	<E6_lv>1</E6_lv>
	<Geth>4</Geth>
	<Experience>290</Experience>
</mst_mapenemy2>
<mst_mapenemy2>
	<Id>340504</Id>
	<Maparea_id>3</Maparea_id>
	<Mapinfo_no>4</Mapinfo_no>
	<Enemy_list_id>3405</Enemy_list_id>
	<Boss>0</Boss>
	<Deck_id>4</Deck_id>
	<Deck_name>北方派遣戦艦部隊</Deck_name>
	<Formation_id>1</Formation_id>
	<E1_id>543</E1_id>
	<E1_lv>1</E1_lv>
	<E2_id>529</E2_id>
	<E2_lv>1</E2_lv>
	<E3_id>529</E3_id>
	<E3_lv>1</E3_lv>
	<E4_id>560</E4_id>
	<E4_lv>1</E4_lv>
	<E5_id>576</E5_id>
	<E5_lv>1</E5_lv>
	<E6_id>576</E6_id>
	<E6_lv>1</E6_lv>
	<Geth>5</Geth>
	<Experience>280</Experience>
</mst_mapenemy2>
<mst_mapenemy2>
	<Id>340505</Id>
	<Maparea_id>3</Maparea_id>
	<Mapinfo_no>4</Mapinfo_no>
	<Enemy_list_id>3405</Enemy_list_id>
	<Boss>0</Boss>
	<Deck_id>5</Deck_id>
	<Deck_name>北方派遣戦艦部隊</Deck_name>
	<Formation_id>1</Formation_id>
	<E1_id>543</E1_id>
	<E1_lv>1</E1_lv>
	<E2_id>524</E2_id>
	<E2_lv>1</E2_lv>
	<E3_id>524</E3_id>
	<E3_lv>1</E3_lv>
	<E4_id>523</E4_id>
	<E4_lv>1</E4_lv>
	<E5_id>575</E5_id>
	<E5_lv>1</E5_lv>
	<E6_id>575</E6_id>
	<E6_lv>1</E6_lv>
	<Geth>6</Geth>
	<Experience>220</Experience>
</mst_mapenemy2>
<mst_mapenemy2>
	<Id>340506</Id>
	<Maparea_id>3</Maparea_id>
	<Mapinfo_no>4</Mapinfo_no>
	<Enemy_list_id>3405</Enemy_list_id>
	<Boss>0</Boss>
	<Deck_id>6</Deck_id>
	<Deck_name>北方派遣戦艦部隊</Deck_name>
	<Formation_id>2</Formation_id>
	<E1_id>543</E1_id>
	<E1_lv>1</E1_lv>
	<E2_id>524</E2_id>
	<E2_lv>1</E2_lv>
	<E3_id>524</E3_id>
	<E3_lv>1</E3_lv>
	<E4_id>523</E4_id>
	<E4_lv>1</E4_lv>
	<E5_id>575</E5_id>
	<E5_lv>1</E5_lv>
	<E6_id>575</E6_id>
	<E6_lv>1</E6_lv>
	<Geth>7</Geth>
	<Experience>220</Experience>
</mst_mapenemy2>
<mst_mapenemy2>
	<Id>340507</Id>
	<Maparea_id>3</Maparea_id>
	<Mapinfo_no>4</Mapinfo_no>
	<Enemy_list_id>3405</Enemy_list_id>
	<Boss>0</Boss>
	<Deck_id>7</Deck_id>
	<Deck_name>北方派遣戦艦部隊</Deck_name>
	<Formation_id>2</Formation_id>
	<E1_id>542</E1_id>
	<E1_lv>1</E1_lv>
	<E2_id>524</E2_id>
	<E2_lv>1</E2_lv>
	<E3_id>524</E3_id>
	<E3_lv>1</E3_lv>
	<E4_id>510</E4_id>
	<E4_lv>1</E4_lv>
	<E5_id>575</E5_id>
	<E5_lv>1</E5_lv>
	<E6_id>575</E6_id>
	<E6_lv>1</E6_lv>
	<Geth>8</Geth>
	<Experience>190</Experience>
</mst_mapenemy2>
<mst_mapenemy2>
	<Id>340508</Id>
	<Maparea_id>3</Maparea_id>
	<Mapinfo_no>4</Mapinfo_no>
	<Enemy_list_id>3405</Enemy_list_id>
	<Boss>0</Boss>
	<Deck_id>8</Deck_id>
	<Deck_name>北方派遣戦艦部隊</Deck_name>
	<Formation_id>2</Formation_id>
	<E1_id>542</E1_id>
	<E1_lv>1</E1_lv>
	<E2_id>524</E2_id>
	<E2_lv>1</E2_lv>
	<E3_id>524</E3_id>
	<E3_lv>1</E3_lv>
	<E4_id>510</E4_id>
	<E4_lv>1</E4_lv>
	<E5_id>501</E5_id>
	<E5_lv>1</E5_lv>
	<E6_id>501</E6_id>
	<E6_lv>1</E6_lv>
	<Geth>9</Geth>
	<Experience>170</Experience>
</mst_mapenemy2>
<mst_mapenemy2>
	<Id>340509</Id>
	<Maparea_id>3</Maparea_id>
	<Mapinfo_no>4</Mapinfo_no>
	<Enemy_list_id>3405</Enemy_list_id>
	<Boss>0</Boss>
	<Deck_id>9</Deck_id>
	<Deck_name>北方派遣戦艦部隊</Deck_name>
	<Formation_id>2</Formation_id>
	<E1_id>542</E1_id>
	<E1_lv>1</E1_lv>
	<E2_id>524</E2_id>
	<E2_lv>1</E2_lv>
	<E3_id>524</E3_id>
	<E3_lv>1</E3_lv>
	<E4_id>501</E4_id>
	<E4_lv>1</E4_lv>
	<E5_id>501</E5_id>
	<E5_lv>1</E5_lv>
	<E6_id>0</E6_id>
	<E6_lv>0</E6_lv>
	<Geth>10</Geth>
	<Experience>150</Experience>
</mst_mapenemy2>
<mst_mapenemy2>
	<Id>340601</Id>
	<Maparea_id>3</Maparea_id>
	<Mapinfo_no>4</Mapinfo_no>
	<Enemy_list_id>3406</Enemy_list_id>
	<Boss>0</Boss>
	<Deck_id>1</Deck_id>
	<Deck_name>北方派遣任務部隊</Deck_name>
	<Formation_id>3</Formation_id>
	<E1_id>586</E1_id>
	<E1_lv>1</E1_lv>
	<E2_id>579</E2_id>
	<E2_lv>1</E2_lv>
	<E3_id>579</E3_id>
	<E3_lv>1</E3_lv>
	<E4_id>591</E4_id>
	<E4_lv>1</E4_lv>
	<E5_id>576</E5_id>
	<E5_lv>1</E5_lv>
	<E6_id>576</E6_id>
	<E6_lv>1</E6_lv>
	<Geth>0</Geth>
	<Experience>350</Experience>
</mst_mapenemy2>
<mst_mapenemy2>
	<Id>340602</Id>
	<Maparea_id>3</Maparea_id>
	<Mapinfo_no>4</Mapinfo_no>
	<Enemy_list_id>3406</Enemy_list_id>
	<Boss>0</Boss>
	<Deck_id>2</Deck_id>
	<Deck_name>北方派遣任務部隊</Deck_name>
	<Formation_id>3</Formation_id>
	<E1_id>585</E1_id>
	<E1_lv>1</E1_lv>
	<E2_id>579</E2_id>
	<E2_lv>1</E2_lv>
	<E3_id>579</E3_id>
	<E3_lv>1</E3_lv>
	<E4_id>591</E4_id>
	<E4_lv>1</E4_lv>
	<E5_id>576</E5_id>
	<E5_lv>1</E5_lv>
	<E6_id>576</E6_id>
	<E6_lv>1</E6_lv>
	<Geth>0</Geth>
	<Experience>320</Experience>
</mst_mapenemy2>
<mst_mapenemy2>
	<Id>340603</Id>
	<Maparea_id>3</Maparea_id>
	<Mapinfo_no>4</Mapinfo_no>
	<Enemy_list_id>3406</Enemy_list_id>
	<Boss>0</Boss>
	<Deck_id>3</Deck_id>
	<Deck_name>北方派遣任務部隊</Deck_name>
	<Formation_id>3</Formation_id>
	<E1_id>585</E1_id>
	<E1_lv>1</E1_lv>
	<E2_id>579</E2_id>
	<E2_lv>1</E2_lv>
	<E3_id>528</E3_id>
	<E3_lv>1</E3_lv>
	<E4_id>591</E4_id>
	<E4_lv>1</E4_lv>
	<E5_id>576</E5_id>
	<E5_lv>1</E5_lv>
	<E6_id>576</E6_id>
	<E6_lv>1</E6_lv>
	<Geth>0</Geth>
	<Experience>300</Experience>
</mst_mapenemy2>
<mst_mapenemy2>
	<Id>340604</Id>
	<Maparea_id>3</Maparea_id>
	<Mapinfo_no>4</Mapinfo_no>
	<Enemy_list_id>3406</Enemy_list_id>
	<Boss>0</Boss>
	<Deck_id>4</Deck_id>
	<Deck_name>北方派遣任務部隊</Deck_name>
	<Formation_id>3</Formation_id>
	<E1_id>585</E1_id>
	<E1_lv>1</E1_lv>
	<E2_id>528</E2_id>
	<E2_lv>1</E2_lv>
	<E3_id>528</E3_id>
	<E3_lv>1</E3_lv>
	<E4_id>591</E4_id>
	<E4_lv>1</E4_lv>
	<E5_id>575</E5_id>
	<E5_lv>1</E5_lv>
	<E6_id>575</E6_id>
	<E6_lv>1</E6_lv>
	<Geth>0</Geth>
	<Experience>260</Experience>
</mst_mapenemy2>
<mst_mapenemy2>
	<Id>340605</Id>
	<Maparea_id>3</Maparea_id>
	<Mapinfo_no>4</Mapinfo_no>
	<Enemy_list_id>3406</Enemy_list_id>
	<Boss>0</Boss>
	<Deck_id>5</Deck_id>
	<Deck_name>北方派遣任務部隊</Deck_name>
	<Formation_id>3</Formation_id>
	<E1_id>585</E1_id>
	<E1_lv>1</E1_lv>
	<E2_id>528</E2_id>
	<E2_lv>1</E2_lv>
	<E3_id>528</E3_id>
	<E3_lv>1</E3_lv>
	<E4_id>591</E4_id>
	<E4_lv>1</E4_lv>
	<E5_id>501</E5_id>
	<E5_lv>1</E5_lv>
	<E6_id>501</E6_id>
	<E6_lv>1</E6_lv>
	<Geth>1</Geth>
	<Experience>240</Experience>
</mst_mapenemy2>
<mst_mapenemy2>
	<Id>340606</Id>
	<Maparea_id>3</Maparea_id>
	<Mapinfo_no>4</Mapinfo_no>
	<Enemy_list_id>3406</Enemy_list_id>
	<Boss>0</Boss>
	<Deck_id>6</Deck_id>
	<Deck_name>北方派遣任務部隊</Deck_name>
	<Formation_id>3</Formation_id>
	<E1_id>585</E1_id>
	<E1_lv>1</E1_lv>
	<E2_id>525</E2_id>
	<E2_lv>1</E2_lv>
	<E3_id>525</E3_id>
	<E3_lv>1</E3_lv>
	<E4_id>519</E4_id>
	<E4_lv>1</E4_lv>
	<E5_id>501</E5_id>
	<E5_lv>1</E5_lv>
	<E6_id>501</E6_id>
	<E6_lv>1</E6_lv>
	<Geth>2</Geth>
	<Experience>200</Experience>
</mst_mapenemy2>
<mst_mapenemy2>
	<Id>340607</Id>
	<Maparea_id>3</Maparea_id>
	<Mapinfo_no>4</Mapinfo_no>
	<Enemy_list_id>3406</Enemy_list_id>
	<Boss>0</Boss>
	<Deck_id>7</Deck_id>
	<Deck_name>北方派遣任務部隊</Deck_name>
	<Formation_id>3</Formation_id>
	<E1_id>528</E1_id>
	<E1_lv>1</E1_lv>
	<E2_id>525</E2_id>
	<E2_lv>1</E2_lv>
	<E3_id>525</E3_id>
	<E3_lv>1</E3_lv>
	<E4_id>519</E4_id>
	<E4_lv>1</E4_lv>
	<E5_id>501</E5_id>
	<E5_lv>1</E5_lv>
	<E6_id>501</E6_id>
	<E6_lv>1</E6_lv>
	<Geth>3</Geth>
	<Experience>170</Experience>
</mst_mapenemy2>
<mst_mapenemy2>
	<Id>340608</Id>
	<Maparea_id>3</Maparea_id>
	<Mapinfo_no>4</Mapinfo_no>
	<Enemy_list_id>3406</Enemy_list_id>
	<Boss>0</Boss>
	<Deck_id>8</Deck_id>
	<Deck_name>北方派遣任務部隊</Deck_name>
	<Formation_id>3</Formation_id>
	<E1_id>525</E1_id>
	<E1_lv>1</E1_lv>
	<E2_id>525</E2_id>
	<E2_lv>1</E2_lv>
	<E3_id>525</E3_id>
	<E3_lv>1</E3_lv>
	<E4_id>505</E4_id>
	<E4_lv>1</E4_lv>
	<E5_id>501</E5_id>
	<E5_lv>1</E5_lv>
	<E6_id>501</E6_id>
	<E6_lv>1</E6_lv>
	<Geth>4</Geth>
	<Experience>140</Experience>
</mst_mapenemy2>
<mst_mapenemy2>
	<Id>340609</Id>
	<Maparea_id>3</Maparea_id>
	<Mapinfo_no>4</Mapinfo_no>
	<Enemy_list_id>3406</Enemy_list_id>
	<Boss>0</Boss>
	<Deck_id>9</Deck_id>
	<Deck_name>北方派遣任務部隊</Deck_name>
	<Formation_id>3</Formation_id>
	<E1_id>525</E1_id>
	<E1_lv>1</E1_lv>
	<E2_id>525</E2_id>
	<E2_lv>1</E2_lv>
	<E3_id>505</E3_id>
	<E3_lv>1</E3_lv>
	<E4_id>501</E4_id>
	<E4_lv>1</E4_lv>
	<E5_id>501</E5_id>
	<E5_lv>1</E5_lv>
	<E6_id>0</E6_id>
	<E6_lv>0</E6_lv>
	<Geth>5</Geth>
	<Experience>120</Experience>
</mst_mapenemy2>
<mst_mapenemy2>
	<Id>340701</Id>
	<Maparea_id>3</Maparea_id>
	<Mapinfo_no>4</Mapinfo_no>
	<Enemy_list_id>3407</Enemy_list_id>
	<Boss>0</Boss>
	<Deck_id>1</Deck_id>
	<Deck_name>北方巡洋戦隊</Deck_name>
	<Formation_id>1</Formation_id>
	<E1_id>601</E1_id>
	<E1_lv>1</E1_lv>
	<E2_id>527</E2_id>
	<E2_lv>1</E2_lv>
	<E3_id>527</E3_id>
	<E3_lv>1</E3_lv>
	<E4_id>555</E4_id>
	<E4_lv>1</E4_lv>
	<E5_id>576</E5_id>
	<E5_lv>1</E5_lv>
	<E6_id>576</E6_id>
	<E6_lv>1</E6_lv>
	<Geth>15</Geth>
	<Experience>220</Experience>
</mst_mapenemy2>
<mst_mapenemy2>
	<Id>340702</Id>
	<Maparea_id>3</Maparea_id>
	<Mapinfo_no>4</Mapinfo_no>
	<Enemy_list_id>3407</Enemy_list_id>
	<Boss>0</Boss>
	<Deck_id>2</Deck_id>
	<Deck_name>北方巡洋戦隊</Deck_name>
	<Formation_id>1</Formation_id>
	<E1_id>601</E1_id>
	<E1_lv>1</E1_lv>
	<E2_id>527</E2_id>
	<E2_lv>1</E2_lv>
	<E3_id>527</E3_id>
	<E3_lv>1</E3_lv>
	<E4_id>555</E4_id>
	<E4_lv>1</E4_lv>
	<E5_id>575</E5_id>
	<E5_lv>1</E5_lv>
	<E6_id>575</E6_id>
	<E6_lv>1</E6_lv>
	<Geth>14</Geth>
	<Experience>200</Experience>
</mst_mapenemy2>
<mst_mapenemy2>
	<Id>340703</Id>
	<Maparea_id>3</Maparea_id>
	<Mapinfo_no>4</Mapinfo_no>
	<Enemy_list_id>3407</Enemy_list_id>
	<Boss>0</Boss>
	<Deck_id>3</Deck_id>
	<Deck_name>北方巡洋戦隊</Deck_name>
	<Formation_id>1</Formation_id>
	<E1_id>527</E1_id>
	<E1_lv>1</E1_lv>
	<E2_id>527</E2_id>
	<E2_lv>1</E2_lv>
	<E3_id>555</E3_id>
	<E3_lv>1</E3_lv>
	<E4_id>554</E4_id>
	<E4_lv>1</E4_lv>
	<E5_id>575</E5_id>
	<E5_lv>1</E5_lv>
	<E6_id>575</E6_id>
	<E6_lv>1</E6_lv>
	<Geth>13</Geth>
	<Experience>150</Experience>
</mst_mapenemy2>
<mst_mapenemy2>
	<Id>340704</Id>
	<Maparea_id>3</Maparea_id>
	<Mapinfo_no>4</Mapinfo_no>
	<Enemy_list_id>3407</Enemy_list_id>
	<Boss>0</Boss>
	<Deck_id>4</Deck_id>
	<Deck_name>北方巡洋戦隊</Deck_name>
	<Formation_id>1</Formation_id>
	<E1_id>527</E1_id>
	<E1_lv>1</E1_lv>
	<E2_id>527</E2_id>
	<E2_lv>1</E2_lv>
	<E3_id>554</E3_id>
	<E3_lv>1</E3_lv>
	<E4_id>575</E4_id>
	<E4_lv>1</E4_lv>
	<E5_id>501</E5_id>
	<E5_lv>1</E5_lv>
	<E6_id>501</E6_id>
	<E6_lv>1</E6_lv>
	<Geth>12</Geth>
	<Experience>125</Experience>
</mst_mapenemy2>
<mst_mapenemy2>
	<Id>340705</Id>
	<Maparea_id>3</Maparea_id>
	<Mapinfo_no>4</Mapinfo_no>
	<Enemy_list_id>3407</Enemy_list_id>
	<Boss>0</Boss>
	<Deck_id>5</Deck_id>
	<Deck_name>北方巡洋戦隊</Deck_name>
	<Formation_id>2</Formation_id>
	<E1_id>527</E1_id>
	<E1_lv>1</E1_lv>
	<E2_id>527</E2_id>
	<E2_lv>1</E2_lv>
	<E3_id>554</E3_id>
	<E3_lv>1</E3_lv>
	<E4_id>575</E4_id>
	<E4_lv>1</E4_lv>
	<E5_id>501</E5_id>
	<E5_lv>1</E5_lv>
	<E6_id>501</E6_id>
	<E6_lv>1</E6_lv>
	<Geth>11</Geth>
	<Experience>125</Experience>
</mst_mapenemy2>
<mst_mapenemy2>
	<Id>340706</Id>
	<Maparea_id>3</Maparea_id>
	<Mapinfo_no>4</Mapinfo_no>
	<Enemy_list_id>3407</Enemy_list_id>
	<Boss>0</Boss>
	<Deck_id>6</Deck_id>
	<Deck_name>北方巡洋戦隊</Deck_name>
	<Formation_id>1</Formation_id>
	<E1_id>527</E1_id>
	<E1_lv>1</E1_lv>
	<E2_id>522</E2_id>
	<E2_lv>1</E2_lv>
	<E3_id>518</E3_id>
	<E3_lv>1</E3_lv>
	<E4_id>575</E4_id>
	<E4_lv>1</E4_lv>
	<E5_id>501</E5_id>
	<E5_lv>1</E5_lv>
	<E6_id>501</E6_id>
	<E6_lv>1</E6_lv>
	<Geth>10</Geth>
	<Experience>115</Experience>
</mst_mapenemy2>
<mst_mapenemy2>
	<Id>340707</Id>
	<Maparea_id>3</Maparea_id>
	<Mapinfo_no>4</Mapinfo_no>
	<Enemy_list_id>3407</Enemy_list_id>
	<Boss>0</Boss>
	<Deck_id>7</Deck_id>
	<Deck_name>北方巡洋戦隊</Deck_name>
	<Formation_id>2</Formation_id>
	<E1_id>527</E1_id>
	<E1_lv>1</E1_lv>
	<E2_id>522</E2_id>
	<E2_lv>1</E2_lv>
	<E3_id>518</E3_id>
	<E3_lv>1</E3_lv>
	<E4_id>575</E4_id>
	<E4_lv>1</E4_lv>
	<E5_id>501</E5_id>
	<E5_lv>1</E5_lv>
	<E6_id>501</E6_id>
	<E6_lv>1</E6_lv>
	<Geth>9</Geth>
	<Experience>115</Experience>
</mst_mapenemy2>
<mst_mapenemy2>
	<Id>340708</Id>
	<Maparea_id>3</Maparea_id>
	<Mapinfo_no>4</Mapinfo_no>
	<Enemy_list_id>3407</Enemy_list_id>
	<Boss>0</Boss>
	<Deck_id>8</Deck_id>
	<Deck_name>北方巡洋戦隊</Deck_name>
	<Formation_id>2</Formation_id>
	<E1_id>522</E1_id>
	<E1_lv>1</E1_lv>
	<E2_id>522</E2_id>
	<E2_lv>1</E2_lv>
	<E3_id>518</E3_id>
	<E3_lv>1</E3_lv>
	<E4_id>501</E4_id>
	<E4_lv>1</E4_lv>
	<E5_id>501</E5_id>
	<E5_lv>1</E5_lv>
	<E6_id>501</E6_id>
	<E6_lv>1</E6_lv>
	<Geth>8</Geth>
	<Experience>105</Experience>
</mst_mapenemy2>
<mst_mapenemy2>
	<Id>340709</Id>
	<Maparea_id>3</Maparea_id>
	<Mapinfo_no>4</Mapinfo_no>
	<Enemy_list_id>3407</Enemy_list_id>
	<Boss>0</Boss>
	<Deck_id>9</Deck_id>
	<Deck_name>北方巡洋戦隊</Deck_name>
	<Formation_id>2</Formation_id>
	<E1_id>522</E1_id>
	<E1_lv>1</E1_lv>
	<E2_id>522</E2_id>
	<E2_lv>1</E2_lv>
	<E3_id>505</E3_id>
	<E3_lv>1</E3_lv>
	<E4_id>501</E4_id>
	<E4_lv>1</E4_lv>
	<E5_id>501</E5_id>
	<E5_lv>1</E5_lv>
	<E6_id>501</E6_id>
	<E6_lv>1</E6_lv>
	<Geth>7</Geth>
	<Experience>100</Experience>
</mst_mapenemy2>
<mst_mapenemy2>
	<Id>340801</Id>
	<Maparea_id>3</Maparea_id>
	<Mapinfo_no>4</Mapinfo_no>
	<Enemy_list_id>3408</Enemy_list_id>
	<Boss>0</Boss>
	<Deck_id>1</Deck_id>
	<Deck_name>北方水上打撃部隊</Deck_name>
	<Formation_id>1</Formation_id>
	<E1_id>529</E1_id>
	<E1_lv>1</E1_lv>
	<E2_id>529</E2_id>
	<E2_lv>1</E2_lv>
	<E3_id>527</E3_id>
	<E3_lv>1</E3_lv>
	<E4_id>555</E4_id>
	<E4_lv>1</E4_lv>
	<E5_id>576</E5_id>
	<E5_lv>1</E5_lv>
	<E6_id>576</E6_id>
	<E6_lv>1</E6_lv>
	<Geth>0</Geth>
	<Experience>200</Experience>
</mst_mapenemy2>
<mst_mapenemy2>
	<Id>340802</Id>
	<Maparea_id>3</Maparea_id>
	<Mapinfo_no>4</Mapinfo_no>
	<Enemy_list_id>3408</Enemy_list_id>
	<Boss>0</Boss>
	<Deck_id>2</Deck_id>
	<Deck_name>北方水上打撃部隊</Deck_name>
	<Formation_id>2</Formation_id>
	<E1_id>529</E1_id>
	<E1_lv>1</E1_lv>
	<E2_id>529</E2_id>
	<E2_lv>1</E2_lv>
	<E3_id>527</E3_id>
	<E3_lv>1</E3_lv>
	<E4_id>555</E4_id>
	<E4_lv>1</E4_lv>
	<E5_id>576</E5_id>
	<E5_lv>1</E5_lv>
	<E6_id>576</E6_id>
	<E6_lv>1</E6_lv>
	<Geth>0</Geth>
	<Experience>200</Experience>
</mst_mapenemy2>
<mst_mapenemy2>
	<Id>340803</Id>
	<Maparea_id>3</Maparea_id>
	<Mapinfo_no>4</Mapinfo_no>
	<Enemy_list_id>3408</Enemy_list_id>
	<Boss>0</Boss>
	<Deck_id>3</Deck_id>
	<Deck_name>北方水上打撃部隊</Deck_name>
	<Formation_id>1</Formation_id>
	<E1_id>529</E1_id>
	<E1_lv>1</E1_lv>
	<E2_id>527</E2_id>
	<E2_lv>1</E2_lv>
	<E3_id>527</E3_id>
	<E3_lv>1</E3_lv>
	<E4_id>555</E4_id>
	<E4_lv>1</E4_lv>
	<E5_id>575</E5_id>
	<E5_lv>1</E5_lv>
	<E6_id>575</E6_id>
	<E6_lv>1</E6_lv>
	<Geth>0</Geth>
	<Experience>190</Experience>
</mst_mapenemy2>
<mst_mapenemy2>
	<Id>340804</Id>
	<Maparea_id>3</Maparea_id>
	<Mapinfo_no>4</Mapinfo_no>
	<Enemy_list_id>3408</Enemy_list_id>
	<Boss>0</Boss>
	<Deck_id>4</Deck_id>
	<Deck_name>北方水上打撃部隊</Deck_name>
	<Formation_id>2</Formation_id>
	<E1_id>529</E1_id>
	<E1_lv>1</E1_lv>
	<E2_id>527</E2_id>
	<E2_lv>1</E2_lv>
	<E3_id>527</E3_id>
	<E3_lv>1</E3_lv>
	<E4_id>555</E4_id>
	<E4_lv>1</E4_lv>
	<E5_id>575</E5_id>
	<E5_lv>1</E5_lv>
	<E6_id>575</E6_id>
	<E6_lv>1</E6_lv>
	<Geth>1</Geth>
	<Experience>190</Experience>
</mst_mapenemy2>
<mst_mapenemy2>
	<Id>340805</Id>
	<Maparea_id>3</Maparea_id>
	<Mapinfo_no>4</Mapinfo_no>
	<Enemy_list_id>3408</Enemy_list_id>
	<Boss>0</Boss>
	<Deck_id>5</Deck_id>
	<Deck_name>北方水上打撃部隊</Deck_name>
	<Formation_id>1</Formation_id>
	<E1_id>529</E1_id>
	<E1_lv>1</E1_lv>
	<E2_id>527</E2_id>
	<E2_lv>1</E2_lv>
	<E3_id>522</E3_id>
	<E3_lv>1</E3_lv>
	<E4_id>519</E4_id>
	<E4_lv>1</E4_lv>
	<E5_id>575</E5_id>
	<E5_lv>1</E5_lv>
	<E6_id>575</E6_id>
	<E6_lv>1</E6_lv>
	<Geth>1</Geth>
	<Experience>150</Experience>
</mst_mapenemy2>
<mst_mapenemy2>
	<Id>340806</Id>
	<Maparea_id>3</Maparea_id>
	<Mapinfo_no>4</Mapinfo_no>
	<Enemy_list_id>3408</Enemy_list_id>
	<Boss>0</Boss>
	<Deck_id>6</Deck_id>
	<Deck_name>北方水上打撃部隊</Deck_name>
	<Formation_id>2</Formation_id>
	<E1_id>529</E1_id>
	<E1_lv>1</E1_lv>
	<E2_id>527</E2_id>
	<E2_lv>1</E2_lv>
	<E3_id>522</E3_id>
	<E3_lv>1</E3_lv>
	<E4_id>519</E4_id>
	<E4_lv>1</E4_lv>
	<E5_id>575</E5_id>
	<E5_lv>1</E5_lv>
	<E6_id>575</E6_id>
	<E6_lv>1</E6_lv>
	<Geth>2</Geth>
	<Experience>150</Experience>
</mst_mapenemy2>
<mst_mapenemy2>
	<Id>340807</Id>
	<Maparea_id>3</Maparea_id>
	<Mapinfo_no>4</Mapinfo_no>
	<Enemy_list_id>3408</Enemy_list_id>
	<Boss>0</Boss>
	<Deck_id>7</Deck_id>
	<Deck_name>北方水上打撃部隊</Deck_name>
	<Formation_id>2</Formation_id>
	<E1_id>529</E1_id>
	<E1_lv>1</E1_lv>
	<E2_id>522</E2_id>
	<E2_lv>1</E2_lv>
	<E3_id>522</E3_id>
	<E3_lv>1</E3_lv>
	<E4_id>519</E4_id>
	<E4_lv>1</E4_lv>
	<E5_id>501</E5_id>
	<E5_lv>1</E5_lv>
	<E6_id>501</E6_id>
	<E6_lv>1</E6_lv>
	<Geth>3</Geth>
	<Experience>130</Experience>
</mst_mapenemy2>
<mst_mapenemy2>
	<Id>340808</Id>
	<Maparea_id>3</Maparea_id>
	<Mapinfo_no>4</Mapinfo_no>
	<Enemy_list_id>3408</Enemy_list_id>
	<Boss>0</Boss>
	<Deck_id>8</Deck_id>
	<Deck_name>北方水上打撃部隊</Deck_name>
	<Formation_id>2</Formation_id>
	<E1_id>529</E1_id>
	<E1_lv>1</E1_lv>
	<E2_id>522</E2_id>
	<E2_lv>1</E2_lv>
	<E3_id>522</E3_id>
	<E3_lv>1</E3_lv>
	<E4_id>505</E4_id>
	<E4_lv>1</E4_lv>
	<E5_id>501</E5_id>
	<E5_lv>1</E5_lv>
	<E6_id>501</E6_id>
	<E6_lv>1</E6_lv>
	<Geth>4</Geth>
	<Experience>120</Experience>
</mst_mapenemy2>
<mst_mapenemy2>
	<Id>340809</Id>
	<Maparea_id>3</Maparea_id>
	<Mapinfo_no>4</Mapinfo_no>
	<Enemy_list_id>3408</Enemy_list_id>
	<Boss>0</Boss>
	<Deck_id>9</Deck_id>
	<Deck_name>北方水上打撃部隊</Deck_name>
	<Formation_id>2</Formation_id>
	<E1_id>524</E1_id>
	<E1_lv>1</E1_lv>
	<E2_id>522</E2_id>
	<E2_lv>1</E2_lv>
	<E3_id>522</E3_id>
	<E3_lv>1</E3_lv>
	<E4_id>501</E4_id>
	<E4_lv>1</E4_lv>
	<E5_id>501</E5_id>
	<E5_lv>1</E5_lv>
	<E6_id>0</E6_id>
	<E6_lv>0</E6_lv>
	<Geth>5</Geth>
	<Experience>100</Experience>
</mst_mapenemy2>
<mst_mapenemy2>
	<Id>340901</Id>
	<Maparea_id>3</Maparea_id>
	<Mapinfo_no>4</Mapinfo_no>
	<Enemy_list_id>3409</Enemy_list_id>
	<Boss>1</Boss>
	<Deck_id>1</Deck_id>
	<Deck_name>北方主力艦隊旗艦</Deck_name>
	<Formation_id>3</Formation_id>
	<E1_id>586</E1_id>
	<E1_lv>1</E1_lv>
	<E2_id>591</E2_id>
	<E2_lv>1</E2_lv>
	<E3_id>591</E3_id>
	<E3_lv>1</E3_lv>
	<E4_id>576</E4_id>
	<E4_lv>1</E4_lv>
	<E5_id>576</E5_id>
	<E5_lv>1</E5_lv>
	<E6_id>576</E6_id>
	<E6_lv>1</E6_lv>
	<Geth>0</Geth>
	<Experience>300</Experience>
</mst_mapenemy2>
<mst_mapenemy2>
	<Id>340902</Id>
	<Maparea_id>3</Maparea_id>
	<Mapinfo_no>4</Mapinfo_no>
	<Enemy_list_id>3409</Enemy_list_id>
	<Boss>1</Boss>
	<Deck_id>2</Deck_id>
	<Deck_name>北方主力艦隊旗艦</Deck_name>
	<Formation_id>3</Formation_id>
	<E1_id>585</E1_id>
	<E1_lv>1</E1_lv>
	<E2_id>591</E2_id>
	<E2_lv>1</E2_lv>
	<E3_id>591</E3_id>
	<E3_lv>1</E3_lv>
	<E4_id>576</E4_id>
	<E4_lv>1</E4_lv>
	<E5_id>575</E5_id>
	<E5_lv>1</E5_lv>
	<E6_id>575</E6_id>
	<E6_lv>1</E6_lv>
	<Geth>0</Geth>
	<Experience>260</Experience>
</mst_mapenemy2>
<mst_mapenemy2>
	<Id>340903</Id>
	<Maparea_id>3</Maparea_id>
	<Mapinfo_no>4</Mapinfo_no>
	<Enemy_list_id>3409</Enemy_list_id>
	<Boss>1</Boss>
	<Deck_id>3</Deck_id>
	<Deck_name>北方主力艦隊旗艦</Deck_name>
	<Formation_id>3</Formation_id>
	<E1_id>579</E1_id>
	<E1_lv>1</E1_lv>
	<E2_id>591</E2_id>
	<E2_lv>1</E2_lv>
	<E3_id>591</E3_id>
	<E3_lv>1</E3_lv>
	<E4_id>576</E4_id>
	<E4_lv>1</E4_lv>
	<E5_id>575</E5_id>
	<E5_lv>1</E5_lv>
	<E6_id>575</E6_id>
	<E6_lv>1</E6_lv>
	<Geth>1</Geth>
	<Experience>220</Experience>
</mst_mapenemy2>
<mst_mapenemy2>
	<Id>340904</Id>
	<Maparea_id>3</Maparea_id>
	<Mapinfo_no>4</Mapinfo_no>
	<Enemy_list_id>3409</Enemy_list_id>
	<Boss>1</Boss>
	<Deck_id>4</Deck_id>
	<Deck_name>北方主力艦隊旗艦</Deck_name>
	<Formation_id>3</Formation_id>
	<E1_id>579</E1_id>
	<E1_lv>1</E1_lv>
	<E2_id>591</E2_id>
	<E2_lv>1</E2_lv>
	<E3_id>576</E3_id>
	<E3_lv>1</E3_lv>
	<E4_id>575</E4_id>
	<E4_lv>1</E4_lv>
	<E5_id>575</E5_id>
	<E5_lv>1</E5_lv>
	<E6_id>575</E6_id>
	<E6_lv>1</E6_lv>
	<Geth>1</Geth>
	<Experience>200</Experience>
</mst_mapenemy2>
<mst_mapenemy2>
	<Id>340905</Id>
	<Maparea_id>3</Maparea_id>
	<Mapinfo_no>4</Mapinfo_no>
	<Enemy_list_id>3409</Enemy_list_id>
	<Boss>1</Boss>
	<Deck_id>5</Deck_id>
	<Deck_name>北方主力艦隊旗艦</Deck_name>
	<Formation_id>3</Formation_id>
	<E1_id>579</E1_id>
	<E1_lv>1</E1_lv>
	<E2_id>591</E2_id>
	<E2_lv>1</E2_lv>
	<E3_id>575</E3_id>
	<E3_lv>1</E3_lv>
	<E4_id>575</E4_id>
	<E4_lv>1</E4_lv>
	<E5_id>501</E5_id>
	<E5_lv>1</E5_lv>
	<E6_id>501</E6_id>
	<E6_lv>1</E6_lv>
	<Geth>2</Geth>
	<Experience>180</Experience>
</mst_mapenemy2>
<mst_mapenemy2>
	<Id>340906</Id>
	<Maparea_id>3</Maparea_id>
	<Mapinfo_no>4</Mapinfo_no>
	<Enemy_list_id>3409</Enemy_list_id>
	<Boss>1</Boss>
	<Deck_id>6</Deck_id>
	<Deck_name>北方主力艦隊旗艦</Deck_name>
	<Formation_id>3</Formation_id>
	<E1_id>579</E1_id>
	<E1_lv>1</E1_lv>
	<E2_id>591</E2_id>
	<E2_lv>1</E2_lv>
	<E3_id>575</E3_id>
	<E3_lv>1</E3_lv>
	<E4_id>501</E4_id>
	<E4_lv>1</E4_lv>
	<E5_id>501</E5_id>
	<E5_lv>1</E5_lv>
	<E6_id>501</E6_id>
	<E6_lv>1</E6_lv>
	<Geth>2</Geth>
	<Experience>170</Experience>
</mst_mapenemy2>
<mst_mapenemy2>
	<Id>340907</Id>
	<Maparea_id>3</Maparea_id>
	<Mapinfo_no>4</Mapinfo_no>
	<Enemy_list_id>3409</Enemy_list_id>
	<Boss>1</Boss>
	<Deck_id>7</Deck_id>
	<Deck_name>北方主力艦隊旗艦</Deck_name>
	<Formation_id>3</Formation_id>
	<E1_id>528</E1_id>
	<E1_lv>1</E1_lv>
	<E2_id>591</E2_id>
	<E2_lv>1</E2_lv>
	<E3_id>575</E3_id>
	<E3_lv>1</E3_lv>
	<E4_id>501</E4_id>
	<E4_lv>1</E4_lv>
	<E5_id>501</E5_id>
	<E5_lv>1</E5_lv>
	<E6_id>501</E6_id>
	<E6_lv>1</E6_lv>
	<Geth>3</Geth>
	<Experience>150</Experience>
</mst_mapenemy2>
<mst_mapenemy2>
	<Id>340908</Id>
	<Maparea_id>3</Maparea_id>
	<Mapinfo_no>4</Mapinfo_no>
	<Enemy_list_id>3409</Enemy_list_id>
	<Boss>1</Boss>
	<Deck_id>8</Deck_id>
	<Deck_name>北方主力艦隊旗艦</Deck_name>
	<Formation_id>3</Formation_id>
	<E1_id>528</E1_id>
	<E1_lv>1</E1_lv>
	<E2_id>519</E2_id>
	<E2_lv>1</E2_lv>
	<E3_id>501</E3_id>
	<E3_lv>1</E3_lv>
	<E4_id>501</E4_id>
	<E4_lv>1</E4_lv>
	<E5_id>501</E5_id>
	<E5_lv>1</E5_lv>
	<E6_id>501</E6_id>
	<E6_lv>1</E6_lv>
	<Geth>4</Geth>
	<Experience>140</Experience>
</mst_mapenemy2>
<mst_mapenemy2>
	<Id>340909</Id>
	<Maparea_id>3</Maparea_id>
	<Mapinfo_no>4</Mapinfo_no>
	<Enemy_list_id>3409</Enemy_list_id>
	<Boss>1</Boss>
	<Deck_id>9</Deck_id>
	<Deck_name>北方主力艦隊旗艦</Deck_name>
	<Formation_id>3</Formation_id>
	<E1_id>528</E1_id>
	<E1_lv>1</E1_lv>
	<E2_id>518</E2_id>
	<E2_lv>1</E2_lv>
	<E3_id>501</E3_id>
	<E3_lv>1</E3_lv>
	<E4_id>501</E4_id>
	<E4_lv>1</E4_lv>
	<E5_id>501</E5_id>
	<E5_lv>1</E5_lv>
	<E6_id>0</E6_id>
	<E6_lv>0</E6_lv>
	<Geth>5</Geth>
	<Experience>120</Experience>
</mst_mapenemy2>
</mst_mapenemy2_data>
