<?xml version="1.0" encoding="utf-8"?>
<mst_mapenemy2_data xmlns:i="http://www.w3.org/2001/XMLSchema-instance">
<mst_mapenemy2>
	<Id>240101</Id>
	<Maparea_id>2</Maparea_id>
	<Mapinfo_no>4</Mapinfo_no>
	<Enemy_list_id>2401</Enemy_list_id>
	<Boss>0</Boss>
	<Deck_id>1</Deck_id>
	<Deck_name>西哨戒線</Deck_name>
	<Formation_id>1</Formation_id>
	<E1_id>555</E1_id>
	<E1_lv>1</E1_lv>
	<E2_id>576</E2_id>
	<E2_lv>1</E2_lv>
	<E3_id>576</E3_id>
	<E3_lv>1</E3_lv>
	<E4_id>576</E4_id>
	<E4_lv>1</E4_lv>
	<E5_id>576</E5_id>
	<E5_lv>1</E5_lv>
	<E6_id>534</E6_id>
	<E6_lv>50</E6_lv>
	<Geth>30</Geth>
	<Experience>140</Experience>
</mst_mapenemy2>
<mst_mapenemy2>
	<Id>240102</Id>
	<Maparea_id>2</Maparea_id>
	<Mapinfo_no>4</Mapinfo_no>
	<Enemy_list_id>2401</Enemy_list_id>
	<Boss>0</Boss>
	<Deck_id>2</Deck_id>
	<Deck_name>西哨戒線</Deck_name>
	<Formation_id>1</Formation_id>
	<E1_id>555</E1_id>
	<E1_lv>1</E1_lv>
	<E2_id>576</E2_id>
	<E2_lv>1</E2_lv>
	<E3_id>576</E3_id>
	<E3_lv>1</E3_lv>
	<E4_id>575</E4_id>
	<E4_lv>1</E4_lv>
	<E5_id>575</E5_id>
	<E5_lv>1</E5_lv>
	<E6_id>534</E6_id>
	<E6_lv>50</E6_lv>
	<Geth>28</Geth>
	<Experience>130</Experience>
</mst_mapenemy2>
<mst_mapenemy2>
	<Id>240103</Id>
	<Maparea_id>2</Maparea_id>
	<Mapinfo_no>4</Mapinfo_no>
	<Enemy_list_id>2401</Enemy_list_id>
	<Boss>0</Boss>
	<Deck_id>3</Deck_id>
	<Deck_name>西哨戒線</Deck_name>
	<Formation_id>1</Formation_id>
	<E1_id>555</E1_id>
	<E1_lv>1</E1_lv>
	<E2_id>575</E2_id>
	<E2_lv>1</E2_lv>
	<E3_id>575</E3_id>
	<E3_lv>1</E3_lv>
	<E4_id>575</E4_id>
	<E4_lv>1</E4_lv>
	<E5_id>575</E5_id>
	<E5_lv>1</E5_lv>
	<E6_id>534</E6_id>
	<E6_lv>50</E6_lv>
	<Geth>26</Geth>
	<Experience>120</Experience>
</mst_mapenemy2>
<mst_mapenemy2>
	<Id>240104</Id>
	<Maparea_id>2</Maparea_id>
	<Mapinfo_no>4</Mapinfo_no>
	<Enemy_list_id>2401</Enemy_list_id>
	<Boss>0</Boss>
	<Deck_id>4</Deck_id>
	<Deck_name>西哨戒線</Deck_name>
	<Formation_id>1</Formation_id>
	<E1_id>555</E1_id>
	<E1_lv>1</E1_lv>
	<E2_id>575</E2_id>
	<E2_lv>1</E2_lv>
	<E3_id>575</E3_id>
	<E3_lv>1</E3_lv>
	<E4_id>501</E4_id>
	<E4_lv>1</E4_lv>
	<E5_id>501</E5_id>
	<E5_lv>1</E5_lv>
	<E6_id>532</E6_id>
	<E6_lv>50</E6_lv>
	<Geth>24</Geth>
	<Experience>100</Experience>
</mst_mapenemy2>
<mst_mapenemy2>
	<Id>240105</Id>
	<Maparea_id>2</Maparea_id>
	<Mapinfo_no>4</Mapinfo_no>
	<Enemy_list_id>2401</Enemy_list_id>
	<Boss>0</Boss>
	<Deck_id>5</Deck_id>
	<Deck_name>西哨戒線</Deck_name>
	<Formation_id>2</Formation_id>
	<E1_id>555</E1_id>
	<E1_lv>1</E1_lv>
	<E2_id>575</E2_id>
	<E2_lv>1</E2_lv>
	<E3_id>575</E3_id>
	<E3_lv>1</E3_lv>
	<E4_id>501</E4_id>
	<E4_lv>1</E4_lv>
	<E5_id>501</E5_id>
	<E5_lv>1</E5_lv>
	<E6_id>532</E6_id>
	<E6_lv>50</E6_lv>
	<Geth>22</Geth>
	<Experience>100</Experience>
</mst_mapenemy2>
<mst_mapenemy2>
	<Id>240106</Id>
	<Maparea_id>2</Maparea_id>
	<Mapinfo_no>4</Mapinfo_no>
	<Enemy_list_id>2401</Enemy_list_id>
	<Boss>0</Boss>
	<Deck_id>6</Deck_id>
	<Deck_name>西哨戒線</Deck_name>
	<Formation_id>1</Formation_id>
	<E1_id>555</E1_id>
	<E1_lv>1</E1_lv>
	<E2_id>575</E2_id>
	<E2_lv>1</E2_lv>
	<E3_id>501</E3_id>
	<E3_lv>1</E3_lv>
	<E4_id>501</E4_id>
	<E4_lv>1</E4_lv>
	<E5_id>530</E5_id>
	<E5_lv>50</E5_lv>
	<E6_id>0</E6_id>
	<E6_lv>0</E6_lv>
	<Geth>20</Geth>
	<Experience>85</Experience>
</mst_mapenemy2>
<mst_mapenemy2>
	<Id>240107</Id>
	<Maparea_id>2</Maparea_id>
	<Mapinfo_no>4</Mapinfo_no>
	<Enemy_list_id>2401</Enemy_list_id>
	<Boss>0</Boss>
	<Deck_id>7</Deck_id>
	<Deck_name>西哨戒線</Deck_name>
	<Formation_id>2</Formation_id>
	<E1_id>555</E1_id>
	<E1_lv>1</E1_lv>
	<E2_id>575</E2_id>
	<E2_lv>1</E2_lv>
	<E3_id>501</E3_id>
	<E3_lv>1</E3_lv>
	<E4_id>501</E4_id>
	<E4_lv>1</E4_lv>
	<E5_id>530</E5_id>
	<E5_lv>50</E5_lv>
	<E6_id>0</E6_id>
	<E6_lv>0</E6_lv>
	<Geth>20</Geth>
	<Experience>85</Experience>
</mst_mapenemy2>
<mst_mapenemy2>
	<Id>240108</Id>
	<Maparea_id>2</Maparea_id>
	<Mapinfo_no>4</Mapinfo_no>
	<Enemy_list_id>2401</Enemy_list_id>
	<Boss>0</Boss>
	<Deck_id>8</Deck_id>
	<Deck_name>西哨戒線</Deck_name>
	<Formation_id>2</Formation_id>
	<E1_id>519</E1_id>
	<E1_lv>1</E1_lv>
	<E2_id>575</E2_id>
	<E2_lv>1</E2_lv>
	<E3_id>501</E3_id>
	<E3_lv>1</E3_lv>
	<E4_id>501</E4_id>
	<E4_lv>1</E4_lv>
	<E5_id>530</E5_id>
	<E5_lv>50</E5_lv>
	<E6_id>0</E6_id>
	<E6_lv>0</E6_lv>
	<Geth>20</Geth>
	<Experience>75</Experience>
</mst_mapenemy2>
<mst_mapenemy2>
	<Id>240109</Id>
	<Maparea_id>2</Maparea_id>
	<Mapinfo_no>4</Mapinfo_no>
	<Enemy_list_id>2401</Enemy_list_id>
	<Boss>0</Boss>
	<Deck_id>9</Deck_id>
	<Deck_name>西哨戒線</Deck_name>
	<Formation_id>2</Formation_id>
	<E1_id>519</E1_id>
	<E1_lv>1</E1_lv>
	<E2_id>575</E2_id>
	<E2_lv>1</E2_lv>
	<E3_id>501</E3_id>
	<E3_lv>1</E3_lv>
	<E4_id>501</E4_id>
	<E4_lv>1</E4_lv>
	<E5_id>0</E5_id>
	<E5_lv>0</E5_lv>
	<E6_id>0</E6_id>
	<E6_lv>0</E6_lv>
	<Geth>20</Geth>
	<Experience>65</Experience>
</mst_mapenemy2>
<mst_mapenemy2>
	<Id>240201</Id>
	<Maparea_id>2</Maparea_id>
	<Mapinfo_no>4</Mapinfo_no>
	<Enemy_list_id>2402</Enemy_list_id>
	<Boss>0</Boss>
	<Deck_id>1</Deck_id>
	<Deck_name>深海水雷打撃戦隊</Deck_name>
	<Formation_id>1</Formation_id>
	<E1_id>566</E1_id>
	<E1_lv>1</E1_lv>
	<E2_id>559</E2_id>
	<E2_lv>1</E2_lv>
	<E3_id>559</E3_id>
	<E3_lv>1</E3_lv>
	<E4_id>555</E4_id>
	<E4_lv>1</E4_lv>
	<E5_id>576</E5_id>
	<E5_lv>1</E5_lv>
	<E6_id>576</E6_id>
	<E6_lv>1</E6_lv>
	<Geth>20</Geth>
	<Experience>150</Experience>
</mst_mapenemy2>
<mst_mapenemy2>
	<Id>240202</Id>
	<Maparea_id>2</Maparea_id>
	<Mapinfo_no>4</Mapinfo_no>
	<Enemy_list_id>2402</Enemy_list_id>
	<Boss>0</Boss>
	<Deck_id>2</Deck_id>
	<Deck_name>深海水雷打撃戦隊</Deck_name>
	<Formation_id>1</Formation_id>
	<E1_id>527</E1_id>
	<E1_lv>1</E1_lv>
	<E2_id>559</E2_id>
	<E2_lv>1</E2_lv>
	<E3_id>559</E3_id>
	<E3_lv>1</E3_lv>
	<E4_id>555</E4_id>
	<E4_lv>1</E4_lv>
	<E5_id>576</E5_id>
	<E5_lv>1</E5_lv>
	<E6_id>576</E6_id>
	<E6_lv>1</E6_lv>
	<Geth>20</Geth>
	<Experience>125</Experience>
</mst_mapenemy2>
<mst_mapenemy2>
	<Id>240203</Id>
	<Maparea_id>2</Maparea_id>
	<Mapinfo_no>4</Mapinfo_no>
	<Enemy_list_id>2402</Enemy_list_id>
	<Boss>0</Boss>
	<Deck_id>3</Deck_id>
	<Deck_name>深海水雷打撃戦隊</Deck_name>
	<Formation_id>2</Formation_id>
	<E1_id>527</E1_id>
	<E1_lv>1</E1_lv>
	<E2_id>559</E2_id>
	<E2_lv>1</E2_lv>
	<E3_id>559</E3_id>
	<E3_lv>1</E3_lv>
	<E4_id>555</E4_id>
	<E4_lv>1</E4_lv>
	<E5_id>576</E5_id>
	<E5_lv>1</E5_lv>
	<E6_id>576</E6_id>
	<E6_lv>1</E6_lv>
	<Geth>20</Geth>
	<Experience>125</Experience>
</mst_mapenemy2>
<mst_mapenemy2>
	<Id>240204</Id>
	<Maparea_id>2</Maparea_id>
	<Mapinfo_no>4</Mapinfo_no>
	<Enemy_list_id>2402</Enemy_list_id>
	<Boss>0</Boss>
	<Deck_id>4</Deck_id>
	<Deck_name>深海水雷打撃戦隊</Deck_name>
	<Formation_id>1</Formation_id>
	<E1_id>527</E1_id>
	<E1_lv>1</E1_lv>
	<E2_id>559</E2_id>
	<E2_lv>1</E2_lv>
	<E3_id>559</E3_id>
	<E3_lv>1</E3_lv>
	<E4_id>554</E4_id>
	<E4_lv>1</E4_lv>
	<E5_id>575</E5_id>
	<E5_lv>1</E5_lv>
	<E6_id>575</E6_id>
	<E6_lv>1</E6_lv>
	<Geth>18</Geth>
	<Experience>100</Experience>
</mst_mapenemy2>
<mst_mapenemy2>
	<Id>240205</Id>
	<Maparea_id>2</Maparea_id>
	<Mapinfo_no>4</Mapinfo_no>
	<Enemy_list_id>2402</Enemy_list_id>
	<Boss>0</Boss>
	<Deck_id>5</Deck_id>
	<Deck_name>深海水雷打撃戦隊</Deck_name>
	<Formation_id>2</Formation_id>
	<E1_id>527</E1_id>
	<E1_lv>1</E1_lv>
	<E2_id>527</E2_id>
	<E2_lv>1</E2_lv>
	<E3_id>554</E3_id>
	<E3_lv>1</E3_lv>
	<E4_id>554</E4_id>
	<E4_lv>1</E4_lv>
	<E5_id>575</E5_id>
	<E5_lv>1</E5_lv>
	<E6_id>575</E6_id>
	<E6_lv>1</E6_lv>
	<Geth>16</Geth>
	<Experience>100</Experience>
</mst_mapenemy2>
<mst_mapenemy2>
	<Id>240206</Id>
	<Maparea_id>2</Maparea_id>
	<Mapinfo_no>4</Mapinfo_no>
	<Enemy_list_id>2402</Enemy_list_id>
	<Boss>0</Boss>
	<Deck_id>6</Deck_id>
	<Deck_name>深海水雷打撃戦隊</Deck_name>
	<Formation_id>1</Formation_id>
	<E1_id>527</E1_id>
	<E1_lv>1</E1_lv>
	<E2_id>521</E2_id>
	<E2_lv>1</E2_lv>
	<E3_id>521</E3_id>
	<E3_lv>1</E3_lv>
	<E4_id>575</E4_id>
	<E4_lv>1</E4_lv>
	<E5_id>501</E5_id>
	<E5_lv>1</E5_lv>
	<E6_id>501</E6_id>
	<E6_lv>1</E6_lv>
	<Geth>14</Geth>
	<Experience>80</Experience>
</mst_mapenemy2>
<mst_mapenemy2>
	<Id>240207</Id>
	<Maparea_id>2</Maparea_id>
	<Mapinfo_no>4</Mapinfo_no>
	<Enemy_list_id>2402</Enemy_list_id>
	<Boss>0</Boss>
	<Deck_id>7</Deck_id>
	<Deck_name>深海水雷打撃戦隊</Deck_name>
	<Formation_id>2</Formation_id>
	<E1_id>527</E1_id>
	<E1_lv>1</E1_lv>
	<E2_id>521</E2_id>
	<E2_lv>1</E2_lv>
	<E3_id>521</E3_id>
	<E3_lv>1</E3_lv>
	<E4_id>575</E4_id>
	<E4_lv>1</E4_lv>
	<E5_id>501</E5_id>
	<E5_lv>1</E5_lv>
	<E6_id>501</E6_id>
	<E6_lv>1</E6_lv>
	<Geth>12</Geth>
	<Experience>80</Experience>
</mst_mapenemy2>
<mst_mapenemy2>
	<Id>240208</Id>
	<Maparea_id>2</Maparea_id>
	<Mapinfo_no>4</Mapinfo_no>
	<Enemy_list_id>2402</Enemy_list_id>
	<Boss>0</Boss>
	<Deck_id>8</Deck_id>
	<Deck_name>深海水雷打撃戦隊</Deck_name>
	<Formation_id>1</Formation_id>
	<E1_id>522</E1_id>
	<E1_lv>1</E1_lv>
	<E2_id>521</E2_id>
	<E2_lv>1</E2_lv>
	<E3_id>521</E3_id>
	<E3_lv>1</E3_lv>
	<E4_id>501</E4_id>
	<E4_lv>1</E4_lv>
	<E5_id>501</E5_id>
	<E5_lv>1</E5_lv>
	<E6_id>0</E6_id>
	<E6_lv>0</E6_lv>
	<Geth>10</Geth>
	<Experience>60</Experience>
</mst_mapenemy2>
<mst_mapenemy2>
	<Id>240209</Id>
	<Maparea_id>2</Maparea_id>
	<Mapinfo_no>4</Mapinfo_no>
	<Enemy_list_id>2402</Enemy_list_id>
	<Boss>0</Boss>
	<Deck_id>9</Deck_id>
	<Deck_name>深海水雷打撃戦隊</Deck_name>
	<Formation_id>2</Formation_id>
	<E1_id>522</E1_id>
	<E1_lv>1</E1_lv>
	<E2_id>521</E2_id>
	<E2_lv>1</E2_lv>
	<E3_id>521</E3_id>
	<E3_lv>1</E3_lv>
	<E4_id>501</E4_id>
	<E4_lv>1</E4_lv>
	<E5_id>501</E5_id>
	<E5_lv>1</E5_lv>
	<E6_id>0</E6_id>
	<E6_lv>0</E6_lv>
	<Geth>10</Geth>
	<Experience>60</Experience>
</mst_mapenemy2>
<mst_mapenemy2>
	<Id>240301</Id>
	<Maparea_id>2</Maparea_id>
	<Mapinfo_no>4</Mapinfo_no>
	<Enemy_list_id>2403</Enemy_list_id>
	<Boss>0</Boss>
	<Deck_id>1</Deck_id>
	<Deck_name>東哨戒線</Deck_name>
	<Formation_id>1</Formation_id>
	<E1_id>555</E1_id>
	<E1_lv>1</E1_lv>
	<E2_id>554</E2_id>
	<E2_lv>1</E2_lv>
	<E3_id>576</E3_id>
	<E3_lv>1</E3_lv>
	<E4_id>576</E4_id>
	<E4_lv>1</E4_lv>
	<E5_id>535</E5_id>
	<E5_lv>50</E5_lv>
	<E6_id>535</E6_id>
	<E6_lv>50</E6_lv>
	<Geth>30</Geth>
	<Experience>160</Experience>
</mst_mapenemy2>
<mst_mapenemy2>
	<Id>240302</Id>
	<Maparea_id>2</Maparea_id>
	<Mapinfo_no>4</Mapinfo_no>
	<Enemy_list_id>2403</Enemy_list_id>
	<Boss>0</Boss>
	<Deck_id>2</Deck_id>
	<Deck_name>東哨戒線</Deck_name>
	<Formation_id>1</Formation_id>
	<E1_id>555</E1_id>
	<E1_lv>1</E1_lv>
	<E2_id>554</E2_id>
	<E2_lv>1</E2_lv>
	<E3_id>575</E3_id>
	<E3_lv>1</E3_lv>
	<E4_id>575</E4_id>
	<E4_lv>1</E4_lv>
	<E5_id>535</E5_id>
	<E5_lv>50</E5_lv>
	<E6_id>535</E6_id>
	<E6_lv>50</E6_lv>
	<Geth>28</Geth>
	<Experience>150</Experience>
</mst_mapenemy2>
<mst_mapenemy2>
	<Id>240303</Id>
	<Maparea_id>2</Maparea_id>
	<Mapinfo_no>4</Mapinfo_no>
	<Enemy_list_id>2403</Enemy_list_id>
	<Boss>0</Boss>
	<Deck_id>3</Deck_id>
	<Deck_name>東哨戒線</Deck_name>
	<Formation_id>1</Formation_id>
	<E1_id>555</E1_id>
	<E1_lv>1</E1_lv>
	<E2_id>554</E2_id>
	<E2_lv>1</E2_lv>
	<E3_id>575</E3_id>
	<E3_lv>1</E3_lv>
	<E4_id>575</E4_id>
	<E4_lv>1</E4_lv>
	<E5_id>535</E5_id>
	<E5_lv>50</E5_lv>
	<E6_id>0</E6_id>
	<E6_lv>0</E6_lv>
	<Geth>26</Geth>
	<Experience>130</Experience>
</mst_mapenemy2>
<mst_mapenemy2>
	<Id>240304</Id>
	<Maparea_id>2</Maparea_id>
	<Mapinfo_no>4</Mapinfo_no>
	<Enemy_list_id>2403</Enemy_list_id>
	<Boss>0</Boss>
	<Deck_id>4</Deck_id>
	<Deck_name>東哨戒線</Deck_name>
	<Formation_id>1</Formation_id>
	<E1_id>555</E1_id>
	<E1_lv>1</E1_lv>
	<E2_id>554</E2_id>
	<E2_lv>1</E2_lv>
	<E3_id>575</E3_id>
	<E3_lv>1</E3_lv>
	<E4_id>575</E4_id>
	<E4_lv>1</E4_lv>
	<E5_id>533</E5_id>
	<E5_lv>50</E5_lv>
	<E6_id>0</E6_id>
	<E6_lv>0</E6_lv>
	<Geth>24</Geth>
	<Experience>110</Experience>
</mst_mapenemy2>
<mst_mapenemy2>
	<Id>240305</Id>
	<Maparea_id>2</Maparea_id>
	<Mapinfo_no>4</Mapinfo_no>
	<Enemy_list_id>2403</Enemy_list_id>
	<Boss>0</Boss>
	<Deck_id>5</Deck_id>
	<Deck_name>東哨戒線</Deck_name>
	<Formation_id>2</Formation_id>
	<E1_id>555</E1_id>
	<E1_lv>1</E1_lv>
	<E2_id>554</E2_id>
	<E2_lv>1</E2_lv>
	<E3_id>575</E3_id>
	<E3_lv>1</E3_lv>
	<E4_id>575</E4_id>
	<E4_lv>1</E4_lv>
	<E5_id>533</E5_id>
	<E5_lv>50</E5_lv>
	<E6_id>0</E6_id>
	<E6_lv>0</E6_lv>
	<Geth>22</Geth>
	<Experience>110</Experience>
</mst_mapenemy2>
<mst_mapenemy2>
	<Id>240306</Id>
	<Maparea_id>2</Maparea_id>
	<Mapinfo_no>4</Mapinfo_no>
	<Enemy_list_id>2403</Enemy_list_id>
	<Boss>0</Boss>
	<Deck_id>6</Deck_id>
	<Deck_name>東哨戒線</Deck_name>
	<Formation_id>1</Formation_id>
	<E1_id>555</E1_id>
	<E1_lv>1</E1_lv>
	<E2_id>575</E2_id>
	<E2_lv>1</E2_lv>
	<E3_id>501</E3_id>
	<E3_lv>1</E3_lv>
	<E4_id>501</E4_id>
	<E4_lv>1</E4_lv>
	<E5_id>531</E5_id>
	<E5_lv>50</E5_lv>
	<E6_id>0</E6_id>
	<E6_lv>0</E6_lv>
	<Geth>20</Geth>
	<Experience>90</Experience>
</mst_mapenemy2>
<mst_mapenemy2>
	<Id>240307</Id>
	<Maparea_id>2</Maparea_id>
	<Mapinfo_no>4</Mapinfo_no>
	<Enemy_list_id>2403</Enemy_list_id>
	<Boss>0</Boss>
	<Deck_id>7</Deck_id>
	<Deck_name>東哨戒線</Deck_name>
	<Formation_id>2</Formation_id>
	<E1_id>555</E1_id>
	<E1_lv>1</E1_lv>
	<E2_id>575</E2_id>
	<E2_lv>1</E2_lv>
	<E3_id>501</E3_id>
	<E3_lv>1</E3_lv>
	<E4_id>501</E4_id>
	<E4_lv>1</E4_lv>
	<E5_id>531</E5_id>
	<E5_lv>50</E5_lv>
	<E6_id>0</E6_id>
	<E6_lv>0</E6_lv>
	<Geth>20</Geth>
	<Experience>90</Experience>
</mst_mapenemy2>
<mst_mapenemy2>
	<Id>240308</Id>
	<Maparea_id>2</Maparea_id>
	<Mapinfo_no>4</Mapinfo_no>
	<Enemy_list_id>2403</Enemy_list_id>
	<Boss>0</Boss>
	<Deck_id>8</Deck_id>
	<Deck_name>東哨戒線</Deck_name>
	<Formation_id>1</Formation_id>
	<E1_id>519</E1_id>
	<E1_lv>1</E1_lv>
	<E2_id>575</E2_id>
	<E2_lv>1</E2_lv>
	<E3_id>501</E3_id>
	<E3_lv>1</E3_lv>
	<E4_id>501</E4_id>
	<E4_lv>1</E4_lv>
	<E5_id>501</E5_id>
	<E5_lv>1</E5_lv>
	<E6_id>0</E6_id>
	<E6_lv>0</E6_lv>
	<Geth>20</Geth>
	<Experience>80</Experience>
</mst_mapenemy2>
<mst_mapenemy2>
	<Id>240309</Id>
	<Maparea_id>2</Maparea_id>
	<Mapinfo_no>4</Mapinfo_no>
	<Enemy_list_id>2403</Enemy_list_id>
	<Boss>0</Boss>
	<Deck_id>9</Deck_id>
	<Deck_name>東哨戒線</Deck_name>
	<Formation_id>2</Formation_id>
	<E1_id>519</E1_id>
	<E1_lv>1</E1_lv>
	<E2_id>575</E2_id>
	<E2_lv>1</E2_lv>
	<E3_id>501</E3_id>
	<E3_lv>1</E3_lv>
	<E4_id>501</E4_id>
	<E4_lv>1</E4_lv>
	<E5_id>0</E5_id>
	<E5_lv>0</E5_lv>
	<E6_id>0</E6_id>
	<E6_lv>0</E6_lv>
	<Geth>20</Geth>
	<Experience>70</Experience>
</mst_mapenemy2>
<mst_mapenemy2>
	<Id>240401</Id>
	<Maparea_id>2</Maparea_id>
	<Mapinfo_no>4</Mapinfo_no>
	<Enemy_list_id>2404</Enemy_list_id>
	<Boss>0</Boss>
	<Deck_id>1</Deck_id>
	<Deck_name>深海戦艦戦隊</Deck_name>
	<Formation_id>1</Formation_id>
	<E1_id>557</E1_id>
	<E1_lv>1</E1_lv>
	<E2_id>529</E2_id>
	<E2_lv>1</E2_lv>
	<E3_id>576</E3_id>
	<E3_lv>1</E3_lv>
	<E4_id>575</E4_id>
	<E4_lv>1</E4_lv>
	<E5_id>575</E5_id>
	<E5_lv>1</E5_lv>
	<E6_id>0</E6_id>
	<E6_lv>0</E6_lv>
	<Geth>10</Geth>
	<Experience>250</Experience>
</mst_mapenemy2>
<mst_mapenemy2>
	<Id>240402</Id>
	<Maparea_id>2</Maparea_id>
	<Mapinfo_no>4</Mapinfo_no>
	<Enemy_list_id>2404</Enemy_list_id>
	<Boss>0</Boss>
	<Deck_id>2</Deck_id>
	<Deck_name>深海戦艦戦隊</Deck_name>
	<Formation_id>2</Formation_id>
	<E1_id>557</E1_id>
	<E1_lv>1</E1_lv>
	<E2_id>529</E2_id>
	<E2_lv>1</E2_lv>
	<E3_id>576</E3_id>
	<E3_lv>1</E3_lv>
	<E4_id>575</E4_id>
	<E4_lv>1</E4_lv>
	<E5_id>575</E5_id>
	<E5_lv>1</E5_lv>
	<E6_id>0</E6_id>
	<E6_lv>0</E6_lv>
	<Geth>10</Geth>
	<Experience>250</Experience>
</mst_mapenemy2>
<mst_mapenemy2>
	<Id>240403</Id>
	<Maparea_id>2</Maparea_id>
	<Mapinfo_no>4</Mapinfo_no>
	<Enemy_list_id>2404</Enemy_list_id>
	<Boss>0</Boss>
	<Deck_id>3</Deck_id>
	<Deck_name>深海戦艦戦隊</Deck_name>
	<Formation_id>1</Formation_id>
	<E1_id>567</E1_id>
	<E1_lv>1</E1_lv>
	<E2_id>529</E2_id>
	<E2_lv>1</E2_lv>
	<E3_id>576</E3_id>
	<E3_lv>1</E3_lv>
	<E4_id>575</E4_id>
	<E4_lv>1</E4_lv>
	<E5_id>575</E5_id>
	<E5_lv>1</E5_lv>
	<E6_id>0</E6_id>
	<E6_lv>0</E6_lv>
	<Geth>10</Geth>
	<Experience>200</Experience>
</mst_mapenemy2>
<mst_mapenemy2>
	<Id>240404</Id>
	<Maparea_id>2</Maparea_id>
	<Mapinfo_no>4</Mapinfo_no>
	<Enemy_list_id>2404</Enemy_list_id>
	<Boss>0</Boss>
	<Deck_id>4</Deck_id>
	<Deck_name>深海戦艦戦隊</Deck_name>
	<Formation_id>2</Formation_id>
	<E1_id>567</E1_id>
	<E1_lv>1</E1_lv>
	<E2_id>529</E2_id>
	<E2_lv>1</E2_lv>
	<E3_id>576</E3_id>
	<E3_lv>1</E3_lv>
	<E4_id>575</E4_id>
	<E4_lv>1</E4_lv>
	<E5_id>575</E5_id>
	<E5_lv>1</E5_lv>
	<E6_id>0</E6_id>
	<E6_lv>0</E6_lv>
	<Geth>10</Geth>
	<Experience>200</Experience>
</mst_mapenemy2>
<mst_mapenemy2>
	<Id>240405</Id>
	<Maparea_id>2</Maparea_id>
	<Mapinfo_no>4</Mapinfo_no>
	<Enemy_list_id>2404</Enemy_list_id>
	<Boss>0</Boss>
	<Deck_id>5</Deck_id>
	<Deck_name>深海戦艦戦隊</Deck_name>
	<Formation_id>1</Formation_id>
	<E1_id>529</E1_id>
	<E1_lv>1</E1_lv>
	<E2_id>529</E2_id>
	<E2_lv>1</E2_lv>
	<E3_id>576</E3_id>
	<E3_lv>1</E3_lv>
	<E4_id>575</E4_id>
	<E4_lv>1</E4_lv>
	<E5_id>575</E5_id>
	<E5_lv>1</E5_lv>
	<E6_id>0</E6_id>
	<E6_lv>0</E6_lv>
	<Geth>9</Geth>
	<Experience>170</Experience>
</mst_mapenemy2>
<mst_mapenemy2>
	<Id>240406</Id>
	<Maparea_id>2</Maparea_id>
	<Mapinfo_no>4</Mapinfo_no>
	<Enemy_list_id>2404</Enemy_list_id>
	<Boss>0</Boss>
	<Deck_id>6</Deck_id>
	<Deck_name>深海戦艦戦隊</Deck_name>
	<Formation_id>2</Formation_id>
	<E1_id>529</E1_id>
	<E1_lv>1</E1_lv>
	<E2_id>529</E2_id>
	<E2_lv>1</E2_lv>
	<E3_id>576</E3_id>
	<E3_lv>1</E3_lv>
	<E4_id>575</E4_id>
	<E4_lv>1</E4_lv>
	<E5_id>575</E5_id>
	<E5_lv>1</E5_lv>
	<E6_id>0</E6_id>
	<E6_lv>0</E6_lv>
	<Geth>8</Geth>
	<Experience>170</Experience>
</mst_mapenemy2>
<mst_mapenemy2>
	<Id>240407</Id>
	<Maparea_id>2</Maparea_id>
	<Mapinfo_no>4</Mapinfo_no>
	<Enemy_list_id>2404</Enemy_list_id>
	<Boss>0</Boss>
	<Deck_id>7</Deck_id>
	<Deck_name>深海戦艦戦隊</Deck_name>
	<Formation_id>2</Formation_id>
	<E1_id>529</E1_id>
	<E1_lv>1</E1_lv>
	<E2_id>529</E2_id>
	<E2_lv>1</E2_lv>
	<E3_id>576</E3_id>
	<E3_lv>1</E3_lv>
	<E4_id>501</E4_id>
	<E4_lv>1</E4_lv>
	<E5_id>501</E5_id>
	<E5_lv>1</E5_lv>
	<E6_id>0</E6_id>
	<E6_lv>0</E6_lv>
	<Geth>7</Geth>
	<Experience>150</Experience>
</mst_mapenemy2>
<mst_mapenemy2>
	<Id>240408</Id>
	<Maparea_id>2</Maparea_id>
	<Mapinfo_no>4</Mapinfo_no>
	<Enemy_list_id>2404</Enemy_list_id>
	<Boss>0</Boss>
	<Deck_id>8</Deck_id>
	<Deck_name>深海戦艦戦隊</Deck_name>
	<Formation_id>2</Formation_id>
	<E1_id>529</E1_id>
	<E1_lv>1</E1_lv>
	<E2_id>524</E2_id>
	<E2_lv>1</E2_lv>
	<E3_id>575</E3_id>
	<E3_lv>1</E3_lv>
	<E4_id>501</E4_id>
	<E4_lv>1</E4_lv>
	<E5_id>501</E5_id>
	<E5_lv>1</E5_lv>
	<E6_id>0</E6_id>
	<E6_lv>0</E6_lv>
	<Geth>6</Geth>
	<Experience>140</Experience>
</mst_mapenemy2>
<mst_mapenemy2>
	<Id>240409</Id>
	<Maparea_id>2</Maparea_id>
	<Mapinfo_no>4</Mapinfo_no>
	<Enemy_list_id>2404</Enemy_list_id>
	<Boss>0</Boss>
	<Deck_id>9</Deck_id>
	<Deck_name>深海戦艦戦隊</Deck_name>
	<Formation_id>1</Formation_id>
	<E1_id>524</E1_id>
	<E1_lv>1</E1_lv>
	<E2_id>524</E2_id>
	<E2_lv>1</E2_lv>
	<E3_id>501</E3_id>
	<E3_lv>1</E3_lv>
	<E4_id>501</E4_id>
	<E4_lv>1</E4_lv>
	<E5_id>501</E5_id>
	<E5_lv>1</E5_lv>
	<E6_id>0</E6_id>
	<E6_lv>0</E6_lv>
	<Geth>5</Geth>
	<Experience>120</Experience>
</mst_mapenemy2>
<mst_mapenemy2>
	<Id>240501</Id>
	<Maparea_id>2</Maparea_id>
	<Mapinfo_no>4</Mapinfo_no>
	<Enemy_list_id>2405</Enemy_list_id>
	<Boss>0</Boss>
	<Deck_id>1</Deck_id>
	<Deck_name>阻止最終迎撃戦</Deck_name>
	<Formation_id>1</Formation_id>
	<E1_id>529</E1_id>
	<E1_lv>1</E1_lv>
	<E2_id>527</E2_id>
	<E2_lv>1</E2_lv>
	<E3_id>527</E3_id>
	<E3_lv>1</E3_lv>
	<E4_id>601</E4_id>
	<E4_lv>1</E4_lv>
	<E5_id>576</E5_id>
	<E5_lv>1</E5_lv>
	<E6_id>576</E6_id>
	<E6_lv>1</E6_lv>
	<Geth>0</Geth>
	<Experience>200</Experience>
</mst_mapenemy2>
<mst_mapenemy2>
	<Id>240502</Id>
	<Maparea_id>2</Maparea_id>
	<Mapinfo_no>4</Mapinfo_no>
	<Enemy_list_id>2405</Enemy_list_id>
	<Boss>0</Boss>
	<Deck_id>2</Deck_id>
	<Deck_name>阻止最終迎撃戦</Deck_name>
	<Formation_id>2</Formation_id>
	<E1_id>529</E1_id>
	<E1_lv>1</E1_lv>
	<E2_id>527</E2_id>
	<E2_lv>1</E2_lv>
	<E3_id>527</E3_id>
	<E3_lv>1</E3_lv>
	<E4_id>601</E4_id>
	<E4_lv>1</E4_lv>
	<E5_id>576</E5_id>
	<E5_lv>1</E5_lv>
	<E6_id>576</E6_id>
	<E6_lv>1</E6_lv>
	<Geth>0</Geth>
	<Experience>200</Experience>
</mst_mapenemy2>
<mst_mapenemy2>
	<Id>240503</Id>
	<Maparea_id>2</Maparea_id>
	<Mapinfo_no>4</Mapinfo_no>
	<Enemy_list_id>2405</Enemy_list_id>
	<Boss>0</Boss>
	<Deck_id>3</Deck_id>
	<Deck_name>阻止最終迎撃戦</Deck_name>
	<Formation_id>1</Formation_id>
	<E1_id>529</E1_id>
	<E1_lv>1</E1_lv>
	<E2_id>527</E2_id>
	<E2_lv>1</E2_lv>
	<E3_id>527</E3_id>
	<E3_lv>1</E3_lv>
	<E4_id>555</E4_id>
	<E4_lv>1</E4_lv>
	<E5_id>575</E5_id>
	<E5_lv>1</E5_lv>
	<E6_id>575</E6_id>
	<E6_lv>1</E6_lv>
	<Geth>1</Geth>
	<Experience>150</Experience>
</mst_mapenemy2>
<mst_mapenemy2>
	<Id>240504</Id>
	<Maparea_id>2</Maparea_id>
	<Mapinfo_no>4</Mapinfo_no>
	<Enemy_list_id>2405</Enemy_list_id>
	<Boss>0</Boss>
	<Deck_id>4</Deck_id>
	<Deck_name>阻止最終迎撃戦</Deck_name>
	<Formation_id>2</Formation_id>
	<E1_id>529</E1_id>
	<E1_lv>1</E1_lv>
	<E2_id>527</E2_id>
	<E2_lv>1</E2_lv>
	<E3_id>527</E3_id>
	<E3_lv>1</E3_lv>
	<E4_id>555</E4_id>
	<E4_lv>1</E4_lv>
	<E5_id>575</E5_id>
	<E5_lv>1</E5_lv>
	<E6_id>575</E6_id>
	<E6_lv>1</E6_lv>
	<Geth>1</Geth>
	<Experience>150</Experience>
</mst_mapenemy2>
<mst_mapenemy2>
	<Id>240505</Id>
	<Maparea_id>2</Maparea_id>
	<Mapinfo_no>4</Mapinfo_no>
	<Enemy_list_id>2405</Enemy_list_id>
	<Boss>0</Boss>
	<Deck_id>5</Deck_id>
	<Deck_name>阻止最終迎撃戦</Deck_name>
	<Formation_id>1</Formation_id>
	<E1_id>529</E1_id>
	<E1_lv>1</E1_lv>
	<E2_id>527</E2_id>
	<E2_lv>1</E2_lv>
	<E3_id>522</E3_id>
	<E3_lv>1</E3_lv>
	<E4_id>519</E4_id>
	<E4_lv>1</E4_lv>
	<E5_id>575</E5_id>
	<E5_lv>1</E5_lv>
	<E6_id>575</E6_id>
	<E6_lv>1</E6_lv>
	<Geth>2</Geth>
	<Experience>120</Experience>
</mst_mapenemy2>
<mst_mapenemy2>
	<Id>240506</Id>
	<Maparea_id>2</Maparea_id>
	<Mapinfo_no>4</Mapinfo_no>
	<Enemy_list_id>2405</Enemy_list_id>
	<Boss>0</Boss>
	<Deck_id>6</Deck_id>
	<Deck_name>阻止最終迎撃戦</Deck_name>
	<Formation_id>2</Formation_id>
	<E1_id>529</E1_id>
	<E1_lv>1</E1_lv>
	<E2_id>527</E2_id>
	<E2_lv>1</E2_lv>
	<E3_id>522</E3_id>
	<E3_lv>1</E3_lv>
	<E4_id>519</E4_id>
	<E4_lv>1</E4_lv>
	<E5_id>575</E5_id>
	<E5_lv>1</E5_lv>
	<E6_id>575</E6_id>
	<E6_lv>1</E6_lv>
	<Geth>2</Geth>
	<Experience>120</Experience>
</mst_mapenemy2>
<mst_mapenemy2>
	<Id>240507</Id>
	<Maparea_id>2</Maparea_id>
	<Mapinfo_no>4</Mapinfo_no>
	<Enemy_list_id>2405</Enemy_list_id>
	<Boss>0</Boss>
	<Deck_id>7</Deck_id>
	<Deck_name>阻止最終迎撃戦</Deck_name>
	<Formation_id>1</Formation_id>
	<E1_id>529</E1_id>
	<E1_lv>1</E1_lv>
	<E2_id>522</E2_id>
	<E2_lv>1</E2_lv>
	<E3_id>522</E3_id>
	<E3_lv>1</E3_lv>
	<E4_id>501</E4_id>
	<E4_lv>1</E4_lv>
	<E5_id>501</E5_id>
	<E5_lv>1</E5_lv>
	<E6_id>0</E6_id>
	<E6_lv>0</E6_lv>
	<Geth>3</Geth>
	<Experience>100</Experience>
</mst_mapenemy2>
<mst_mapenemy2>
	<Id>240508</Id>
	<Maparea_id>2</Maparea_id>
	<Mapinfo_no>4</Mapinfo_no>
	<Enemy_list_id>2405</Enemy_list_id>
	<Boss>0</Boss>
	<Deck_id>8</Deck_id>
	<Deck_name>阻止最終迎撃戦</Deck_name>
	<Formation_id>2</Formation_id>
	<E1_id>529</E1_id>
	<E1_lv>1</E1_lv>
	<E2_id>522</E2_id>
	<E2_lv>1</E2_lv>
	<E3_id>522</E3_id>
	<E3_lv>1</E3_lv>
	<E4_id>501</E4_id>
	<E4_lv>1</E4_lv>
	<E5_id>501</E5_id>
	<E5_lv>1</E5_lv>
	<E6_id>0</E6_id>
	<E6_lv>0</E6_lv>
	<Geth>4</Geth>
	<Experience>100</Experience>
</mst_mapenemy2>
<mst_mapenemy2>
	<Id>240509</Id>
	<Maparea_id>2</Maparea_id>
	<Mapinfo_no>4</Mapinfo_no>
	<Enemy_list_id>2405</Enemy_list_id>
	<Boss>0</Boss>
	<Deck_id>9</Deck_id>
	<Deck_name>阻止最終迎撃戦</Deck_name>
	<Formation_id>2</Formation_id>
	<E1_id>524</E1_id>
	<E1_lv>1</E1_lv>
	<E2_id>522</E2_id>
	<E2_lv>1</E2_lv>
	<E3_id>519</E3_id>
	<E3_lv>1</E3_lv>
	<E4_id>501</E4_id>
	<E4_lv>1</E4_lv>
	<E5_id>501</E5_id>
	<E5_lv>1</E5_lv>
	<E6_id>0</E6_id>
	<E6_lv>0</E6_lv>
	<Geth>5</Geth>
	<Experience>80</Experience>
</mst_mapenemy2>
<mst_mapenemy2>
	<Id>240601</Id>
	<Maparea_id>2</Maparea_id>
	<Mapinfo_no>4</Mapinfo_no>
	<Enemy_list_id>2406</Enemy_list_id>
	<Boss>0</Boss>
	<Deck_id>1</Deck_id>
	<Deck_name>要港部防衛艦隊</Deck_name>
	<Formation_id>1</Formation_id>
	<E1_id>529</E1_id>
	<E1_lv>1</E1_lv>
	<E2_id>529</E2_id>
	<E2_lv>1</E2_lv>
	<E3_id>528</E3_id>
	<E3_lv>1</E3_lv>
	<E4_id>528</E4_id>
	<E4_lv>1</E4_lv>
	<E5_id>577</E5_id>
	<E5_lv>1</E5_lv>
	<E6_id>577</E6_id>
	<E6_lv>1</E6_lv>
	<Geth>0</Geth>
	<Experience>170</Experience>
</mst_mapenemy2>
<mst_mapenemy2>
	<Id>240602</Id>
	<Maparea_id>2</Maparea_id>
	<Mapinfo_no>4</Mapinfo_no>
	<Enemy_list_id>2406</Enemy_list_id>
	<Boss>0</Boss>
	<Deck_id>2</Deck_id>
	<Deck_name>要港部防衛艦隊</Deck_name>
	<Formation_id>1</Formation_id>
	<E1_id>529</E1_id>
	<E1_lv>1</E1_lv>
	<E2_id>529</E2_id>
	<E2_lv>1</E2_lv>
	<E3_id>560</E3_id>
	<E3_lv>1</E3_lv>
	<E4_id>560</E4_id>
	<E4_lv>1</E4_lv>
	<E5_id>577</E5_id>
	<E5_lv>1</E5_lv>
	<E6_id>577</E6_id>
	<E6_lv>1</E6_lv>
	<Geth>0</Geth>
	<Experience>160</Experience>
</mst_mapenemy2>
<mst_mapenemy2>
	<Id>240603</Id>
	<Maparea_id>2</Maparea_id>
	<Mapinfo_no>4</Mapinfo_no>
	<Enemy_list_id>2406</Enemy_list_id>
	<Boss>0</Boss>
	<Deck_id>3</Deck_id>
	<Deck_name>要港部防衛艦隊</Deck_name>
	<Formation_id>1</Formation_id>
	<E1_id>529</E1_id>
	<E1_lv>1</E1_lv>
	<E2_id>529</E2_id>
	<E2_lv>1</E2_lv>
	<E3_id>560</E3_id>
	<E3_lv>1</E3_lv>
	<E4_id>560</E4_id>
	<E4_lv>1</E4_lv>
	<E5_id>576</E5_id>
	<E5_lv>1</E5_lv>
	<E6_id>576</E6_id>
	<E6_lv>1</E6_lv>
	<Geth>1</Geth>
	<Experience>150</Experience>
</mst_mapenemy2>
<mst_mapenemy2>
	<Id>240604</Id>
	<Maparea_id>2</Maparea_id>
	<Mapinfo_no>4</Mapinfo_no>
	<Enemy_list_id>2406</Enemy_list_id>
	<Boss>0</Boss>
	<Deck_id>4</Deck_id>
	<Deck_name>要港部防衛艦隊</Deck_name>
	<Formation_id>2</Formation_id>
	<E1_id>529</E1_id>
	<E1_lv>1</E1_lv>
	<E2_id>529</E2_id>
	<E2_lv>1</E2_lv>
	<E3_id>560</E3_id>
	<E3_lv>1</E3_lv>
	<E4_id>560</E4_id>
	<E4_lv>1</E4_lv>
	<E5_id>576</E5_id>
	<E5_lv>1</E5_lv>
	<E6_id>576</E6_id>
	<E6_lv>1</E6_lv>
	<Geth>1</Geth>
	<Experience>150</Experience>
</mst_mapenemy2>
<mst_mapenemy2>
	<Id>240605</Id>
	<Maparea_id>2</Maparea_id>
	<Mapinfo_no>4</Mapinfo_no>
	<Enemy_list_id>2406</Enemy_list_id>
	<Boss>0</Boss>
	<Deck_id>5</Deck_id>
	<Deck_name>要港部防衛艦隊</Deck_name>
	<Formation_id>1</Formation_id>
	<E1_id>529</E1_id>
	<E1_lv>1</E1_lv>
	<E2_id>529</E2_id>
	<E2_lv>1</E2_lv>
	<E3_id>523</E3_id>
	<E3_lv>1</E3_lv>
	<E4_id>523</E4_id>
	<E4_lv>1</E4_lv>
	<E5_id>575</E5_id>
	<E5_lv>1</E5_lv>
	<E6_id>575</E6_id>
	<E6_lv>1</E6_lv>
	<Geth>1</Geth>
	<Experience>130</Experience>
</mst_mapenemy2>
<mst_mapenemy2>
	<Id>240606</Id>
	<Maparea_id>2</Maparea_id>
	<Mapinfo_no>4</Mapinfo_no>
	<Enemy_list_id>2406</Enemy_list_id>
	<Boss>0</Boss>
	<Deck_id>6</Deck_id>
	<Deck_name>要港部防衛艦隊</Deck_name>
	<Formation_id>2</Formation_id>
	<E1_id>529</E1_id>
	<E1_lv>1</E1_lv>
	<E2_id>529</E2_id>
	<E2_lv>1</E2_lv>
	<E3_id>523</E3_id>
	<E3_lv>1</E3_lv>
	<E4_id>523</E4_id>
	<E4_lv>1</E4_lv>
	<E5_id>575</E5_id>
	<E5_lv>1</E5_lv>
	<E6_id>575</E6_id>
	<E6_lv>1</E6_lv>
	<Geth>2</Geth>
	<Experience>130</Experience>
</mst_mapenemy2>
<mst_mapenemy2>
	<Id>240607</Id>
	<Maparea_id>2</Maparea_id>
	<Mapinfo_no>4</Mapinfo_no>
	<Enemy_list_id>2406</Enemy_list_id>
	<Boss>0</Boss>
	<Deck_id>7</Deck_id>
	<Deck_name>要港部防衛艦隊</Deck_name>
	<Formation_id>2</Formation_id>
	<E1_id>529</E1_id>
	<E1_lv>1</E1_lv>
	<E2_id>524</E2_id>
	<E2_lv>1</E2_lv>
	<E3_id>523</E3_id>
	<E3_lv>1</E3_lv>
	<E4_id>575</E4_id>
	<E4_lv>1</E4_lv>
	<E5_id>501</E5_id>
	<E5_lv>1</E5_lv>
	<E6_id>501</E6_id>
	<E6_lv>1</E6_lv>
	<Geth>2</Geth>
	<Experience>120</Experience>
</mst_mapenemy2>
<mst_mapenemy2>
	<Id>240608</Id>
	<Maparea_id>2</Maparea_id>
	<Mapinfo_no>4</Mapinfo_no>
	<Enemy_list_id>2406</Enemy_list_id>
	<Boss>0</Boss>
	<Deck_id>8</Deck_id>
	<Deck_name>要港部防衛艦隊</Deck_name>
	<Formation_id>2</Formation_id>
	<E1_id>524</E1_id>
	<E1_lv>1</E1_lv>
	<E2_id>524</E2_id>
	<E2_lv>1</E2_lv>
	<E3_id>523</E3_id>
	<E3_lv>1</E3_lv>
	<E4_id>501</E4_id>
	<E4_lv>1</E4_lv>
	<E5_id>501</E5_id>
	<E5_lv>1</E5_lv>
	<E6_id>501</E6_id>
	<E6_lv>1</E6_lv>
	<Geth>3</Geth>
	<Experience>110</Experience>
</mst_mapenemy2>
<mst_mapenemy2>
	<Id>240609</Id>
	<Maparea_id>2</Maparea_id>
	<Mapinfo_no>4</Mapinfo_no>
	<Enemy_list_id>2406</Enemy_list_id>
	<Boss>0</Boss>
	<Deck_id>9</Deck_id>
	<Deck_name>要港部防衛艦隊</Deck_name>
	<Formation_id>2</Formation_id>
	<E1_id>524</E1_id>
	<E1_lv>1</E1_lv>
	<E2_id>523</E2_id>
	<E2_lv>1</E2_lv>
	<E3_id>501</E3_id>
	<E3_lv>1</E3_lv>
	<E4_id>501</E4_id>
	<E4_lv>1</E4_lv>
	<E5_id>501</E5_id>
	<E5_lv>1</E5_lv>
	<E6_id>0</E6_id>
	<E6_lv>0</E6_lv>
	<Geth>4</Geth>
	<Experience>90</Experience>
</mst_mapenemy2>
<mst_mapenemy2>
	<Id>240701</Id>
	<Maparea_id>2</Maparea_id>
	<Mapinfo_no>4</Mapinfo_no>
	<Enemy_list_id>2407</Enemy_list_id>
	<Boss>0</Boss>
	<Deck_id>1</Deck_id>
	<Deck_name>増援任務部隊</Deck_name>
	<Formation_id>3</Formation_id>
	<E1_id>529</E1_id>
	<E1_lv>1</E1_lv>
	<E2_id>529</E2_id>
	<E2_lv>1</E2_lv>
	<E3_id>528</E3_id>
	<E3_lv>1</E3_lv>
	<E4_id>528</E4_id>
	<E4_lv>1</E4_lv>
	<E5_id>577</E5_id>
	<E5_lv>1</E5_lv>
	<E6_id>577</E6_id>
	<E6_lv>1</E6_lv>
	<Geth>20</Geth>
	<Experience>240</Experience>
</mst_mapenemy2>
<mst_mapenemy2>
	<Id>240702</Id>
	<Maparea_id>2</Maparea_id>
	<Mapinfo_no>4</Mapinfo_no>
	<Enemy_list_id>2407</Enemy_list_id>
	<Boss>0</Boss>
	<Deck_id>2</Deck_id>
	<Deck_name>増援任務部隊</Deck_name>
	<Formation_id>3</Formation_id>
	<E1_id>529</E1_id>
	<E1_lv>1</E1_lv>
	<E2_id>529</E2_id>
	<E2_lv>1</E2_lv>
	<E3_id>560</E3_id>
	<E3_lv>1</E3_lv>
	<E4_id>560</E4_id>
	<E4_lv>1</E4_lv>
	<E5_id>577</E5_id>
	<E5_lv>1</E5_lv>
	<E6_id>577</E6_id>
	<E6_lv>1</E6_lv>
	<Geth>18</Geth>
	<Experience>220</Experience>
</mst_mapenemy2>
<mst_mapenemy2>
	<Id>240703</Id>
	<Maparea_id>2</Maparea_id>
	<Mapinfo_no>4</Mapinfo_no>
	<Enemy_list_id>2407</Enemy_list_id>
	<Boss>0</Boss>
	<Deck_id>3</Deck_id>
	<Deck_name>増援任務部隊</Deck_name>
	<Formation_id>3</Formation_id>
	<E1_id>529</E1_id>
	<E1_lv>1</E1_lv>
	<E2_id>529</E2_id>
	<E2_lv>1</E2_lv>
	<E3_id>560</E3_id>
	<E3_lv>1</E3_lv>
	<E4_id>560</E4_id>
	<E4_lv>1</E4_lv>
	<E5_id>576</E5_id>
	<E5_lv>1</E5_lv>
	<E6_id>576</E6_id>
	<E6_lv>1</E6_lv>
	<Geth>16</Geth>
	<Experience>200</Experience>
</mst_mapenemy2>
<mst_mapenemy2>
	<Id>240704</Id>
	<Maparea_id>2</Maparea_id>
	<Mapinfo_no>4</Mapinfo_no>
	<Enemy_list_id>2407</Enemy_list_id>
	<Boss>0</Boss>
	<Deck_id>4</Deck_id>
	<Deck_name>増援任務部隊</Deck_name>
	<Formation_id>3</Formation_id>
	<E1_id>529</E1_id>
	<E1_lv>1</E1_lv>
	<E2_id>529</E2_id>
	<E2_lv>1</E2_lv>
	<E3_id>560</E3_id>
	<E3_lv>1</E3_lv>
	<E4_id>560</E4_id>
	<E4_lv>1</E4_lv>
	<E5_id>576</E5_id>
	<E5_lv>1</E5_lv>
	<E6_id>576</E6_id>
	<E6_lv>1</E6_lv>
	<Geth>14</Geth>
	<Experience>170</Experience>
</mst_mapenemy2>
<mst_mapenemy2>
	<Id>240705</Id>
	<Maparea_id>2</Maparea_id>
	<Mapinfo_no>4</Mapinfo_no>
	<Enemy_list_id>2407</Enemy_list_id>
	<Boss>0</Boss>
	<Deck_id>5</Deck_id>
	<Deck_name>増援任務部隊</Deck_name>
	<Formation_id>3</Formation_id>
	<E1_id>529</E1_id>
	<E1_lv>1</E1_lv>
	<E2_id>529</E2_id>
	<E2_lv>1</E2_lv>
	<E3_id>560</E3_id>
	<E3_lv>1</E3_lv>
	<E4_id>560</E4_id>
	<E4_lv>1</E4_lv>
	<E5_id>575</E5_id>
	<E5_lv>1</E5_lv>
	<E6_id>575</E6_id>
	<E6_lv>1</E6_lv>
	<Geth>12</Geth>
	<Experience>150</Experience>
</mst_mapenemy2>
<mst_mapenemy2>
	<Id>240706</Id>
	<Maparea_id>2</Maparea_id>
	<Mapinfo_no>4</Mapinfo_no>
	<Enemy_list_id>2407</Enemy_list_id>
	<Boss>0</Boss>
	<Deck_id>6</Deck_id>
	<Deck_name>増援任務部隊</Deck_name>
	<Formation_id>3</Formation_id>
	<E1_id>529</E1_id>
	<E1_lv>1</E1_lv>
	<E2_id>529</E2_id>
	<E2_lv>1</E2_lv>
	<E3_id>560</E3_id>
	<E3_lv>1</E3_lv>
	<E4_id>560</E4_id>
	<E4_lv>1</E4_lv>
	<E5_id>575</E5_id>
	<E5_lv>1</E5_lv>
	<E6_id>575</E6_id>
	<E6_lv>1</E6_lv>
	<Geth>10</Geth>
	<Experience>140</Experience>
</mst_mapenemy2>
<mst_mapenemy2>
	<Id>240707</Id>
	<Maparea_id>2</Maparea_id>
	<Mapinfo_no>4</Mapinfo_no>
	<Enemy_list_id>2407</Enemy_list_id>
	<Boss>0</Boss>
	<Deck_id>7</Deck_id>
	<Deck_name>増援任務部隊</Deck_name>
	<Formation_id>3</Formation_id>
	<E1_id>529</E1_id>
	<E1_lv>1</E1_lv>
	<E2_id>529</E2_id>
	<E2_lv>1</E2_lv>
	<E3_id>523</E3_id>
	<E3_lv>1</E3_lv>
	<E4_id>523</E4_id>
	<E4_lv>1</E4_lv>
	<E5_id>575</E5_id>
	<E5_lv>1</E5_lv>
	<E6_id>575</E6_id>
	<E6_lv>1</E6_lv>
	<Geth>9</Geth>
	<Experience>130</Experience>
</mst_mapenemy2>
<mst_mapenemy2>
	<Id>240708</Id>
	<Maparea_id>2</Maparea_id>
	<Mapinfo_no>4</Mapinfo_no>
	<Enemy_list_id>2407</Enemy_list_id>
	<Boss>0</Boss>
	<Deck_id>8</Deck_id>
	<Deck_name>増援任務部隊</Deck_name>
	<Formation_id>3</Formation_id>
	<E1_id>529</E1_id>
	<E1_lv>1</E1_lv>
	<E2_id>523</E2_id>
	<E2_lv>1</E2_lv>
	<E3_id>523</E3_id>
	<E3_lv>1</E3_lv>
	<E4_id>575</E4_id>
	<E4_lv>1</E4_lv>
	<E5_id>501</E5_id>
	<E5_lv>1</E5_lv>
	<E6_id>501</E6_id>
	<E6_lv>1</E6_lv>
	<Geth>8</Geth>
	<Experience>110</Experience>
</mst_mapenemy2>
<mst_mapenemy2>
	<Id>240709</Id>
	<Maparea_id>2</Maparea_id>
	<Mapinfo_no>4</Mapinfo_no>
	<Enemy_list_id>2407</Enemy_list_id>
	<Boss>0</Boss>
	<Deck_id>9</Deck_id>
	<Deck_name>増援任務部隊</Deck_name>
	<Formation_id>3</Formation_id>
	<E1_id>524</E1_id>
	<E1_lv>1</E1_lv>
	<E2_id>523</E2_id>
	<E2_lv>1</E2_lv>
	<E3_id>523</E3_id>
	<E3_lv>1</E3_lv>
	<E4_id>501</E4_id>
	<E4_lv>1</E4_lv>
	<E5_id>501</E5_id>
	<E5_lv>1</E5_lv>
	<E6_id>501</E6_id>
	<E6_lv>1</E6_lv>
	<Geth>7</Geth>
	<Experience>100</Experience>
</mst_mapenemy2>
<mst_mapenemy2>
	<Id>240801</Id>
	<Maparea_id>2</Maparea_id>
	<Mapinfo_no>4</Mapinfo_no>
	<Enemy_list_id>2408</Enemy_list_id>
	<Boss>1</Boss>
	<Deck_id>1</Deck_id>
	<Deck_name>ポートワイン泊地</Deck_name>
	<Formation_id>1</Formation_id>
	<E1_id>613</E1_id>
	<E1_lv>1</E1_lv>
	<E2_id>551</E2_id>
	<E2_lv>1</E2_lv>
	<E3_id>551</E3_id>
	<E3_lv>1</E3_lv>
	<E4_id>558</E4_id>
	<E4_lv>1</E4_lv>
	<E5_id>577</E5_id>
	<E5_lv>1</E5_lv>
	<E6_id>577</E6_id>
	<E6_lv>1</E6_lv>
	<Geth>0</Geth>
	<Experience>350</Experience>
</mst_mapenemy2>
<mst_mapenemy2>
	<Id>240802</Id>
	<Maparea_id>2</Maparea_id>
	<Mapinfo_no>4</Mapinfo_no>
	<Enemy_list_id>2408</Enemy_list_id>
	<Boss>1</Boss>
	<Deck_id>2</Deck_id>
	<Deck_name>ポートワイン泊地</Deck_name>
	<Formation_id>1</Formation_id>
	<E1_id>613</E1_id>
	<E1_lv>1</E1_lv>
	<E2_id>550</E2_id>
	<E2_lv>1</E2_lv>
	<E3_id>550</E3_id>
	<E3_lv>1</E3_lv>
	<E4_id>558</E4_id>
	<E4_lv>1</E4_lv>
	<E5_id>576</E5_id>
	<E5_lv>1</E5_lv>
	<E6_id>576</E6_id>
	<E6_lv>1</E6_lv>
	<Geth>0</Geth>
	<Experience>300</Experience>
</mst_mapenemy2>
<mst_mapenemy2>
	<Id>240803</Id>
	<Maparea_id>2</Maparea_id>
	<Mapinfo_no>4</Mapinfo_no>
	<Enemy_list_id>2408</Enemy_list_id>
	<Boss>1</Boss>
	<Deck_id>3</Deck_id>
	<Deck_name>ポートワイン泊地</Deck_name>
	<Formation_id>1</Formation_id>
	<E1_id>613</E1_id>
	<E1_lv>1</E1_lv>
	<E2_id>549</E2_id>
	<E2_lv>1</E2_lv>
	<E3_id>549</E3_id>
	<E3_lv>1</E3_lv>
	<E4_id>558</E4_id>
	<E4_lv>1</E4_lv>
	<E5_id>575</E5_id>
	<E5_lv>1</E5_lv>
	<E6_id>575</E6_id>
	<E6_lv>1</E6_lv>
	<Geth>0</Geth>
	<Experience>290</Experience>
</mst_mapenemy2>
<mst_mapenemy2>
	<Id>240804</Id>
	<Maparea_id>2</Maparea_id>
	<Mapinfo_no>4</Mapinfo_no>
	<Enemy_list_id>2408</Enemy_list_id>
	<Boss>1</Boss>
	<Deck_id>4</Deck_id>
	<Deck_name>ポートワイン泊地</Deck_name>
	<Formation_id>1</Formation_id>
	<E1_id>613</E1_id>
	<E1_lv>1</E1_lv>
	<E2_id>558</E2_id>
	<E2_lv>1</E2_lv>
	<E3_id>558</E3_id>
	<E3_lv>1</E3_lv>
	<E4_id>558</E4_id>
	<E4_lv>1</E4_lv>
	<E5_id>575</E5_id>
	<E5_lv>1</E5_lv>
	<E6_id>575</E6_id>
	<E6_lv>1</E6_lv>
	<Geth>0</Geth>
	<Experience>280</Experience>
</mst_mapenemy2>
<mst_mapenemy2>
	<Id>240805</Id>
	<Maparea_id>2</Maparea_id>
	<Mapinfo_no>4</Mapinfo_no>
	<Enemy_list_id>2408</Enemy_list_id>
	<Boss>1</Boss>
	<Deck_id>5</Deck_id>
	<Deck_name>ポートワイン泊地</Deck_name>
	<Formation_id>1</Formation_id>
	<E1_id>573</E1_id>
	<E1_lv>1</E1_lv>
	<E2_id>526</E2_id>
	<E2_lv>1</E2_lv>
	<E3_id>526</E3_id>
	<E3_lv>1</E3_lv>
	<E4_id>526</E4_id>
	<E4_lv>1</E4_lv>
	<E5_id>575</E5_id>
	<E5_lv>1</E5_lv>
	<E6_id>575</E6_id>
	<E6_lv>1</E6_lv>
	<Geth>1</Geth>
	<Experience>240</Experience>
</mst_mapenemy2>
<mst_mapenemy2>
	<Id>240806</Id>
	<Maparea_id>2</Maparea_id>
	<Mapinfo_no>4</Mapinfo_no>
	<Enemy_list_id>2408</Enemy_list_id>
	<Boss>1</Boss>
	<Deck_id>6</Deck_id>
	<Deck_name>ポートワイン泊地</Deck_name>
	<Formation_id>1</Formation_id>
	<E1_id>573</E1_id>
	<E1_lv>1</E1_lv>
	<E2_id>526</E2_id>
	<E2_lv>1</E2_lv>
	<E3_id>526</E3_id>
	<E3_lv>1</E3_lv>
	<E4_id>575</E4_id>
	<E4_lv>1</E4_lv>
	<E5_id>501</E5_id>
	<E5_lv>1</E5_lv>
	<E6_id>501</E6_id>
	<E6_lv>1</E6_lv>
	<Geth>1</Geth>
	<Experience>210</Experience>
</mst_mapenemy2>
<mst_mapenemy2>
	<Id>240807</Id>
	<Maparea_id>2</Maparea_id>
	<Mapinfo_no>4</Mapinfo_no>
	<Enemy_list_id>2408</Enemy_list_id>
	<Boss>1</Boss>
	<Deck_id>7</Deck_id>
	<Deck_name>ポートワイン泊地</Deck_name>
	<Formation_id>1</Formation_id>
	<E1_id>573</E1_id>
	<E1_lv>1</E1_lv>
	<E2_id>526</E2_id>
	<E2_lv>1</E2_lv>
	<E3_id>526</E3_id>
	<E3_lv>1</E3_lv>
	<E4_id>501</E4_id>
	<E4_lv>1</E4_lv>
	<E5_id>501</E5_id>
	<E5_lv>1</E5_lv>
	<E6_id>0</E6_id>
	<E6_lv>0</E6_lv>
	<Geth>2</Geth>
	<Experience>210</Experience>
</mst_mapenemy2>
<mst_mapenemy2>
	<Id>240808</Id>
	<Maparea_id>2</Maparea_id>
	<Mapinfo_no>4</Mapinfo_no>
	<Enemy_list_id>2408</Enemy_list_id>
	<Boss>1</Boss>
	<Deck_id>8</Deck_id>
	<Deck_name>ポートワイン泊地</Deck_name>
	<Formation_id>1</Formation_id>
	<E1_id>573</E1_id>
	<E1_lv>1</E1_lv>
	<E2_id>513</E2_id>
	<E2_lv>1</E2_lv>
	<E3_id>513</E3_id>
	<E3_lv>1</E3_lv>
	<E4_id>501</E4_id>
	<E4_lv>1</E4_lv>
	<E5_id>501</E5_id>
	<E5_lv>1</E5_lv>
	<E6_id>0</E6_id>
	<E6_lv>0</E6_lv>
	<Geth>3</Geth>
	<Experience>190</Experience>
</mst_mapenemy2>
<mst_mapenemy2>
	<Id>240809</Id>
	<Maparea_id>2</Maparea_id>
	<Mapinfo_no>4</Mapinfo_no>
	<Enemy_list_id>2408</Enemy_list_id>
	<Boss>1</Boss>
	<Deck_id>9</Deck_id>
	<Deck_name>ポートワイン泊地</Deck_name>
	<Formation_id>1</Formation_id>
	<E1_id>573</E1_id>
	<E1_lv>1</E1_lv>
	<E2_id>513</E2_id>
	<E2_lv>1</E2_lv>
	<E3_id>513</E3_id>
	<E3_lv>1</E3_lv>
	<E4_id>0</E4_id>
	<E4_lv>0</E4_lv>
	<E5_id>0</E5_id>
	<E5_lv>0</E5_lv>
	<E6_id>0</E6_id>
	<E6_lv>0</E6_lv>
	<Geth>4</Geth>
	<Experience>180</Experience>
</mst_mapenemy2>
</mst_mapenemy2_data>
