<?xml version="1.0" encoding="utf-8"?>
<mst_mapenemy2_data xmlns:i="http://www.w3.org/2001/XMLSchema-instance">
<mst_mapenemy2>
	<Id>260101</Id>
	<Maparea_id>2</Maparea_id>
	<Mapinfo_no>6</Mapinfo_no>
	<Enemy_list_id>2601</Enemy_list_id>
	<Boss>0</Boss>
	<Deck_id>1</Deck_id>
	<Deck_name>敵偵察艦</Deck_name>
	<Formation_id>1</Formation_id>
	<E1_id>576</E1_id>
	<E1_lv>1</E1_lv>
	<E2_id>575</E2_id>
	<E2_lv>1</E2_lv>
	<E3_id>575</E3_id>
	<E3_lv>1</E3_lv>
	<E4_id>0</E4_id>
	<E4_lv>0</E4_lv>
	<E5_id>0</E5_id>
	<E5_lv>0</E5_lv>
	<E6_id>0</E6_id>
	<E6_lv>0</E6_lv>
	<Geth>20</Geth>
	<Experience>50</Experience>
</mst_mapenemy2>
<mst_mapenemy2>
	<Id>260102</Id>
	<Maparea_id>2</Maparea_id>
	<Mapinfo_no>6</Mapinfo_no>
	<Enemy_list_id>2601</Enemy_list_id>
	<Boss>0</Boss>
	<Deck_id>2</Deck_id>
	<Deck_name>敵偵察艦</Deck_name>
	<Formation_id>1</Formation_id>
	<E1_id>575</E1_id>
	<E1_lv>1</E1_lv>
	<E2_id>502</E2_id>
	<E2_lv>1</E2_lv>
	<E3_id>502</E3_id>
	<E3_lv>1</E3_lv>
	<E4_id>0</E4_id>
	<E4_lv>0</E4_lv>
	<E5_id>0</E5_id>
	<E5_lv>0</E5_lv>
	<E6_id>0</E6_id>
	<E6_lv>0</E6_lv>
	<Geth>20</Geth>
	<Experience>40</Experience>
</mst_mapenemy2>
<mst_mapenemy2>
	<Id>260103</Id>
	<Maparea_id>2</Maparea_id>
	<Mapinfo_no>6</Mapinfo_no>
	<Enemy_list_id>2601</Enemy_list_id>
	<Boss>0</Boss>
	<Deck_id>3</Deck_id>
	<Deck_name>敵偵察艦</Deck_name>
	<Formation_id>1</Formation_id>
	<E1_id>575</E1_id>
	<E1_lv>1</E1_lv>
	<E2_id>501</E2_id>
	<E2_lv>1</E2_lv>
	<E3_id>501</E3_id>
	<E3_lv>1</E3_lv>
	<E4_id>0</E4_id>
	<E4_lv>0</E4_lv>
	<E5_id>0</E5_id>
	<E5_lv>0</E5_lv>
	<E6_id>0</E6_id>
	<E6_lv>0</E6_lv>
	<Geth>20</Geth>
	<Experience>40</Experience>
</mst_mapenemy2>
<mst_mapenemy2>
	<Id>260104</Id>
	<Maparea_id>2</Maparea_id>
	<Mapinfo_no>6</Mapinfo_no>
	<Enemy_list_id>2601</Enemy_list_id>
	<Boss>0</Boss>
	<Deck_id>4</Deck_id>
	<Deck_name>敵偵察艦</Deck_name>
	<Formation_id>1</Formation_id>
	<E1_id>503</E1_id>
	<E1_lv>1</E1_lv>
	<E2_id>502</E2_id>
	<E2_lv>1</E2_lv>
	<E3_id>501</E3_id>
	<E3_lv>1</E3_lv>
	<E4_id>0</E4_id>
	<E4_lv>0</E4_lv>
	<E5_id>0</E5_id>
	<E5_lv>0</E5_lv>
	<E6_id>0</E6_id>
	<E6_lv>0</E6_lv>
	<Geth>20</Geth>
	<Experience>35</Experience>
</mst_mapenemy2>
<mst_mapenemy2>
	<Id>260105</Id>
	<Maparea_id>2</Maparea_id>
	<Mapinfo_no>6</Mapinfo_no>
	<Enemy_list_id>2601</Enemy_list_id>
	<Boss>0</Boss>
	<Deck_id>5</Deck_id>
	<Deck_name>敵偵察艦</Deck_name>
	<Formation_id>1</Formation_id>
	<E1_id>502</E1_id>
	<E1_lv>1</E1_lv>
	<E2_id>501</E2_id>
	<E2_lv>1</E2_lv>
	<E3_id>501</E3_id>
	<E3_lv>1</E3_lv>
	<E4_id>0</E4_id>
	<E4_lv>0</E4_lv>
	<E5_id>0</E5_id>
	<E5_lv>0</E5_lv>
	<E6_id>0</E6_id>
	<E6_lv>0</E6_lv>
	<Geth>20</Geth>
	<Experience>35</Experience>
</mst_mapenemy2>
<mst_mapenemy2>
	<Id>260106</Id>
	<Maparea_id>2</Maparea_id>
	<Mapinfo_no>6</Mapinfo_no>
	<Enemy_list_id>2601</Enemy_list_id>
	<Boss>0</Boss>
	<Deck_id>6</Deck_id>
	<Deck_name>敵偵察艦</Deck_name>
	<Formation_id>1</Formation_id>
	<E1_id>501</E1_id>
	<E1_lv>1</E1_lv>
	<E2_id>501</E2_id>
	<E2_lv>1</E2_lv>
	<E3_id>0</E3_id>
	<E3_lv>0</E3_lv>
	<E4_id>0</E4_id>
	<E4_lv>0</E4_lv>
	<E5_id>0</E5_id>
	<E5_lv>0</E5_lv>
	<E6_id>0</E6_id>
	<E6_lv>0</E6_lv>
	<Geth>20</Geth>
	<Experience>30</Experience>
</mst_mapenemy2>
<mst_mapenemy2>
	<Id>260107</Id>
	<Maparea_id>2</Maparea_id>
	<Mapinfo_no>6</Mapinfo_no>
	<Enemy_list_id>2601</Enemy_list_id>
	<Boss>0</Boss>
	<Deck_id>7</Deck_id>
	<Deck_name>敵偵察艦</Deck_name>
	<Formation_id>1</Formation_id>
	<E1_id>503</E1_id>
	<E1_lv>1</E1_lv>
	<E2_id>0</E2_id>
	<E2_lv>0</E2_lv>
	<E3_id>0</E3_id>
	<E3_lv>0</E3_lv>
	<E4_id>0</E4_id>
	<E4_lv>0</E4_lv>
	<E5_id>0</E5_id>
	<E5_lv>0</E5_lv>
	<E6_id>0</E6_id>
	<E6_lv>0</E6_lv>
	<Geth>20</Geth>
	<Experience>40</Experience>
</mst_mapenemy2>
<mst_mapenemy2>
	<Id>260108</Id>
	<Maparea_id>2</Maparea_id>
	<Mapinfo_no>6</Mapinfo_no>
	<Enemy_list_id>2601</Enemy_list_id>
	<Boss>0</Boss>
	<Deck_id>8</Deck_id>
	<Deck_name>敵偵察艦</Deck_name>
	<Formation_id>1</Formation_id>
	<E1_id>502</E1_id>
	<E1_lv>1</E1_lv>
	<E2_id>0</E2_id>
	<E2_lv>0</E2_lv>
	<E3_id>0</E3_id>
	<E3_lv>0</E3_lv>
	<E4_id>0</E4_id>
	<E4_lv>0</E4_lv>
	<E5_id>0</E5_id>
	<E5_lv>0</E5_lv>
	<E6_id>0</E6_id>
	<E6_lv>0</E6_lv>
	<Geth>20</Geth>
	<Experience>35</Experience>
</mst_mapenemy2>
<mst_mapenemy2>
	<Id>260109</Id>
	<Maparea_id>2</Maparea_id>
	<Mapinfo_no>6</Mapinfo_no>
	<Enemy_list_id>2601</Enemy_list_id>
	<Boss>0</Boss>
	<Deck_id>9</Deck_id>
	<Deck_name>敵偵察艦</Deck_name>
	<Formation_id>1</Formation_id>
	<E1_id>501</E1_id>
	<E1_lv>1</E1_lv>
	<E2_id>0</E2_id>
	<E2_lv>0</E2_lv>
	<E3_id>0</E3_id>
	<E3_lv>0</E3_lv>
	<E4_id>0</E4_id>
	<E4_lv>0</E4_lv>
	<E5_id>0</E5_id>
	<E5_lv>0</E5_lv>
	<E6_id>0</E6_id>
	<E6_lv>0</E6_lv>
	<Geth>20</Geth>
	<Experience>30</Experience>
</mst_mapenemy2>
<mst_mapenemy2>
	<Id>260201</Id>
	<Maparea_id>2</Maparea_id>
	<Mapinfo_no>6</Mapinfo_no>
	<Enemy_list_id>2602</Enemy_list_id>
	<Boss>0</Boss>
	<Deck_id>1</Deck_id>
	<Deck_name>敵はぐれ艦隊</Deck_name>
	<Formation_id>1</Formation_id>
	<E1_id>576</E1_id>
	<E1_lv>1</E1_lv>
	<E2_id>576</E2_id>
	<E2_lv>1</E2_lv>
	<E3_id>575</E3_id>
	<E3_lv>1</E3_lv>
	<E4_id>575</E4_id>
	<E4_lv>1</E4_lv>
	<E5_id>0</E5_id>
	<E5_lv>0</E5_lv>
	<E6_id>0</E6_id>
	<E6_lv>0</E6_lv>
	<Geth>0</Geth>
	<Experience>50</Experience>
</mst_mapenemy2>
<mst_mapenemy2>
	<Id>260202</Id>
	<Maparea_id>2</Maparea_id>
	<Mapinfo_no>6</Mapinfo_no>
	<Enemy_list_id>2602</Enemy_list_id>
	<Boss>0</Boss>
	<Deck_id>2</Deck_id>
	<Deck_name>敵はぐれ艦隊</Deck_name>
	<Formation_id>1</Formation_id>
	<E1_id>575</E1_id>
	<E1_lv>1</E1_lv>
	<E2_id>575</E2_id>
	<E2_lv>1</E2_lv>
	<E3_id>501</E3_id>
	<E3_lv>1</E3_lv>
	<E4_id>501</E4_id>
	<E4_lv>1</E4_lv>
	<E5_id>0</E5_id>
	<E5_lv>0</E5_lv>
	<E6_id>0</E6_id>
	<E6_lv>0</E6_lv>
	<Geth>0</Geth>
	<Experience>45</Experience>
</mst_mapenemy2>
<mst_mapenemy2>
	<Id>260203</Id>
	<Maparea_id>2</Maparea_id>
	<Mapinfo_no>6</Mapinfo_no>
	<Enemy_list_id>2602</Enemy_list_id>
	<Boss>0</Boss>
	<Deck_id>3</Deck_id>
	<Deck_name>敵はぐれ艦隊</Deck_name>
	<Formation_id>1</Formation_id>
	<E1_id>575</E1_id>
	<E1_lv>1</E1_lv>
	<E2_id>501</E2_id>
	<E2_lv>1</E2_lv>
	<E3_id>501</E3_id>
	<E3_lv>1</E3_lv>
	<E4_id>501</E4_id>
	<E4_lv>1</E4_lv>
	<E5_id>0</E5_id>
	<E5_lv>0</E5_lv>
	<E6_id>0</E6_id>
	<E6_lv>0</E6_lv>
	<Geth>0</Geth>
	<Experience>40</Experience>
</mst_mapenemy2>
<mst_mapenemy2>
	<Id>260204</Id>
	<Maparea_id>2</Maparea_id>
	<Mapinfo_no>6</Mapinfo_no>
	<Enemy_list_id>2602</Enemy_list_id>
	<Boss>0</Boss>
	<Deck_id>4</Deck_id>
	<Deck_name>敵はぐれ艦隊</Deck_name>
	<Formation_id>1</Formation_id>
	<E1_id>503</E1_id>
	<E1_lv>1</E1_lv>
	<E2_id>502</E2_id>
	<E2_lv>1</E2_lv>
	<E3_id>501</E3_id>
	<E3_lv>1</E3_lv>
	<E4_id>501</E4_id>
	<E4_lv>1</E4_lv>
	<E5_id>0</E5_id>
	<E5_lv>0</E5_lv>
	<E6_id>0</E6_id>
	<E6_lv>0</E6_lv>
	<Geth>0</Geth>
	<Experience>35</Experience>
</mst_mapenemy2>
<mst_mapenemy2>
	<Id>260205</Id>
	<Maparea_id>2</Maparea_id>
	<Mapinfo_no>6</Mapinfo_no>
	<Enemy_list_id>2602</Enemy_list_id>
	<Boss>0</Boss>
	<Deck_id>5</Deck_id>
	<Deck_name>敵はぐれ艦隊</Deck_name>
	<Formation_id>1</Formation_id>
	<E1_id>503</E1_id>
	<E1_lv>1</E1_lv>
	<E2_id>501</E2_id>
	<E2_lv>1</E2_lv>
	<E3_id>501</E3_id>
	<E3_lv>1</E3_lv>
	<E4_id>0</E4_id>
	<E4_lv>0</E4_lv>
	<E5_id>0</E5_id>
	<E5_lv>0</E5_lv>
	<E6_id>0</E6_id>
	<E6_lv>0</E6_lv>
	<Geth>0</Geth>
	<Experience>35</Experience>
</mst_mapenemy2>
<mst_mapenemy2>
	<Id>260206</Id>
	<Maparea_id>2</Maparea_id>
	<Mapinfo_no>6</Mapinfo_no>
	<Enemy_list_id>2602</Enemy_list_id>
	<Boss>0</Boss>
	<Deck_id>6</Deck_id>
	<Deck_name>敵はぐれ艦隊</Deck_name>
	<Formation_id>1</Formation_id>
	<E1_id>503</E1_id>
	<E1_lv>1</E1_lv>
	<E2_id>502</E2_id>
	<E2_lv>1</E2_lv>
	<E3_id>0</E3_id>
	<E3_lv>0</E3_lv>
	<E4_id>0</E4_id>
	<E4_lv>0</E4_lv>
	<E5_id>0</E5_id>
	<E5_lv>0</E5_lv>
	<E6_id>0</E6_id>
	<E6_lv>0</E6_lv>
	<Geth>0</Geth>
	<Experience>30</Experience>
</mst_mapenemy2>
<mst_mapenemy2>
	<Id>260207</Id>
	<Maparea_id>2</Maparea_id>
	<Mapinfo_no>6</Mapinfo_no>
	<Enemy_list_id>2602</Enemy_list_id>
	<Boss>0</Boss>
	<Deck_id>7</Deck_id>
	<Deck_name>敵はぐれ艦隊</Deck_name>
	<Formation_id>1</Formation_id>
	<E1_id>502</E1_id>
	<E1_lv>1</E1_lv>
	<E2_id>502</E2_id>
	<E2_lv>1</E2_lv>
	<E3_id>0</E3_id>
	<E3_lv>0</E3_lv>
	<E4_id>0</E4_id>
	<E4_lv>0</E4_lv>
	<E5_id>0</E5_id>
	<E5_lv>0</E5_lv>
	<E6_id>0</E6_id>
	<E6_lv>0</E6_lv>
	<Geth>0</Geth>
	<Experience>30</Experience>
</mst_mapenemy2>
<mst_mapenemy2>
	<Id>260208</Id>
	<Maparea_id>2</Maparea_id>
	<Mapinfo_no>6</Mapinfo_no>
	<Enemy_list_id>2602</Enemy_list_id>
	<Boss>0</Boss>
	<Deck_id>8</Deck_id>
	<Deck_name>敵はぐれ艦隊</Deck_name>
	<Formation_id>1</Formation_id>
	<E1_id>502</E1_id>
	<E1_lv>1</E1_lv>
	<E2_id>501</E2_id>
	<E2_lv>1</E2_lv>
	<E3_id>0</E3_id>
	<E3_lv>0</E3_lv>
	<E4_id>0</E4_id>
	<E4_lv>0</E4_lv>
	<E5_id>0</E5_id>
	<E5_lv>0</E5_lv>
	<E6_id>0</E6_id>
	<E6_lv>0</E6_lv>
	<Geth>0</Geth>
	<Experience>30</Experience>
</mst_mapenemy2>
<mst_mapenemy2>
	<Id>260209</Id>
	<Maparea_id>2</Maparea_id>
	<Mapinfo_no>6</Mapinfo_no>
	<Enemy_list_id>2602</Enemy_list_id>
	<Boss>0</Boss>
	<Deck_id>9</Deck_id>
	<Deck_name>敵はぐれ艦隊</Deck_name>
	<Formation_id>1</Formation_id>
	<E1_id>501</E1_id>
	<E1_lv>1</E1_lv>
	<E2_id>501</E2_id>
	<E2_lv>1</E2_lv>
	<E3_id>0</E3_id>
	<E3_lv>0</E3_lv>
	<E4_id>0</E4_id>
	<E4_lv>0</E4_lv>
	<E5_id>0</E5_id>
	<E5_lv>0</E5_lv>
	<E6_id>0</E6_id>
	<E6_lv>0</E6_lv>
	<Geth>0</Geth>
	<Experience>30</Experience>
</mst_mapenemy2>
<mst_mapenemy2>
	<Id>260301</Id>
	<Maparea_id>2</Maparea_id>
	<Mapinfo_no>6</Mapinfo_no>
	<Enemy_list_id>2603</Enemy_list_id>
	<Boss>1</Boss>
	<Deck_id>1</Deck_id>
	<Deck_name>敵主力艦隊</Deck_name>
	<Formation_id>1</Formation_id>
	<E1_id>554</E1_id>
	<E1_lv>1</E1_lv>
	<E2_id>575</E2_id>
	<E2_lv>1</E2_lv>
	<E3_id>575</E3_id>
	<E3_lv>1</E3_lv>
	<E4_id>575</E4_id>
	<E4_lv>1</E4_lv>
	<E5_id>575</E5_id>
	<E5_lv>1</E5_lv>
	<E6_id>0</E6_id>
	<E6_lv>0</E6_lv>
	<Geth>0</Geth>
	<Experience>60</Experience>
</mst_mapenemy2>
<mst_mapenemy2>
	<Id>260302</Id>
	<Maparea_id>2</Maparea_id>
	<Mapinfo_no>6</Mapinfo_no>
	<Enemy_list_id>2603</Enemy_list_id>
	<Boss>1</Boss>
	<Deck_id>2</Deck_id>
	<Deck_name>敵主力艦隊</Deck_name>
	<Formation_id>1</Formation_id>
	<E1_id>554</E1_id>
	<E1_lv>1</E1_lv>
	<E2_id>575</E2_id>
	<E2_lv>1</E2_lv>
	<E3_id>575</E3_id>
	<E3_lv>1</E3_lv>
	<E4_id>502</E4_id>
	<E4_lv>1</E4_lv>
	<E5_id>502</E5_id>
	<E5_lv>1</E5_lv>
	<E6_id>0</E6_id>
	<E6_lv>0</E6_lv>
	<Geth>0</Geth>
	<Experience>60</Experience>
</mst_mapenemy2>
<mst_mapenemy2>
	<Id>260303</Id>
	<Maparea_id>2</Maparea_id>
	<Mapinfo_no>6</Mapinfo_no>
	<Enemy_list_id>2603</Enemy_list_id>
	<Boss>1</Boss>
	<Deck_id>3</Deck_id>
	<Deck_name>敵主力艦隊</Deck_name>
	<Formation_id>1</Formation_id>
	<E1_id>554</E1_id>
	<E1_lv>1</E1_lv>
	<E2_id>575</E2_id>
	<E2_lv>1</E2_lv>
	<E3_id>503</E3_id>
	<E3_lv>1</E3_lv>
	<E4_id>502</E4_id>
	<E4_lv>1</E4_lv>
	<E5_id>502</E5_id>
	<E5_lv>1</E5_lv>
	<E6_id>0</E6_id>
	<E6_lv>0</E6_lv>
	<Geth>1</Geth>
	<Experience>55</Experience>
</mst_mapenemy2>
<mst_mapenemy2>
	<Id>260304</Id>
	<Maparea_id>2</Maparea_id>
	<Mapinfo_no>6</Mapinfo_no>
	<Enemy_list_id>2603</Enemy_list_id>
	<Boss>1</Boss>
	<Deck_id>4</Deck_id>
	<Deck_name>敵主力艦隊</Deck_name>
	<Formation_id>1</Formation_id>
	<E1_id>554</E1_id>
	<E1_lv>1</E1_lv>
	<E2_id>575</E2_id>
	<E2_lv>1</E2_lv>
	<E3_id>502</E3_id>
	<E3_lv>1</E3_lv>
	<E4_id>502</E4_id>
	<E4_lv>1</E4_lv>
	<E5_id>0</E5_id>
	<E5_lv>0</E5_lv>
	<E6_id>0</E6_id>
	<E6_lv>0</E6_lv>
	<Geth>1</Geth>
	<Experience>55</Experience>
</mst_mapenemy2>
<mst_mapenemy2>
	<Id>260305</Id>
	<Maparea_id>2</Maparea_id>
	<Mapinfo_no>6</Mapinfo_no>
	<Enemy_list_id>2603</Enemy_list_id>
	<Boss>1</Boss>
	<Deck_id>5</Deck_id>
	<Deck_name>敵主力艦隊</Deck_name>
	<Formation_id>1</Formation_id>
	<E1_id>554</E1_id>
	<E1_lv>1</E1_lv>
	<E2_id>503</E2_id>
	<E2_lv>1</E2_lv>
	<E3_id>502</E3_id>
	<E3_lv>1</E3_lv>
	<E4_id>502</E4_id>
	<E4_lv>1</E4_lv>
	<E5_id>0</E5_id>
	<E5_lv>0</E5_lv>
	<E6_id>0</E6_id>
	<E6_lv>0</E6_lv>
	<Geth>1</Geth>
	<Experience>55</Experience>
</mst_mapenemy2>
<mst_mapenemy2>
	<Id>260306</Id>
	<Maparea_id>2</Maparea_id>
	<Mapinfo_no>6</Mapinfo_no>
	<Enemy_list_id>2603</Enemy_list_id>
	<Boss>1</Boss>
	<Deck_id>6</Deck_id>
	<Deck_name>敵主力艦隊</Deck_name>
	<Formation_id>1</Formation_id>
	<E1_id>518</E1_id>
	<E1_lv>1</E1_lv>
	<E2_id>503</E2_id>
	<E2_lv>1</E2_lv>
	<E3_id>502</E3_id>
	<E3_lv>1</E3_lv>
	<E4_id>502</E4_id>
	<E4_lv>1</E4_lv>
	<E5_id>0</E5_id>
	<E5_lv>0</E5_lv>
	<E6_id>0</E6_id>
	<E6_lv>0</E6_lv>
	<Geth>2</Geth>
	<Experience>55</Experience>
</mst_mapenemy2>
<mst_mapenemy2>
	<Id>260307</Id>
	<Maparea_id>2</Maparea_id>
	<Mapinfo_no>6</Mapinfo_no>
	<Enemy_list_id>2603</Enemy_list_id>
	<Boss>1</Boss>
	<Deck_id>7</Deck_id>
	<Deck_name>敵主力艦隊</Deck_name>
	<Formation_id>1</Formation_id>
	<E1_id>505</E1_id>
	<E1_lv>1</E1_lv>
	<E2_id>503</E2_id>
	<E2_lv>1</E2_lv>
	<E3_id>502</E3_id>
	<E3_lv>1</E3_lv>
	<E4_id>502</E4_id>
	<E4_lv>1</E4_lv>
	<E5_id>0</E5_id>
	<E5_lv>0</E5_lv>
	<E6_id>0</E6_id>
	<E6_lv>0</E6_lv>
	<Geth>2</Geth>
	<Experience>50</Experience>
</mst_mapenemy2>
<mst_mapenemy2>
	<Id>260308</Id>
	<Maparea_id>2</Maparea_id>
	<Mapinfo_no>6</Mapinfo_no>
	<Enemy_list_id>2603</Enemy_list_id>
	<Boss>1</Boss>
	<Deck_id>8</Deck_id>
	<Deck_name>敵主力艦隊</Deck_name>
	<Formation_id>1</Formation_id>
	<E1_id>505</E1_id>
	<E1_lv>1</E1_lv>
	<E2_id>502</E2_id>
	<E2_lv>1</E2_lv>
	<E3_id>502</E3_id>
	<E3_lv>1</E3_lv>
	<E4_id>0</E4_id>
	<E4_lv>0</E4_lv>
	<E5_id>0</E5_id>
	<E5_lv>0</E5_lv>
	<E6_id>0</E6_id>
	<E6_lv>0</E6_lv>
	<Geth>2</Geth>
	<Experience>50</Experience>
</mst_mapenemy2>
<mst_mapenemy2>
	<Id>260309</Id>
	<Maparea_id>2</Maparea_id>
	<Mapinfo_no>6</Mapinfo_no>
	<Enemy_list_id>2603</Enemy_list_id>
	<Boss>1</Boss>
	<Deck_id>9</Deck_id>
	<Deck_name>敵主力艦隊</Deck_name>
	<Formation_id>1</Formation_id>
	<E1_id>505</E1_id>
	<E1_lv>1</E1_lv>
	<E2_id>501</E2_id>
	<E2_lv>1</E2_lv>
	<E3_id>501</E3_id>
	<E3_lv>1</E3_lv>
	<E4_id>0</E4_id>
	<E4_lv>0</E4_lv>
	<E5_id>0</E5_id>
	<E5_lv>0</E5_lv>
	<E6_id>0</E6_id>
	<E6_lv>0</E6_lv>
	<Geth>2</Geth>
	<Experience>50</Experience>
</mst_mapenemy2>
</mst_mapenemy2_data>
