<?xml version="1.0" encoding="utf-8"?>
<mst_mapenemy2_data xmlns:i="http://www.w3.org/2001/XMLSchema-instance">
<mst_mapenemy2>
	<Id>530101</Id>
	<Maparea_id>5</Maparea_id>
	<Mapinfo_no>3</Mapinfo_no>
	<Enemy_list_id>5301</Enemy_list_id>
	<Boss>0</Boss>
	<Deck_id>1</Deck_id>
	<Deck_name>前衛警戒艦隊 I群</Deck_name>
	<Formation_id>1</Formation_id>
	<E1_id>643</E1_id>
	<E1_lv>1</E1_lv>
	<E2_id>555</E2_id>
	<E2_lv>1</E2_lv>
	<E3_id>554</E3_id>
	<E3_lv>1</E3_lv>
	<E4_id>576</E4_id>
	<E4_lv>1</E4_lv>
	<E5_id>576</E5_id>
	<E5_lv>1</E5_lv>
	<E6_id>534</E6_id>
	<E6_lv>50</E6_lv>
	<Geth>30</Geth>
	<Experience>220</Experience>
</mst_mapenemy2>
<mst_mapenemy2>
	<Id>530102</Id>
	<Maparea_id>5</Maparea_id>
	<Mapinfo_no>3</Mapinfo_no>
	<Enemy_list_id>5301</Enemy_list_id>
	<Boss>0</Boss>
	<Deck_id>2</Deck_id>
	<Deck_name>前衛警戒艦隊 I群</Deck_name>
	<Formation_id>1</Formation_id>
	<E1_id>642</E1_id>
	<E1_lv>1</E1_lv>
	<E2_id>555</E2_id>
	<E2_lv>1</E2_lv>
	<E3_id>554</E3_id>
	<E3_lv>1</E3_lv>
	<E4_id>576</E4_id>
	<E4_lv>1</E4_lv>
	<E5_id>576</E5_id>
	<E5_lv>1</E5_lv>
	<E6_id>534</E6_id>
	<E6_lv>50</E6_lv>
	<Geth>30</Geth>
	<Experience>180</Experience>
</mst_mapenemy2>
<mst_mapenemy2>
	<Id>530103</Id>
	<Maparea_id>5</Maparea_id>
	<Mapinfo_no>3</Mapinfo_no>
	<Enemy_list_id>5301</Enemy_list_id>
	<Boss>0</Boss>
	<Deck_id>3</Deck_id>
	<Deck_name>前衛警戒艦隊 I群</Deck_name>
	<Formation_id>1</Formation_id>
	<E1_id>641</E1_id>
	<E1_lv>1</E1_lv>
	<E2_id>555</E2_id>
	<E2_lv>1</E2_lv>
	<E3_id>554</E3_id>
	<E3_lv>1</E3_lv>
	<E4_id>576</E4_id>
	<E4_lv>1</E4_lv>
	<E5_id>576</E5_id>
	<E5_lv>1</E5_lv>
	<E6_id>532</E6_id>
	<E6_lv>50</E6_lv>
	<Geth>30</Geth>
	<Experience>160</Experience>
</mst_mapenemy2>
<mst_mapenemy2>
	<Id>530104</Id>
	<Maparea_id>5</Maparea_id>
	<Mapinfo_no>3</Mapinfo_no>
	<Enemy_list_id>5301</Enemy_list_id>
	<Boss>0</Boss>
	<Deck_id>4</Deck_id>
	<Deck_name>前衛警戒艦隊 I群</Deck_name>
	<Formation_id>2</Formation_id>
	<E1_id>641</E1_id>
	<E1_lv>1</E1_lv>
	<E2_id>555</E2_id>
	<E2_lv>1</E2_lv>
	<E3_id>554</E3_id>
	<E3_lv>1</E3_lv>
	<E4_id>576</E4_id>
	<E4_lv>1</E4_lv>
	<E5_id>576</E5_id>
	<E5_lv>1</E5_lv>
	<E6_id>532</E6_id>
	<E6_lv>50</E6_lv>
	<Geth>30</Geth>
	<Experience>160</Experience>
</mst_mapenemy2>
<mst_mapenemy2>
	<Id>530105</Id>
	<Maparea_id>5</Maparea_id>
	<Mapinfo_no>3</Mapinfo_no>
	<Enemy_list_id>5301</Enemy_list_id>
	<Boss>0</Boss>
	<Deck_id>5</Deck_id>
	<Deck_name>前衛警戒艦隊 I群</Deck_name>
	<Formation_id>1</Formation_id>
	<E1_id>555</E1_id>
	<E1_lv>1</E1_lv>
	<E2_id>554</E2_id>
	<E2_lv>1</E2_lv>
	<E3_id>554</E3_id>
	<E3_lv>1</E3_lv>
	<E4_id>575</E4_id>
	<E4_lv>1</E4_lv>
	<E5_id>575</E5_id>
	<E5_lv>1</E5_lv>
	<E6_id>530</E6_id>
	<E6_lv>50</E6_lv>
	<Geth>29</Geth>
	<Experience>110</Experience>
</mst_mapenemy2>
<mst_mapenemy2>
	<Id>530106</Id>
	<Maparea_id>5</Maparea_id>
	<Mapinfo_no>3</Mapinfo_no>
	<Enemy_list_id>5301</Enemy_list_id>
	<Boss>0</Boss>
	<Deck_id>6</Deck_id>
	<Deck_name>前衛警戒艦隊 I群</Deck_name>
	<Formation_id>2</Formation_id>
	<E1_id>555</E1_id>
	<E1_lv>1</E1_lv>
	<E2_id>554</E2_id>
	<E2_lv>1</E2_lv>
	<E3_id>554</E3_id>
	<E3_lv>1</E3_lv>
	<E4_id>575</E4_id>
	<E4_lv>1</E4_lv>
	<E5_id>575</E5_id>
	<E5_lv>1</E5_lv>
	<E6_id>530</E6_id>
	<E6_lv>50</E6_lv>
	<Geth>28</Geth>
	<Experience>110</Experience>
</mst_mapenemy2>
<mst_mapenemy2>
	<Id>530107</Id>
	<Maparea_id>5</Maparea_id>
	<Mapinfo_no>3</Mapinfo_no>
	<Enemy_list_id>5301</Enemy_list_id>
	<Boss>0</Boss>
	<Deck_id>7</Deck_id>
	<Deck_name>前衛警戒艦隊 I群</Deck_name>
	<Formation_id>1</Formation_id>
	<E1_id>555</E1_id>
	<E1_lv>1</E1_lv>
	<E2_id>518</E2_id>
	<E2_lv>1</E2_lv>
	<E3_id>518</E3_id>
	<E3_lv>1</E3_lv>
	<E4_id>575</E4_id>
	<E4_lv>1</E4_lv>
	<E5_id>501</E5_id>
	<E5_lv>1</E5_lv>
	<E6_id>501</E6_id>
	<E6_lv>1</E6_lv>
	<Geth>27</Geth>
	<Experience>90</Experience>
</mst_mapenemy2>
<mst_mapenemy2>
	<Id>530108</Id>
	<Maparea_id>5</Maparea_id>
	<Mapinfo_no>3</Mapinfo_no>
	<Enemy_list_id>5301</Enemy_list_id>
	<Boss>0</Boss>
	<Deck_id>8</Deck_id>
	<Deck_name>前衛警戒艦隊 I群</Deck_name>
	<Formation_id>2</Formation_id>
	<E1_id>555</E1_id>
	<E1_lv>1</E1_lv>
	<E2_id>518</E2_id>
	<E2_lv>1</E2_lv>
	<E3_id>518</E3_id>
	<E3_lv>1</E3_lv>
	<E4_id>575</E4_id>
	<E4_lv>1</E4_lv>
	<E5_id>501</E5_id>
	<E5_lv>1</E5_lv>
	<E6_id>501</E6_id>
	<E6_lv>1</E6_lv>
	<Geth>26</Geth>
	<Experience>90</Experience>
</mst_mapenemy2>
<mst_mapenemy2>
	<Id>530109</Id>
	<Maparea_id>5</Maparea_id>
	<Mapinfo_no>3</Mapinfo_no>
	<Enemy_list_id>5301</Enemy_list_id>
	<Boss>0</Boss>
	<Deck_id>9</Deck_id>
	<Deck_name>前衛警戒艦隊 I群</Deck_name>
	<Formation_id>2</Formation_id>
	<E1_id>519</E1_id>
	<E1_lv>1</E1_lv>
	<E2_id>518</E2_id>
	<E2_lv>1</E2_lv>
	<E3_id>518</E3_id>
	<E3_lv>1</E3_lv>
	<E4_id>501</E4_id>
	<E4_lv>1</E4_lv>
	<E5_id>501</E5_id>
	<E5_lv>1</E5_lv>
	<E6_id>0</E6_id>
	<E6_lv>0</E6_lv>
	<Geth>25</Geth>
	<Experience>70</Experience>
</mst_mapenemy2>
<mst_mapenemy2>
	<Id>530201</Id>
	<Maparea_id>5</Maparea_id>
	<Mapinfo_no>3</Mapinfo_no>
	<Enemy_list_id>5302</Enemy_list_id>
	<Boss>0</Boss>
	<Deck_id>1</Deck_id>
	<Deck_name>深海航空基地</Deck_name>
	<Formation_id>3</Formation_id>
	<E1_id>633</E1_id>
	<E1_lv>1</E1_lv>
	<E2_id>549</E2_id>
	<E2_lv>1</E2_lv>
	<E3_id>550</E3_id>
	<E3_lv>1</E3_lv>
	<E4_id>551</E4_id>
	<E4_lv>1</E4_lv>
	<E5_id>577</E5_id>
	<E5_lv>1</E5_lv>
	<E6_id>577</E6_id>
	<E6_lv>1</E6_lv>
	<Geth>0</Geth>
	<Experience>360</Experience>
</mst_mapenemy2>
<mst_mapenemy2>
	<Id>530202</Id>
	<Maparea_id>5</Maparea_id>
	<Mapinfo_no>3</Mapinfo_no>
	<Enemy_list_id>5302</Enemy_list_id>
	<Boss>0</Boss>
	<Deck_id>2</Deck_id>
	<Deck_name>深海航空基地</Deck_name>
	<Formation_id>3</Formation_id>
	<E1_id>632</E1_id>
	<E1_lv>1</E1_lv>
	<E2_id>549</E2_id>
	<E2_lv>1</E2_lv>
	<E3_id>550</E3_id>
	<E3_lv>1</E3_lv>
	<E4_id>551</E4_id>
	<E4_lv>1</E4_lv>
	<E5_id>576</E5_id>
	<E5_lv>1</E5_lv>
	<E6_id>576</E6_id>
	<E6_lv>1</E6_lv>
	<Geth>0</Geth>
	<Experience>340</Experience>
</mst_mapenemy2>
<mst_mapenemy2>
	<Id>530203</Id>
	<Maparea_id>5</Maparea_id>
	<Mapinfo_no>3</Mapinfo_no>
	<Enemy_list_id>5302</Enemy_list_id>
	<Boss>0</Boss>
	<Deck_id>3</Deck_id>
	<Deck_name>深海航空基地</Deck_name>
	<Formation_id>3</Formation_id>
	<E1_id>631</E1_id>
	<E1_lv>1</E1_lv>
	<E2_id>549</E2_id>
	<E2_lv>1</E2_lv>
	<E3_id>550</E3_id>
	<E3_lv>1</E3_lv>
	<E4_id>551</E4_id>
	<E4_lv>1</E4_lv>
	<E5_id>576</E5_id>
	<E5_lv>1</E5_lv>
	<E6_id>576</E6_id>
	<E6_lv>1</E6_lv>
	<Geth>0</Geth>
	<Experience>320</Experience>
</mst_mapenemy2>
<mst_mapenemy2>
	<Id>530204</Id>
	<Maparea_id>5</Maparea_id>
	<Mapinfo_no>3</Mapinfo_no>
	<Enemy_list_id>5302</Enemy_list_id>
	<Boss>0</Boss>
	<Deck_id>4</Deck_id>
	<Deck_name>深海航空基地</Deck_name>
	<Formation_id>3</Formation_id>
	<E1_id>556</E1_id>
	<E1_lv>1</E1_lv>
	<E2_id>549</E2_id>
	<E2_lv>1</E2_lv>
	<E3_id>550</E3_id>
	<E3_lv>1</E3_lv>
	<E4_id>551</E4_id>
	<E4_lv>1</E4_lv>
	<E5_id>575</E5_id>
	<E5_lv>1</E5_lv>
	<E6_id>575</E6_id>
	<E6_lv>1</E6_lv>
	<Geth>1</Geth>
	<Experience>300</Experience>
</mst_mapenemy2>
<mst_mapenemy2>
	<Id>530205</Id>
	<Maparea_id>5</Maparea_id>
	<Mapinfo_no>3</Mapinfo_no>
	<Enemy_list_id>5302</Enemy_list_id>
	<Boss>0</Boss>
	<Deck_id>5</Deck_id>
	<Deck_name>深海航空基地</Deck_name>
	<Formation_id>3</Formation_id>
	<E1_id>556</E1_id>
	<E1_lv>1</E1_lv>
	<E2_id>549</E2_id>
	<E2_lv>1</E2_lv>
	<E3_id>550</E3_id>
	<E3_lv>1</E3_lv>
	<E4_id>513</E4_id>
	<E4_lv>1</E4_lv>
	<E5_id>575</E5_id>
	<E5_lv>1</E5_lv>
	<E6_id>575</E6_id>
	<E6_lv>1</E6_lv>
	<Geth>1</Geth>
	<Experience>280</Experience>
</mst_mapenemy2>
<mst_mapenemy2>
	<Id>530206</Id>
	<Maparea_id>5</Maparea_id>
	<Mapinfo_no>3</Mapinfo_no>
	<Enemy_list_id>5302</Enemy_list_id>
	<Boss>0</Boss>
	<Deck_id>6</Deck_id>
	<Deck_name>深海航空基地</Deck_name>
	<Formation_id>3</Formation_id>
	<E1_id>556</E1_id>
	<E1_lv>1</E1_lv>
	<E2_id>549</E2_id>
	<E2_lv>1</E2_lv>
	<E3_id>513</E3_id>
	<E3_lv>1</E3_lv>
	<E4_id>513</E4_id>
	<E4_lv>1</E4_lv>
	<E5_id>575</E5_id>
	<E5_lv>1</E5_lv>
	<E6_id>575</E6_id>
	<E6_lv>1</E6_lv>
	<Geth>2</Geth>
	<Experience>260</Experience>
</mst_mapenemy2>
<mst_mapenemy2>
	<Id>530207</Id>
	<Maparea_id>5</Maparea_id>
	<Mapinfo_no>3</Mapinfo_no>
	<Enemy_list_id>5302</Enemy_list_id>
	<Boss>0</Boss>
	<Deck_id>7</Deck_id>
	<Deck_name>深海航空基地</Deck_name>
	<Formation_id>3</Formation_id>
	<E1_id>556</E1_id>
	<E1_lv>1</E1_lv>
	<E2_id>513</E2_id>
	<E2_lv>1</E2_lv>
	<E3_id>513</E3_id>
	<E3_lv>1</E3_lv>
	<E4_id>575</E4_id>
	<E4_lv>1</E4_lv>
	<E5_id>575</E5_id>
	<E5_lv>1</E5_lv>
	<E6_id>0</E6_id>
	<E6_lv>0</E6_lv>
	<Geth>3</Geth>
	<Experience>240</Experience>
</mst_mapenemy2>
<mst_mapenemy2>
	<Id>530208</Id>
	<Maparea_id>5</Maparea_id>
	<Mapinfo_no>3</Mapinfo_no>
	<Enemy_list_id>5302</Enemy_list_id>
	<Boss>0</Boss>
	<Deck_id>8</Deck_id>
	<Deck_name>深海航空基地</Deck_name>
	<Formation_id>3</Formation_id>
	<E1_id>556</E1_id>
	<E1_lv>1</E1_lv>
	<E2_id>513</E2_id>
	<E2_lv>1</E2_lv>
	<E3_id>513</E3_id>
	<E3_lv>1</E3_lv>
	<E4_id>501</E4_id>
	<E4_lv>1</E4_lv>
	<E5_id>501</E5_id>
	<E5_lv>1</E5_lv>
	<E6_id>0</E6_id>
	<E6_lv>0</E6_lv>
	<Geth>4</Geth>
	<Experience>220</Experience>
</mst_mapenemy2>
<mst_mapenemy2>
	<Id>530209</Id>
	<Maparea_id>5</Maparea_id>
	<Mapinfo_no>3</Mapinfo_no>
	<Enemy_list_id>5302</Enemy_list_id>
	<Boss>0</Boss>
	<Deck_id>9</Deck_id>
	<Deck_name>深海航空基地</Deck_name>
	<Formation_id>3</Formation_id>
	<E1_id>556</E1_id>
	<E1_lv>1</E1_lv>
	<E2_id>513</E2_id>
	<E2_lv>1</E2_lv>
	<E3_id>513</E3_id>
	<E3_lv>1</E3_lv>
	<E4_id>0</E4_id>
	<E4_lv>0</E4_lv>
	<E5_id>0</E5_id>
	<E5_lv>0</E5_lv>
	<E6_id>0</E6_id>
	<E6_lv>0</E6_lv>
	<Geth>5</Geth>
	<Experience>200</Experience>
</mst_mapenemy2>
<mst_mapenemy2>
	<Id>530301</Id>
	<Maparea_id>5</Maparea_id>
	<Mapinfo_no>3</Mapinfo_no>
	<Enemy_list_id>5303</Enemy_list_id>
	<Boss>0</Boss>
	<Deck_id>1</Deck_id>
	<Deck_name>前衛警戒艦隊 II群</Deck_name>
	<Formation_id>1</Formation_id>
	<E1_id>643</E1_id>
	<E1_lv>1</E1_lv>
	<E2_id>555</E2_id>
	<E2_lv>1</E2_lv>
	<E3_id>554</E3_id>
	<E3_lv>1</E3_lv>
	<E4_id>575</E4_id>
	<E4_lv>1</E4_lv>
	<E5_id>575</E5_id>
	<E5_lv>1</E5_lv>
	<E6_id>575</E6_id>
	<E6_lv>1</E6_lv>
	<Geth>30</Geth>
	<Experience>200</Experience>
</mst_mapenemy2>
<mst_mapenemy2>
	<Id>530302</Id>
	<Maparea_id>5</Maparea_id>
	<Mapinfo_no>3</Mapinfo_no>
	<Enemy_list_id>5303</Enemy_list_id>
	<Boss>0</Boss>
	<Deck_id>2</Deck_id>
	<Deck_name>前衛警戒艦隊 II群</Deck_name>
	<Formation_id>1</Formation_id>
	<E1_id>642</E1_id>
	<E1_lv>1</E1_lv>
	<E2_id>555</E2_id>
	<E2_lv>1</E2_lv>
	<E3_id>554</E3_id>
	<E3_lv>1</E3_lv>
	<E4_id>575</E4_id>
	<E4_lv>1</E4_lv>
	<E5_id>575</E5_id>
	<E5_lv>1</E5_lv>
	<E6_id>575</E6_id>
	<E6_lv>1</E6_lv>
	<Geth>30</Geth>
	<Experience>170</Experience>
</mst_mapenemy2>
<mst_mapenemy2>
	<Id>530303</Id>
	<Maparea_id>5</Maparea_id>
	<Mapinfo_no>3</Mapinfo_no>
	<Enemy_list_id>5303</Enemy_list_id>
	<Boss>0</Boss>
	<Deck_id>3</Deck_id>
	<Deck_name>前衛警戒艦隊 II群</Deck_name>
	<Formation_id>1</Formation_id>
	<E1_id>641</E1_id>
	<E1_lv>1</E1_lv>
	<E2_id>555</E2_id>
	<E2_lv>1</E2_lv>
	<E3_id>554</E3_id>
	<E3_lv>1</E3_lv>
	<E4_id>575</E4_id>
	<E4_lv>1</E4_lv>
	<E5_id>575</E5_id>
	<E5_lv>1</E5_lv>
	<E6_id>575</E6_id>
	<E6_lv>1</E6_lv>
	<Geth>30</Geth>
	<Experience>150</Experience>
</mst_mapenemy2>
<mst_mapenemy2>
	<Id>530304</Id>
	<Maparea_id>5</Maparea_id>
	<Mapinfo_no>3</Mapinfo_no>
	<Enemy_list_id>5303</Enemy_list_id>
	<Boss>0</Boss>
	<Deck_id>4</Deck_id>
	<Deck_name>前衛警戒艦隊 II群</Deck_name>
	<Formation_id>2</Formation_id>
	<E1_id>641</E1_id>
	<E1_lv>1</E1_lv>
	<E2_id>555</E2_id>
	<E2_lv>1</E2_lv>
	<E3_id>554</E3_id>
	<E3_lv>1</E3_lv>
	<E4_id>575</E4_id>
	<E4_lv>1</E4_lv>
	<E5_id>575</E5_id>
	<E5_lv>1</E5_lv>
	<E6_id>575</E6_id>
	<E6_lv>1</E6_lv>
	<Geth>30</Geth>
	<Experience>150</Experience>
</mst_mapenemy2>
<mst_mapenemy2>
	<Id>530305</Id>
	<Maparea_id>5</Maparea_id>
	<Mapinfo_no>3</Mapinfo_no>
	<Enemy_list_id>5303</Enemy_list_id>
	<Boss>0</Boss>
	<Deck_id>5</Deck_id>
	<Deck_name>前衛警戒艦隊 II群</Deck_name>
	<Formation_id>1</Formation_id>
	<E1_id>555</E1_id>
	<E1_lv>1</E1_lv>
	<E2_id>518</E2_id>
	<E2_lv>1</E2_lv>
	<E3_id>518</E3_id>
	<E3_lv>1</E3_lv>
	<E4_id>575</E4_id>
	<E4_lv>1</E4_lv>
	<E5_id>575</E5_id>
	<E5_lv>1</E5_lv>
	<E6_id>501</E6_id>
	<E6_lv>1</E6_lv>
	<Geth>29</Geth>
	<Experience>110</Experience>
</mst_mapenemy2>
<mst_mapenemy2>
	<Id>530306</Id>
	<Maparea_id>5</Maparea_id>
	<Mapinfo_no>3</Mapinfo_no>
	<Enemy_list_id>5303</Enemy_list_id>
	<Boss>0</Boss>
	<Deck_id>6</Deck_id>
	<Deck_name>前衛警戒艦隊 II群</Deck_name>
	<Formation_id>2</Formation_id>
	<E1_id>555</E1_id>
	<E1_lv>1</E1_lv>
	<E2_id>518</E2_id>
	<E2_lv>1</E2_lv>
	<E3_id>518</E3_id>
	<E3_lv>1</E3_lv>
	<E4_id>575</E4_id>
	<E4_lv>1</E4_lv>
	<E5_id>575</E5_id>
	<E5_lv>1</E5_lv>
	<E6_id>501</E6_id>
	<E6_lv>1</E6_lv>
	<Geth>28</Geth>
	<Experience>110</Experience>
</mst_mapenemy2>
<mst_mapenemy2>
	<Id>530307</Id>
	<Maparea_id>5</Maparea_id>
	<Mapinfo_no>3</Mapinfo_no>
	<Enemy_list_id>5303</Enemy_list_id>
	<Boss>0</Boss>
	<Deck_id>7</Deck_id>
	<Deck_name>前衛警戒艦隊 II群</Deck_name>
	<Formation_id>1</Formation_id>
	<E1_id>519</E1_id>
	<E1_lv>1</E1_lv>
	<E2_id>518</E2_id>
	<E2_lv>1</E2_lv>
	<E3_id>518</E3_id>
	<E3_lv>1</E3_lv>
	<E4_id>575</E4_id>
	<E4_lv>1</E4_lv>
	<E5_id>501</E5_id>
	<E5_lv>1</E5_lv>
	<E6_id>501</E6_id>
	<E6_lv>1</E6_lv>
	<Geth>27</Geth>
	<Experience>80</Experience>
</mst_mapenemy2>
<mst_mapenemy2>
	<Id>530308</Id>
	<Maparea_id>5</Maparea_id>
	<Mapinfo_no>3</Mapinfo_no>
	<Enemy_list_id>5303</Enemy_list_id>
	<Boss>0</Boss>
	<Deck_id>8</Deck_id>
	<Deck_name>前衛警戒艦隊 II群</Deck_name>
	<Formation_id>2</Formation_id>
	<E1_id>519</E1_id>
	<E1_lv>1</E1_lv>
	<E2_id>518</E2_id>
	<E2_lv>1</E2_lv>
	<E3_id>518</E3_id>
	<E3_lv>1</E3_lv>
	<E4_id>575</E4_id>
	<E4_lv>1</E4_lv>
	<E5_id>501</E5_id>
	<E5_lv>1</E5_lv>
	<E6_id>501</E6_id>
	<E6_lv>1</E6_lv>
	<Geth>26</Geth>
	<Experience>80</Experience>
</mst_mapenemy2>
<mst_mapenemy2>
	<Id>530309</Id>
	<Maparea_id>5</Maparea_id>
	<Mapinfo_no>3</Mapinfo_no>
	<Enemy_list_id>5303</Enemy_list_id>
	<Boss>0</Boss>
	<Deck_id>9</Deck_id>
	<Deck_name>前衛警戒艦隊 II群</Deck_name>
	<Formation_id>2</Formation_id>
	<E1_id>519</E1_id>
	<E1_lv>1</E1_lv>
	<E2_id>518</E2_id>
	<E2_lv>1</E2_lv>
	<E3_id>518</E3_id>
	<E3_lv>1</E3_lv>
	<E4_id>501</E4_id>
	<E4_lv>1</E4_lv>
	<E5_id>501</E5_id>
	<E5_lv>1</E5_lv>
	<E6_id>0</E6_id>
	<E6_lv>0</E6_lv>
	<Geth>25</Geth>
	<Experience>70</Experience>
</mst_mapenemy2>
<mst_mapenemy2>
	<Id>530401</Id>
	<Maparea_id>5</Maparea_id>
	<Mapinfo_no>3</Mapinfo_no>
	<Enemy_list_id>5304</Enemy_list_id>
	<Boss>0</Boss>
	<Deck_id>1</Deck_id>
	<Deck_name>南方輸送船団</Deck_name>
	<Formation_id>2</Formation_id>
	<E1_id>598</E1_id>
	<E1_lv>1</E1_lv>
	<E2_id>558</E2_id>
	<E2_lv>1</E2_lv>
	<E3_id>558</E3_id>
	<E3_lv>1</E3_lv>
	<E4_id>558</E4_id>
	<E4_lv>1</E4_lv>
	<E5_id>577</E5_id>
	<E5_lv>1</E5_lv>
	<E6_id>577</E6_id>
	<E6_lv>1</E6_lv>
	<Geth>10</Geth>
	<Experience>170</Experience>
</mst_mapenemy2>
<mst_mapenemy2>
	<Id>530402</Id>
	<Maparea_id>5</Maparea_id>
	<Mapinfo_no>3</Mapinfo_no>
	<Enemy_list_id>5304</Enemy_list_id>
	<Boss>0</Boss>
	<Deck_id>2</Deck_id>
	<Deck_name>南方輸送船団</Deck_name>
	<Formation_id>2</Formation_id>
	<E1_id>597</E1_id>
	<E1_lv>1</E1_lv>
	<E2_id>558</E2_id>
	<E2_lv>1</E2_lv>
	<E3_id>558</E3_id>
	<E3_lv>1</E3_lv>
	<E4_id>558</E4_id>
	<E4_lv>1</E4_lv>
	<E5_id>576</E5_id>
	<E5_lv>1</E5_lv>
	<E6_id>576</E6_id>
	<E6_lv>1</E6_lv>
	<Geth>10</Geth>
	<Experience>150</Experience>
</mst_mapenemy2>
<mst_mapenemy2>
	<Id>530403</Id>
	<Maparea_id>5</Maparea_id>
	<Mapinfo_no>3</Mapinfo_no>
	<Enemy_list_id>5304</Enemy_list_id>
	<Boss>0</Boss>
	<Deck_id>3</Deck_id>
	<Deck_name>南方輸送船団</Deck_name>
	<Formation_id>2</Formation_id>
	<E1_id>577</E1_id>
	<E1_lv>1</E1_lv>
	<E2_id>558</E2_id>
	<E2_lv>1</E2_lv>
	<E3_id>558</E3_id>
	<E3_lv>1</E3_lv>
	<E4_id>558</E4_id>
	<E4_lv>1</E4_lv>
	<E5_id>576</E5_id>
	<E5_lv>1</E5_lv>
	<E6_id>576</E6_id>
	<E6_lv>1</E6_lv>
	<Geth>10</Geth>
	<Experience>130</Experience>
</mst_mapenemy2>
<mst_mapenemy2>
	<Id>530404</Id>
	<Maparea_id>5</Maparea_id>
	<Mapinfo_no>3</Mapinfo_no>
	<Enemy_list_id>5304</Enemy_list_id>
	<Boss>0</Boss>
	<Deck_id>4</Deck_id>
	<Deck_name>南方輸送船団</Deck_name>
	<Formation_id>2</Formation_id>
	<E1_id>576</E1_id>
	<E1_lv>1</E1_lv>
	<E2_id>558</E2_id>
	<E2_lv>1</E2_lv>
	<E3_id>558</E3_id>
	<E3_lv>1</E3_lv>
	<E4_id>558</E4_id>
	<E4_lv>1</E4_lv>
	<E5_id>575</E5_id>
	<E5_lv>1</E5_lv>
	<E6_id>575</E6_id>
	<E6_lv>1</E6_lv>
	<Geth>10</Geth>
	<Experience>120</Experience>
</mst_mapenemy2>
<mst_mapenemy2>
	<Id>530405</Id>
	<Maparea_id>5</Maparea_id>
	<Mapinfo_no>3</Mapinfo_no>
	<Enemy_list_id>5304</Enemy_list_id>
	<Boss>0</Boss>
	<Deck_id>5</Deck_id>
	<Deck_name>南方輸送船団</Deck_name>
	<Formation_id>2</Formation_id>
	<E1_id>576</E1_id>
	<E1_lv>1</E1_lv>
	<E2_id>558</E2_id>
	<E2_lv>1</E2_lv>
	<E3_id>526</E3_id>
	<E3_lv>1</E3_lv>
	<E4_id>526</E4_id>
	<E4_lv>1</E4_lv>
	<E5_id>575</E5_id>
	<E5_lv>1</E5_lv>
	<E6_id>575</E6_id>
	<E6_lv>1</E6_lv>
	<Geth>10</Geth>
	<Experience>110</Experience>
</mst_mapenemy2>
<mst_mapenemy2>
	<Id>530406</Id>
	<Maparea_id>5</Maparea_id>
	<Mapinfo_no>3</Mapinfo_no>
	<Enemy_list_id>5304</Enemy_list_id>
	<Boss>0</Boss>
	<Deck_id>6</Deck_id>
	<Deck_name>南方輸送船団</Deck_name>
	<Formation_id>2</Formation_id>
	<E1_id>576</E1_id>
	<E1_lv>1</E1_lv>
	<E2_id>526</E2_id>
	<E2_lv>1</E2_lv>
	<E3_id>513</E3_id>
	<E3_lv>1</E3_lv>
	<E4_id>513</E4_id>
	<E4_lv>1</E4_lv>
	<E5_id>575</E5_id>
	<E5_lv>1</E5_lv>
	<E6_id>575</E6_id>
	<E6_lv>1</E6_lv>
	<Geth>10</Geth>
	<Experience>100</Experience>
</mst_mapenemy2>
<mst_mapenemy2>
	<Id>530407</Id>
	<Maparea_id>5</Maparea_id>
	<Mapinfo_no>3</Mapinfo_no>
	<Enemy_list_id>5304</Enemy_list_id>
	<Boss>0</Boss>
	<Deck_id>7</Deck_id>
	<Deck_name>南方輸送船団</Deck_name>
	<Formation_id>2</Formation_id>
	<E1_id>526</E1_id>
	<E1_lv>1</E1_lv>
	<E2_id>513</E2_id>
	<E2_lv>1</E2_lv>
	<E3_id>513</E3_id>
	<E3_lv>1</E3_lv>
	<E4_id>513</E4_id>
	<E4_lv>1</E4_lv>
	<E5_id>575</E5_id>
	<E5_lv>1</E5_lv>
	<E6_id>575</E6_id>
	<E6_lv>1</E6_lv>
	<Geth>10</Geth>
	<Experience>90</Experience>
</mst_mapenemy2>
<mst_mapenemy2>
	<Id>530408</Id>
	<Maparea_id>5</Maparea_id>
	<Mapinfo_no>3</Mapinfo_no>
	<Enemy_list_id>5304</Enemy_list_id>
	<Boss>0</Boss>
	<Deck_id>8</Deck_id>
	<Deck_name>南方輸送船団</Deck_name>
	<Formation_id>2</Formation_id>
	<E1_id>526</E1_id>
	<E1_lv>1</E1_lv>
	<E2_id>513</E2_id>
	<E2_lv>1</E2_lv>
	<E3_id>513</E3_id>
	<E3_lv>1</E3_lv>
	<E4_id>513</E4_id>
	<E4_lv>1</E4_lv>
	<E5_id>575</E5_id>
	<E5_lv>1</E5_lv>
	<E6_id>501</E6_id>
	<E6_lv>1</E6_lv>
	<Geth>10</Geth>
	<Experience>80</Experience>
</mst_mapenemy2>
<mst_mapenemy2>
	<Id>530409</Id>
	<Maparea_id>5</Maparea_id>
	<Mapinfo_no>3</Mapinfo_no>
	<Enemy_list_id>5304</Enemy_list_id>
	<Boss>0</Boss>
	<Deck_id>9</Deck_id>
	<Deck_name>南方輸送船団</Deck_name>
	<Formation_id>2</Formation_id>
	<E1_id>526</E1_id>
	<E1_lv>1</E1_lv>
	<E2_id>513</E2_id>
	<E2_lv>1</E2_lv>
	<E3_id>513</E3_id>
	<E3_lv>1</E3_lv>
	<E4_id>513</E4_id>
	<E4_lv>1</E4_lv>
	<E5_id>501</E5_id>
	<E5_lv>1</E5_lv>
	<E6_id>501</E6_id>
	<E6_lv>1</E6_lv>
	<Geth>10</Geth>
	<Experience>70</Experience>
</mst_mapenemy2>
<mst_mapenemy2>
	<Id>530501</Id>
	<Maparea_id>5</Maparea_id>
	<Mapinfo_no>3</Mapinfo_no>
	<Enemy_list_id>5305</Enemy_list_id>
	<Boss>0</Boss>
	<Deck_id>1</Deck_id>
	<Deck_name>増援任務部隊</Deck_name>
	<Formation_id>3</Formation_id>
	<E1_id>579</E1_id>
	<E1_lv>1</E1_lv>
	<E2_id>558</E2_id>
	<E2_lv>1</E2_lv>
	<E3_id>592</E3_id>
	<E3_lv>1</E3_lv>
	<E4_id>591</E4_id>
	<E4_lv>1</E4_lv>
	<E5_id>576</E5_id>
	<E5_lv>1</E5_lv>
	<E6_id>576</E6_id>
	<E6_lv>1</E6_lv>
	<Geth>6</Geth>
	<Experience>230</Experience>
</mst_mapenemy2>
<mst_mapenemy2>
	<Id>530502</Id>
	<Maparea_id>5</Maparea_id>
	<Mapinfo_no>3</Mapinfo_no>
	<Enemy_list_id>5305</Enemy_list_id>
	<Boss>0</Boss>
	<Deck_id>2</Deck_id>
	<Deck_name>増援任務部隊</Deck_name>
	<Formation_id>3</Formation_id>
	<E1_id>579</E1_id>
	<E1_lv>1</E1_lv>
	<E2_id>558</E2_id>
	<E2_lv>1</E2_lv>
	<E3_id>591</E3_id>
	<E3_lv>1</E3_lv>
	<E4_id>591</E4_id>
	<E4_lv>1</E4_lv>
	<E5_id>576</E5_id>
	<E5_lv>1</E5_lv>
	<E6_id>576</E6_id>
	<E6_lv>1</E6_lv>
	<Geth>6</Geth>
	<Experience>210</Experience>
</mst_mapenemy2>
<mst_mapenemy2>
	<Id>530503</Id>
	<Maparea_id>5</Maparea_id>
	<Mapinfo_no>3</Mapinfo_no>
	<Enemy_list_id>5305</Enemy_list_id>
	<Boss>0</Boss>
	<Deck_id>3</Deck_id>
	<Deck_name>増援任務部隊</Deck_name>
	<Formation_id>3</Formation_id>
	<E1_id>579</E1_id>
	<E1_lv>1</E1_lv>
	<E2_id>558</E2_id>
	<E2_lv>1</E2_lv>
	<E3_id>591</E3_id>
	<E3_lv>1</E3_lv>
	<E4_id>591</E4_id>
	<E4_lv>1</E4_lv>
	<E5_id>575</E5_id>
	<E5_lv>1</E5_lv>
	<E6_id>575</E6_id>
	<E6_lv>1</E6_lv>
	<Geth>6</Geth>
	<Experience>200</Experience>
</mst_mapenemy2>
<mst_mapenemy2>
	<Id>530504</Id>
	<Maparea_id>5</Maparea_id>
	<Mapinfo_no>3</Mapinfo_no>
	<Enemy_list_id>5305</Enemy_list_id>
	<Boss>0</Boss>
	<Deck_id>4</Deck_id>
	<Deck_name>増援任務部隊</Deck_name>
	<Formation_id>3</Formation_id>
	<E1_id>528</E1_id>
	<E1_lv>1</E1_lv>
	<E2_id>558</E2_id>
	<E2_lv>1</E2_lv>
	<E3_id>591</E3_id>
	<E3_lv>1</E3_lv>
	<E4_id>575</E4_id>
	<E4_lv>1</E4_lv>
	<E5_id>575</E5_id>
	<E5_lv>1</E5_lv>
	<E6_id>575</E6_id>
	<E6_lv>1</E6_lv>
	<Geth>6</Geth>
	<Experience>180</Experience>
</mst_mapenemy2>
<mst_mapenemy2>
	<Id>530505</Id>
	<Maparea_id>5</Maparea_id>
	<Mapinfo_no>3</Mapinfo_no>
	<Enemy_list_id>5305</Enemy_list_id>
	<Boss>0</Boss>
	<Deck_id>5</Deck_id>
	<Deck_name>増援任務部隊</Deck_name>
	<Formation_id>3</Formation_id>
	<E1_id>528</E1_id>
	<E1_lv>1</E1_lv>
	<E2_id>526</E2_id>
	<E2_lv>1</E2_lv>
	<E3_id>591</E3_id>
	<E3_lv>1</E3_lv>
	<E4_id>575</E4_id>
	<E4_lv>1</E4_lv>
	<E5_id>575</E5_id>
	<E5_lv>1</E5_lv>
	<E6_id>575</E6_id>
	<E6_lv>1</E6_lv>
	<Geth>6</Geth>
	<Experience>170</Experience>
</mst_mapenemy2>
<mst_mapenemy2>
	<Id>530506</Id>
	<Maparea_id>5</Maparea_id>
	<Mapinfo_no>3</Mapinfo_no>
	<Enemy_list_id>5305</Enemy_list_id>
	<Boss>0</Boss>
	<Deck_id>6</Deck_id>
	<Deck_name>増援任務部隊</Deck_name>
	<Formation_id>3</Formation_id>
	<E1_id>528</E1_id>
	<E1_lv>1</E1_lv>
	<E2_id>526</E2_id>
	<E2_lv>1</E2_lv>
	<E3_id>591</E3_id>
	<E3_lv>1</E3_lv>
	<E4_id>575</E4_id>
	<E4_lv>1</E4_lv>
	<E5_id>501</E5_id>
	<E5_lv>1</E5_lv>
	<E6_id>501</E6_id>
	<E6_lv>1</E6_lv>
	<Geth>6</Geth>
	<Experience>150</Experience>
</mst_mapenemy2>
<mst_mapenemy2>
	<Id>530507</Id>
	<Maparea_id>5</Maparea_id>
	<Mapinfo_no>3</Mapinfo_no>
	<Enemy_list_id>5305</Enemy_list_id>
	<Boss>0</Boss>
	<Deck_id>7</Deck_id>
	<Deck_name>増援任務部隊</Deck_name>
	<Formation_id>3</Formation_id>
	<E1_id>525</E1_id>
	<E1_lv>1</E1_lv>
	<E2_id>526</E2_id>
	<E2_lv>1</E2_lv>
	<E3_id>591</E3_id>
	<E3_lv>1</E3_lv>
	<E4_id>575</E4_id>
	<E4_lv>1</E4_lv>
	<E5_id>501</E5_id>
	<E5_lv>1</E5_lv>
	<E6_id>501</E6_id>
	<E6_lv>1</E6_lv>
	<Geth>6</Geth>
	<Experience>130</Experience>
</mst_mapenemy2>
<mst_mapenemy2>
	<Id>530508</Id>
	<Maparea_id>5</Maparea_id>
	<Mapinfo_no>3</Mapinfo_no>
	<Enemy_list_id>5305</Enemy_list_id>
	<Boss>0</Boss>
	<Deck_id>8</Deck_id>
	<Deck_name>増援任務部隊</Deck_name>
	<Formation_id>3</Formation_id>
	<E1_id>525</E1_id>
	<E1_lv>1</E1_lv>
	<E2_id>526</E2_id>
	<E2_lv>1</E2_lv>
	<E3_id>519</E3_id>
	<E3_lv>1</E3_lv>
	<E4_id>501</E4_id>
	<E4_lv>1</E4_lv>
	<E5_id>501</E5_id>
	<E5_lv>1</E5_lv>
	<E6_id>501</E6_id>
	<E6_lv>1</E6_lv>
	<Geth>6</Geth>
	<Experience>110</Experience>
</mst_mapenemy2>
<mst_mapenemy2>
	<Id>530509</Id>
	<Maparea_id>5</Maparea_id>
	<Mapinfo_no>3</Mapinfo_no>
	<Enemy_list_id>5305</Enemy_list_id>
	<Boss>0</Boss>
	<Deck_id>9</Deck_id>
	<Deck_name>増援任務部隊</Deck_name>
	<Formation_id>3</Formation_id>
	<E1_id>525</E1_id>
	<E1_lv>1</E1_lv>
	<E2_id>526</E2_id>
	<E2_lv>1</E2_lv>
	<E3_id>501</E3_id>
	<E3_lv>1</E3_lv>
	<E4_id>501</E4_id>
	<E4_lv>1</E4_lv>
	<E5_id>501</E5_id>
	<E5_lv>1</E5_lv>
	<E6_id>501</E6_id>
	<E6_lv>1</E6_lv>
	<Geth>6</Geth>
	<Experience>100</Experience>
</mst_mapenemy2>
<mst_mapenemy2>
	<Id>530601</Id>
	<Maparea_id>5</Maparea_id>
	<Mapinfo_no>3</Mapinfo_no>
	<Enemy_list_id>5306</Enemy_list_id>
	<Boss>1</Boss>
	<Deck_id>1</Deck_id>
	<Deck_name>南方方面主力艦隊</Deck_name>
	<Formation_id>1</Formation_id>
	<E1_id>548</E1_id>
	<E1_lv>1</E1_lv>
	<E2_id>543</E2_id>
	<E2_lv>1</E2_lv>
	<E3_id>543</E3_id>
	<E3_lv>1</E3_lv>
	<E4_id>527</E4_id>
	<E4_lv>1</E4_lv>
	<E5_id>576</E5_id>
	<E5_lv>1</E5_lv>
	<E6_id>576</E6_id>
	<E6_lv>1</E6_lv>
	<Geth>0</Geth>
	<Experience>400</Experience>
</mst_mapenemy2>
<mst_mapenemy2>
	<Id>530602</Id>
	<Maparea_id>5</Maparea_id>
	<Mapinfo_no>3</Mapinfo_no>
	<Enemy_list_id>5306</Enemy_list_id>
	<Boss>1</Boss>
	<Deck_id>2</Deck_id>
	<Deck_name>南方方面主力艦隊</Deck_name>
	<Formation_id>1</Formation_id>
	<E1_id>547</E1_id>
	<E1_lv>1</E1_lv>
	<E2_id>543</E2_id>
	<E2_lv>1</E2_lv>
	<E3_id>543</E3_id>
	<E3_lv>1</E3_lv>
	<E4_id>527</E4_id>
	<E4_lv>1</E4_lv>
	<E5_id>576</E5_id>
	<E5_lv>1</E5_lv>
	<E6_id>576</E6_id>
	<E6_lv>1</E6_lv>
	<Geth>0</Geth>
	<Experience>380</Experience>
</mst_mapenemy2>
<mst_mapenemy2>
	<Id>530603</Id>
	<Maparea_id>5</Maparea_id>
	<Mapinfo_no>3</Mapinfo_no>
	<Enemy_list_id>5306</Enemy_list_id>
	<Boss>1</Boss>
	<Deck_id>3</Deck_id>
	<Deck_name>南方方面主力艦隊</Deck_name>
	<Formation_id>1</Formation_id>
	<E1_id>546</E1_id>
	<E1_lv>1</E1_lv>
	<E2_id>543</E2_id>
	<E2_lv>1</E2_lv>
	<E3_id>543</E3_id>
	<E3_lv>1</E3_lv>
	<E4_id>527</E4_id>
	<E4_lv>1</E4_lv>
	<E5_id>576</E5_id>
	<E5_lv>1</E5_lv>
	<E6_id>576</E6_id>
	<E6_lv>1</E6_lv>
	<Geth>1</Geth>
	<Experience>340</Experience>
</mst_mapenemy2>
<mst_mapenemy2>
	<Id>530604</Id>
	<Maparea_id>5</Maparea_id>
	<Mapinfo_no>3</Mapinfo_no>
	<Enemy_list_id>5306</Enemy_list_id>
	<Boss>1</Boss>
	<Deck_id>4</Deck_id>
	<Deck_name>南方方面主力艦隊</Deck_name>
	<Formation_id>1</Formation_id>
	<E1_id>546</E1_id>
	<E1_lv>1</E1_lv>
	<E2_id>529</E2_id>
	<E2_lv>1</E2_lv>
	<E3_id>529</E3_id>
	<E3_lv>1</E3_lv>
	<E4_id>527</E4_id>
	<E4_lv>1</E4_lv>
	<E5_id>575</E5_id>
	<E5_lv>1</E5_lv>
	<E6_id>575</E6_id>
	<E6_lv>1</E6_lv>
	<Geth>1</Geth>
	<Experience>300</Experience>
</mst_mapenemy2>
<mst_mapenemy2>
	<Id>530605</Id>
	<Maparea_id>5</Maparea_id>
	<Mapinfo_no>3</Mapinfo_no>
	<Enemy_list_id>5306</Enemy_list_id>
	<Boss>1</Boss>
	<Deck_id>5</Deck_id>
	<Deck_name>南方方面主力艦隊</Deck_name>
	<Formation_id>1</Formation_id>
	<E1_id>546</E1_id>
	<E1_lv>1</E1_lv>
	<E2_id>524</E2_id>
	<E2_lv>1</E2_lv>
	<E3_id>524</E3_id>
	<E3_lv>1</E3_lv>
	<E4_id>527</E4_id>
	<E4_lv>1</E4_lv>
	<E5_id>575</E5_id>
	<E5_lv>1</E5_lv>
	<E6_id>575</E6_id>
	<E6_lv>1</E6_lv>
	<Geth>1</Geth>
	<Experience>280</Experience>
</mst_mapenemy2>
<mst_mapenemy2>
	<Id>530606</Id>
	<Maparea_id>5</Maparea_id>
	<Mapinfo_no>3</Mapinfo_no>
	<Enemy_list_id>5306</Enemy_list_id>
	<Boss>1</Boss>
	<Deck_id>6</Deck_id>
	<Deck_name>南方方面主力艦隊</Deck_name>
	<Formation_id>1</Formation_id>
	<E1_id>546</E1_id>
	<E1_lv>1</E1_lv>
	<E2_id>524</E2_id>
	<E2_lv>1</E2_lv>
	<E3_id>522</E3_id>
	<E3_lv>1</E3_lv>
	<E4_id>575</E4_id>
	<E4_lv>1</E4_lv>
	<E5_id>575</E5_id>
	<E5_lv>1</E5_lv>
	<E6_id>0</E6_id>
	<E6_lv>0</E6_lv>
	<Geth>2</Geth>
	<Experience>260</Experience>
</mst_mapenemy2>
<mst_mapenemy2>
	<Id>530607</Id>
	<Maparea_id>5</Maparea_id>
	<Mapinfo_no>3</Mapinfo_no>
	<Enemy_list_id>5306</Enemy_list_id>
	<Boss>1</Boss>
	<Deck_id>7</Deck_id>
	<Deck_name>南方方面主力艦隊</Deck_name>
	<Formation_id>1</Formation_id>
	<E1_id>546</E1_id>
	<E1_lv>1</E1_lv>
	<E2_id>524</E2_id>
	<E2_lv>1</E2_lv>
	<E3_id>575</E3_id>
	<E3_lv>1</E3_lv>
	<E4_id>501</E4_id>
	<E4_lv>1</E4_lv>
	<E5_id>501</E5_id>
	<E5_lv>1</E5_lv>
	<E6_id>0</E6_id>
	<E6_lv>0</E6_lv>
	<Geth>3</Geth>
	<Experience>240</Experience>
</mst_mapenemy2>
<mst_mapenemy2>
	<Id>530608</Id>
	<Maparea_id>5</Maparea_id>
	<Mapinfo_no>3</Mapinfo_no>
	<Enemy_list_id>5306</Enemy_list_id>
	<Boss>1</Boss>
	<Deck_id>8</Deck_id>
	<Deck_name>南方方面主力艦隊</Deck_name>
	<Formation_id>1</Formation_id>
	<E1_id>546</E1_id>
	<E1_lv>1</E1_lv>
	<E2_id>522</E2_id>
	<E2_lv>1</E2_lv>
	<E3_id>501</E3_id>
	<E3_lv>1</E3_lv>
	<E4_id>501</E4_id>
	<E4_lv>1</E4_lv>
	<E5_id>0</E5_id>
	<E5_lv>0</E5_lv>
	<E6_id>0</E6_id>
	<E6_lv>0</E6_lv>
	<Geth>4</Geth>
	<Experience>220</Experience>
</mst_mapenemy2>
<mst_mapenemy2>
	<Id>530609</Id>
	<Maparea_id>5</Maparea_id>
	<Mapinfo_no>3</Mapinfo_no>
	<Enemy_list_id>5306</Enemy_list_id>
	<Boss>1</Boss>
	<Deck_id>9</Deck_id>
	<Deck_name>南方方面主力艦隊</Deck_name>
	<Formation_id>1</Formation_id>
	<E1_id>546</E1_id>
	<E1_lv>1</E1_lv>
	<E2_id>501</E2_id>
	<E2_lv>1</E2_lv>
	<E3_id>501</E3_id>
	<E3_lv>1</E3_lv>
	<E4_id>0</E4_id>
	<E4_lv>0</E4_lv>
	<E5_id>0</E5_id>
	<E5_lv>0</E5_lv>
	<E6_id>0</E6_id>
	<E6_lv>0</E6_lv>
	<Geth>5</Geth>
	<Experience>200</Experience>
</mst_mapenemy2>
</mst_mapenemy2_data>
