<?xml version="1.0" encoding="utf-8"?>
<mst_mapenemy2_data xmlns:i="http://www.w3.org/2001/XMLSchema-instance">
<mst_mapenemy2>
	<Id>720101</Id>
	<Maparea_id>7</Maparea_id>
	<Mapinfo_no>2</Mapinfo_no>
	<Enemy_list_id>7201</Enemy_list_id>
	<Boss>0</Boss>
	<Deck_id>1</Deck_id>
	<Deck_name>前衛ピケット艦隊 II群</Deck_name>
	<Formation_id>1</Formation_id>
	<E1_id>555</E1_id>
	<E1_lv>1</E1_lv>
	<E2_id>591</E2_id>
	<E2_lv>1</E2_lv>
	<E3_id>576</E3_id>
	<E3_lv>1</E3_lv>
	<E4_id>576</E4_id>
	<E4_lv>1</E4_lv>
	<E5_id>575</E5_id>
	<E5_lv>1</E5_lv>
	<E6_id>575</E6_id>
	<E6_lv>1</E6_lv>
	<Geth>30</Geth>
	<Experience>150</Experience>
</mst_mapenemy2>
<mst_mapenemy2>
	<Id>720102</Id>
	<Maparea_id>7</Maparea_id>
	<Mapinfo_no>2</Mapinfo_no>
	<Enemy_list_id>7201</Enemy_list_id>
	<Boss>0</Boss>
	<Deck_id>2</Deck_id>
	<Deck_name>前衛ピケット艦隊 II群</Deck_name>
	<Formation_id>1</Formation_id>
	<E1_id>555</E1_id>
	<E1_lv>1</E1_lv>
	<E2_id>591</E2_id>
	<E2_lv>1</E2_lv>
	<E3_id>576</E3_id>
	<E3_lv>1</E3_lv>
	<E4_id>575</E4_id>
	<E4_lv>1</E4_lv>
	<E5_id>575</E5_id>
	<E5_lv>1</E5_lv>
	<E6_id>0</E6_id>
	<E6_lv>0</E6_lv>
	<Geth>28</Geth>
	<Experience>140</Experience>
</mst_mapenemy2>
<mst_mapenemy2>
	<Id>720103</Id>
	<Maparea_id>7</Maparea_id>
	<Mapinfo_no>2</Mapinfo_no>
	<Enemy_list_id>7201</Enemy_list_id>
	<Boss>0</Boss>
	<Deck_id>3</Deck_id>
	<Deck_name>前衛ピケット艦隊 II群</Deck_name>
	<Formation_id>1</Formation_id>
	<E1_id>555</E1_id>
	<E1_lv>1</E1_lv>
	<E2_id>576</E2_id>
	<E2_lv>1</E2_lv>
	<E3_id>576</E3_id>
	<E3_lv>1</E3_lv>
	<E4_id>575</E4_id>
	<E4_lv>1</E4_lv>
	<E5_id>575</E5_id>
	<E5_lv>1</E5_lv>
	<E6_id>0</E6_id>
	<E6_lv>0</E6_lv>
	<Geth>26</Geth>
	<Experience>130</Experience>
</mst_mapenemy2>
<mst_mapenemy2>
	<Id>720104</Id>
	<Maparea_id>7</Maparea_id>
	<Mapinfo_no>2</Mapinfo_no>
	<Enemy_list_id>7201</Enemy_list_id>
	<Boss>0</Boss>
	<Deck_id>4</Deck_id>
	<Deck_name>前衛ピケット艦隊 II群</Deck_name>
	<Formation_id>1</Formation_id>
	<E1_id>555</E1_id>
	<E1_lv>1</E1_lv>
	<E2_id>575</E2_id>
	<E2_lv>1</E2_lv>
	<E3_id>575</E3_id>
	<E3_lv>1</E3_lv>
	<E4_id>501</E4_id>
	<E4_lv>1</E4_lv>
	<E5_id>501</E5_id>
	<E5_lv>1</E5_lv>
	<E6_id>0</E6_id>
	<E6_lv>0</E6_lv>
	<Geth>24</Geth>
	<Experience>100</Experience>
</mst_mapenemy2>
<mst_mapenemy2>
	<Id>720105</Id>
	<Maparea_id>7</Maparea_id>
	<Mapinfo_no>2</Mapinfo_no>
	<Enemy_list_id>7201</Enemy_list_id>
	<Boss>0</Boss>
	<Deck_id>5</Deck_id>
	<Deck_name>前衛ピケット艦隊 II群</Deck_name>
	<Formation_id>1</Formation_id>
	<E1_id>519</E1_id>
	<E1_lv>1</E1_lv>
	<E2_id>518</E2_id>
	<E2_lv>1</E2_lv>
	<E3_id>575</E3_id>
	<E3_lv>1</E3_lv>
	<E4_id>501</E4_id>
	<E4_lv>1</E4_lv>
	<E5_id>501</E5_id>
	<E5_lv>1</E5_lv>
	<E6_id>0</E6_id>
	<E6_lv>0</E6_lv>
	<Geth>24</Geth>
	<Experience>90</Experience>
</mst_mapenemy2>
<mst_mapenemy2>
	<Id>720106</Id>
	<Maparea_id>7</Maparea_id>
	<Mapinfo_no>2</Mapinfo_no>
	<Enemy_list_id>7201</Enemy_list_id>
	<Boss>0</Boss>
	<Deck_id>6</Deck_id>
	<Deck_name>前衛ピケット艦隊 II群</Deck_name>
	<Formation_id>1</Formation_id>
	<E1_id>519</E1_id>
	<E1_lv>1</E1_lv>
	<E2_id>518</E2_id>
	<E2_lv>1</E2_lv>
	<E3_id>575</E3_id>
	<E3_lv>1</E3_lv>
	<E4_id>501</E4_id>
	<E4_lv>1</E4_lv>
	<E5_id>501</E5_id>
	<E5_lv>1</E5_lv>
	<E6_id>0</E6_id>
	<E6_lv>0</E6_lv>
	<Geth>24</Geth>
	<Experience>90</Experience>
</mst_mapenemy2>
<mst_mapenemy2>
	<Id>720107</Id>
	<Maparea_id>7</Maparea_id>
	<Mapinfo_no>2</Mapinfo_no>
	<Enemy_list_id>7201</Enemy_list_id>
	<Boss>0</Boss>
	<Deck_id>7</Deck_id>
	<Deck_name>前衛ピケット艦隊 II群</Deck_name>
	<Formation_id>2</Formation_id>
	<E1_id>519</E1_id>
	<E1_lv>1</E1_lv>
	<E2_id>505</E2_id>
	<E2_lv>1</E2_lv>
	<E3_id>501</E3_id>
	<E3_lv>1</E3_lv>
	<E4_id>501</E4_id>
	<E4_lv>1</E4_lv>
	<E5_id>501</E5_id>
	<E5_lv>1</E5_lv>
	<E6_id>0</E6_id>
	<E6_lv>0</E6_lv>
	<Geth>24</Geth>
	<Experience>75</Experience>
</mst_mapenemy2>
<mst_mapenemy2>
	<Id>720108</Id>
	<Maparea_id>7</Maparea_id>
	<Mapinfo_no>2</Mapinfo_no>
	<Enemy_list_id>7201</Enemy_list_id>
	<Boss>0</Boss>
	<Deck_id>8</Deck_id>
	<Deck_name>前衛ピケット艦隊 II群</Deck_name>
	<Formation_id>2</Formation_id>
	<E1_id>518</E1_id>
	<E1_lv>1</E1_lv>
	<E2_id>501</E2_id>
	<E2_lv>1</E2_lv>
	<E3_id>501</E3_id>
	<E3_lv>1</E3_lv>
	<E4_id>501</E4_id>
	<E4_lv>1</E4_lv>
	<E5_id>0</E5_id>
	<E5_lv>0</E5_lv>
	<E6_id>0</E6_id>
	<E6_lv>0</E6_lv>
	<Geth>24</Geth>
	<Experience>60</Experience>
</mst_mapenemy2>
<mst_mapenemy2>
	<Id>720109</Id>
	<Maparea_id>7</Maparea_id>
	<Mapinfo_no>2</Mapinfo_no>
	<Enemy_list_id>7201</Enemy_list_id>
	<Boss>0</Boss>
	<Deck_id>9</Deck_id>
	<Deck_name>前衛ピケット艦隊 II群</Deck_name>
	<Formation_id>2</Formation_id>
	<E1_id>505</E1_id>
	<E1_lv>1</E1_lv>
	<E2_id>501</E2_id>
	<E2_lv>1</E2_lv>
	<E3_id>501</E3_id>
	<E3_lv>1</E3_lv>
	<E4_id>501</E4_id>
	<E4_lv>1</E4_lv>
	<E5_id>0</E5_id>
	<E5_lv>0</E5_lv>
	<E6_id>0</E6_id>
	<E6_lv>0</E6_lv>
	<Geth>24</Geth>
	<Experience>50</Experience>
</mst_mapenemy2>
<mst_mapenemy2>
	<Id>720201</Id>
	<Maparea_id>7</Maparea_id>
	<Mapinfo_no>2</Mapinfo_no>
	<Enemy_list_id>7202</Enemy_list_id>
	<Boss>0</Boss>
	<Deck_id>1</Deck_id>
	<Deck_name>前衛ピケット艦隊 I群</Deck_name>
	<Formation_id>1</Formation_id>
	<E1_id>555</E1_id>
	<E1_lv>1</E1_lv>
	<E2_id>554</E2_id>
	<E2_lv>1</E2_lv>
	<E3_id>591</E3_id>
	<E3_lv>1</E3_lv>
	<E4_id>575</E4_id>
	<E4_lv>1</E4_lv>
	<E5_id>575</E5_id>
	<E5_lv>1</E5_lv>
	<E6_id>575</E6_id>
	<E6_lv>1</E6_lv>
	<Geth>26</Geth>
	<Experience>150</Experience>
</mst_mapenemy2>
<mst_mapenemy2>
	<Id>720202</Id>
	<Maparea_id>7</Maparea_id>
	<Mapinfo_no>2</Mapinfo_no>
	<Enemy_list_id>7202</Enemy_list_id>
	<Boss>0</Boss>
	<Deck_id>2</Deck_id>
	<Deck_name>前衛ピケット艦隊 I群</Deck_name>
	<Formation_id>1</Formation_id>
	<E1_id>555</E1_id>
	<E1_lv>1</E1_lv>
	<E2_id>554</E2_id>
	<E2_lv>1</E2_lv>
	<E3_id>575</E3_id>
	<E3_lv>1</E3_lv>
	<E4_id>575</E4_id>
	<E4_lv>1</E4_lv>
	<E5_id>575</E5_id>
	<E5_lv>1</E5_lv>
	<E6_id>575</E6_id>
	<E6_lv>1</E6_lv>
	<Geth>24</Geth>
	<Experience>130</Experience>
</mst_mapenemy2>
<mst_mapenemy2>
	<Id>720203</Id>
	<Maparea_id>7</Maparea_id>
	<Mapinfo_no>2</Mapinfo_no>
	<Enemy_list_id>7202</Enemy_list_id>
	<Boss>0</Boss>
	<Deck_id>3</Deck_id>
	<Deck_name>前衛ピケット艦隊 I群</Deck_name>
	<Formation_id>2</Formation_id>
	<E1_id>555</E1_id>
	<E1_lv>1</E1_lv>
	<E2_id>554</E2_id>
	<E2_lv>1</E2_lv>
	<E3_id>575</E3_id>
	<E3_lv>1</E3_lv>
	<E4_id>575</E4_id>
	<E4_lv>1</E4_lv>
	<E5_id>575</E5_id>
	<E5_lv>1</E5_lv>
	<E6_id>575</E6_id>
	<E6_lv>1</E6_lv>
	<Geth>22</Geth>
	<Experience>130</Experience>
</mst_mapenemy2>
<mst_mapenemy2>
	<Id>720204</Id>
	<Maparea_id>7</Maparea_id>
	<Mapinfo_no>2</Mapinfo_no>
	<Enemy_list_id>7202</Enemy_list_id>
	<Boss>0</Boss>
	<Deck_id>4</Deck_id>
	<Deck_name>前衛ピケット艦隊 I群</Deck_name>
	<Formation_id>1</Formation_id>
	<E1_id>555</E1_id>
	<E1_lv>1</E1_lv>
	<E2_id>554</E2_id>
	<E2_lv>1</E2_lv>
	<E3_id>575</E3_id>
	<E3_lv>1</E3_lv>
	<E4_id>575</E4_id>
	<E4_lv>1</E4_lv>
	<E5_id>501</E5_id>
	<E5_lv>1</E5_lv>
	<E6_id>501</E6_id>
	<E6_lv>1</E6_lv>
	<Geth>20</Geth>
	<Experience>120</Experience>
</mst_mapenemy2>
<mst_mapenemy2>
	<Id>720205</Id>
	<Maparea_id>7</Maparea_id>
	<Mapinfo_no>2</Mapinfo_no>
	<Enemy_list_id>7202</Enemy_list_id>
	<Boss>0</Boss>
	<Deck_id>5</Deck_id>
	<Deck_name>前衛ピケット艦隊 I群</Deck_name>
	<Formation_id>2</Formation_id>
	<E1_id>555</E1_id>
	<E1_lv>1</E1_lv>
	<E2_id>554</E2_id>
	<E2_lv>1</E2_lv>
	<E3_id>575</E3_id>
	<E3_lv>1</E3_lv>
	<E4_id>575</E4_id>
	<E4_lv>1</E4_lv>
	<E5_id>501</E5_id>
	<E5_lv>1</E5_lv>
	<E6_id>501</E6_id>
	<E6_lv>1</E6_lv>
	<Geth>20</Geth>
	<Experience>120</Experience>
</mst_mapenemy2>
<mst_mapenemy2>
	<Id>720206</Id>
	<Maparea_id>7</Maparea_id>
	<Mapinfo_no>2</Mapinfo_no>
	<Enemy_list_id>7202</Enemy_list_id>
	<Boss>0</Boss>
	<Deck_id>6</Deck_id>
	<Deck_name>前衛ピケット艦隊 I群</Deck_name>
	<Formation_id>2</Formation_id>
	<E1_id>519</E1_id>
	<E1_lv>1</E1_lv>
	<E2_id>518</E2_id>
	<E2_lv>1</E2_lv>
	<E3_id>575</E3_id>
	<E3_lv>1</E3_lv>
	<E4_id>501</E4_id>
	<E4_lv>1</E4_lv>
	<E5_id>501</E5_id>
	<E5_lv>1</E5_lv>
	<E6_id>0</E6_id>
	<E6_lv>0</E6_lv>
	<Geth>20</Geth>
	<Experience>90</Experience>
</mst_mapenemy2>
<mst_mapenemy2>
	<Id>720207</Id>
	<Maparea_id>7</Maparea_id>
	<Mapinfo_no>2</Mapinfo_no>
	<Enemy_list_id>7202</Enemy_list_id>
	<Boss>0</Boss>
	<Deck_id>7</Deck_id>
	<Deck_name>前衛ピケット艦隊 I群</Deck_name>
	<Formation_id>2</Formation_id>
	<E1_id>519</E1_id>
	<E1_lv>1</E1_lv>
	<E2_id>518</E2_id>
	<E2_lv>1</E2_lv>
	<E3_id>501</E3_id>
	<E3_lv>1</E3_lv>
	<E4_id>501</E4_id>
	<E4_lv>1</E4_lv>
	<E5_id>501</E5_id>
	<E5_lv>1</E5_lv>
	<E6_id>0</E6_id>
	<E6_lv>0</E6_lv>
	<Geth>20</Geth>
	<Experience>80</Experience>
</mst_mapenemy2>
<mst_mapenemy2>
	<Id>720208</Id>
	<Maparea_id>7</Maparea_id>
	<Mapinfo_no>2</Mapinfo_no>
	<Enemy_list_id>7202</Enemy_list_id>
	<Boss>0</Boss>
	<Deck_id>8</Deck_id>
	<Deck_name>前衛ピケット艦隊 I群</Deck_name>
	<Formation_id>2</Formation_id>
	<E1_id>518</E1_id>
	<E1_lv>1</E1_lv>
	<E2_id>501</E2_id>
	<E2_lv>1</E2_lv>
	<E3_id>501</E3_id>
	<E3_lv>1</E3_lv>
	<E4_id>501</E4_id>
	<E4_lv>1</E4_lv>
	<E5_id>501</E5_id>
	<E5_lv>1</E5_lv>
	<E6_id>0</E6_id>
	<E6_lv>0</E6_lv>
	<Geth>20</Geth>
	<Experience>70</Experience>
</mst_mapenemy2>
<mst_mapenemy2>
	<Id>720209</Id>
	<Maparea_id>7</Maparea_id>
	<Mapinfo_no>2</Mapinfo_no>
	<Enemy_list_id>7202</Enemy_list_id>
	<Boss>0</Boss>
	<Deck_id>9</Deck_id>
	<Deck_name>前衛ピケット艦隊 I群</Deck_name>
	<Formation_id>2</Formation_id>
	<E1_id>505</E1_id>
	<E1_lv>1</E1_lv>
	<E2_id>501</E2_id>
	<E2_lv>1</E2_lv>
	<E3_id>501</E3_id>
	<E3_lv>1</E3_lv>
	<E4_id>501</E4_id>
	<E4_lv>1</E4_lv>
	<E5_id>501</E5_id>
	<E5_lv>1</E5_lv>
	<E6_id>0</E6_id>
	<E6_lv>0</E6_lv>
	<Geth>20</Geth>
	<Experience>60</Experience>
</mst_mapenemy2>
<mst_mapenemy2>
	<Id>720301</Id>
	<Maparea_id>7</Maparea_id>
	<Mapinfo_no>2</Mapinfo_no>
	<Enemy_list_id>7203</Enemy_list_id>
	<Boss>0</Boss>
	<Deck_id>1</Deck_id>
	<Deck_name>任務部隊 I群</Deck_name>
	<Formation_id>1</Formation_id>
	<E1_id>527</E1_id>
	<E1_lv>1</E1_lv>
	<E2_id>559</E2_id>
	<E2_lv>1</E2_lv>
	<E3_id>559</E3_id>
	<E3_lv>1</E3_lv>
	<E4_id>592</E4_id>
	<E4_lv>1</E4_lv>
	<E5_id>577</E5_id>
	<E5_lv>1</E5_lv>
	<E6_id>577</E6_id>
	<E6_lv>1</E6_lv>
	<Geth>20</Geth>
	<Experience>180</Experience>
</mst_mapenemy2>
<mst_mapenemy2>
	<Id>720302</Id>
	<Maparea_id>7</Maparea_id>
	<Mapinfo_no>2</Mapinfo_no>
	<Enemy_list_id>7203</Enemy_list_id>
	<Boss>0</Boss>
	<Deck_id>2</Deck_id>
	<Deck_name>任務部隊 I群</Deck_name>
	<Formation_id>2</Formation_id>
	<E1_id>527</E1_id>
	<E1_lv>1</E1_lv>
	<E2_id>559</E2_id>
	<E2_lv>1</E2_lv>
	<E3_id>559</E3_id>
	<E3_lv>1</E3_lv>
	<E4_id>592</E4_id>
	<E4_lv>1</E4_lv>
	<E5_id>577</E5_id>
	<E5_lv>1</E5_lv>
	<E6_id>577</E6_id>
	<E6_lv>1</E6_lv>
	<Geth>18</Geth>
	<Experience>180</Experience>
</mst_mapenemy2>
<mst_mapenemy2>
	<Id>720303</Id>
	<Maparea_id>7</Maparea_id>
	<Mapinfo_no>2</Mapinfo_no>
	<Enemy_list_id>7203</Enemy_list_id>
	<Boss>0</Boss>
	<Deck_id>3</Deck_id>
	<Deck_name>任務部隊 I群</Deck_name>
	<Formation_id>1</Formation_id>
	<E1_id>527</E1_id>
	<E1_lv>1</E1_lv>
	<E2_id>559</E2_id>
	<E2_lv>1</E2_lv>
	<E3_id>559</E3_id>
	<E3_lv>1</E3_lv>
	<E4_id>555</E4_id>
	<E4_lv>1</E4_lv>
	<E5_id>576</E5_id>
	<E5_lv>1</E5_lv>
	<E6_id>576</E6_id>
	<E6_lv>1</E6_lv>
	<Geth>16</Geth>
	<Experience>150</Experience>
</mst_mapenemy2>
<mst_mapenemy2>
	<Id>720304</Id>
	<Maparea_id>7</Maparea_id>
	<Mapinfo_no>2</Mapinfo_no>
	<Enemy_list_id>7203</Enemy_list_id>
	<Boss>0</Boss>
	<Deck_id>4</Deck_id>
	<Deck_name>任務部隊 I群</Deck_name>
	<Formation_id>2</Formation_id>
	<E1_id>527</E1_id>
	<E1_lv>1</E1_lv>
	<E2_id>559</E2_id>
	<E2_lv>1</E2_lv>
	<E3_id>559</E3_id>
	<E3_lv>1</E3_lv>
	<E4_id>555</E4_id>
	<E4_lv>1</E4_lv>
	<E5_id>576</E5_id>
	<E5_lv>1</E5_lv>
	<E6_id>576</E6_id>
	<E6_lv>1</E6_lv>
	<Geth>14</Geth>
	<Experience>150</Experience>
</mst_mapenemy2>
<mst_mapenemy2>
	<Id>720305</Id>
	<Maparea_id>7</Maparea_id>
	<Mapinfo_no>2</Mapinfo_no>
	<Enemy_list_id>7203</Enemy_list_id>
	<Boss>0</Boss>
	<Deck_id>5</Deck_id>
	<Deck_name>任務部隊 I群</Deck_name>
	<Formation_id>1</Formation_id>
	<E1_id>527</E1_id>
	<E1_lv>1</E1_lv>
	<E2_id>559</E2_id>
	<E2_lv>1</E2_lv>
	<E3_id>559</E3_id>
	<E3_lv>1</E3_lv>
	<E4_id>520</E4_id>
	<E4_lv>1</E4_lv>
	<E5_id>576</E5_id>
	<E5_lv>1</E5_lv>
	<E6_id>576</E6_id>
	<E6_lv>1</E6_lv>
	<Geth>14</Geth>
	<Experience>110</Experience>
</mst_mapenemy2>
<mst_mapenemy2>
	<Id>720306</Id>
	<Maparea_id>7</Maparea_id>
	<Mapinfo_no>2</Mapinfo_no>
	<Enemy_list_id>7203</Enemy_list_id>
	<Boss>0</Boss>
	<Deck_id>6</Deck_id>
	<Deck_name>任務部隊 I群</Deck_name>
	<Formation_id>2</Formation_id>
	<E1_id>527</E1_id>
	<E1_lv>1</E1_lv>
	<E2_id>521</E2_id>
	<E2_lv>1</E2_lv>
	<E3_id>521</E3_id>
	<E3_lv>1</E3_lv>
	<E4_id>501</E4_id>
	<E4_lv>1</E4_lv>
	<E5_id>501</E5_id>
	<E5_lv>1</E5_lv>
	<E6_id>501</E6_id>
	<E6_lv>1</E6_lv>
	<Geth>14</Geth>
	<Experience>110</Experience>
</mst_mapenemy2>
<mst_mapenemy2>
	<Id>720307</Id>
	<Maparea_id>7</Maparea_id>
	<Mapinfo_no>2</Mapinfo_no>
	<Enemy_list_id>7203</Enemy_list_id>
	<Boss>0</Boss>
	<Deck_id>7</Deck_id>
	<Deck_name>任務部隊 I群</Deck_name>
	<Formation_id>2</Formation_id>
	<E1_id>522</E1_id>
	<E1_lv>1</E1_lv>
	<E2_id>521</E2_id>
	<E2_lv>1</E2_lv>
	<E3_id>521</E3_id>
	<E3_lv>1</E3_lv>
	<E4_id>501</E4_id>
	<E4_lv>1</E4_lv>
	<E5_id>501</E5_id>
	<E5_lv>1</E5_lv>
	<E6_id>501</E6_id>
	<E6_lv>1</E6_lv>
	<Geth>14</Geth>
	<Experience>90</Experience>
</mst_mapenemy2>
<mst_mapenemy2>
	<Id>720308</Id>
	<Maparea_id>7</Maparea_id>
	<Mapinfo_no>2</Mapinfo_no>
	<Enemy_list_id>7203</Enemy_list_id>
	<Boss>0</Boss>
	<Deck_id>8</Deck_id>
	<Deck_name>任務部隊 I群</Deck_name>
	<Formation_id>2</Formation_id>
	<E1_id>522</E1_id>
	<E1_lv>1</E1_lv>
	<E2_id>508</E2_id>
	<E2_lv>1</E2_lv>
	<E3_id>508</E3_id>
	<E3_lv>1</E3_lv>
	<E4_id>501</E4_id>
	<E4_lv>1</E4_lv>
	<E5_id>501</E5_id>
	<E5_lv>1</E5_lv>
	<E6_id>501</E6_id>
	<E6_lv>1</E6_lv>
	<Geth>14</Geth>
	<Experience>75</Experience>
</mst_mapenemy2>
<mst_mapenemy2>
	<Id>720309</Id>
	<Maparea_id>7</Maparea_id>
	<Mapinfo_no>2</Mapinfo_no>
	<Enemy_list_id>7203</Enemy_list_id>
	<Boss>0</Boss>
	<Deck_id>9</Deck_id>
	<Deck_name>任務部隊 I群</Deck_name>
	<Formation_id>2</Formation_id>
	<E1_id>522</E1_id>
	<E1_lv>1</E1_lv>
	<E2_id>508</E2_id>
	<E2_lv>1</E2_lv>
	<E3_id>508</E3_id>
	<E3_lv>1</E3_lv>
	<E4_id>501</E4_id>
	<E4_lv>1</E4_lv>
	<E5_id>501</E5_id>
	<E5_lv>1</E5_lv>
	<E6_id>0</E6_id>
	<E6_lv>0</E6_lv>
	<Geth>14</Geth>
	<Experience>65</Experience>
</mst_mapenemy2>
<mst_mapenemy2>
	<Id>720401</Id>
	<Maparea_id>7</Maparea_id>
	<Mapinfo_no>2</Mapinfo_no>
	<Enemy_list_id>7204</Enemy_list_id>
	<Boss>0</Boss>
	<Deck_id>1</Deck_id>
	<Deck_name>前衛水上打撃部隊</Deck_name>
	<Formation_id>2</Formation_id>
	<E1_id>529</E1_id>
	<E1_lv>1</E1_lv>
	<E2_id>529</E2_id>
	<E2_lv>1</E2_lv>
	<E3_id>560</E3_id>
	<E3_lv>1</E3_lv>
	<E4_id>592</E4_id>
	<E4_lv>1</E4_lv>
	<E5_id>577</E5_id>
	<E5_lv>1</E5_lv>
	<E6_id>577</E6_id>
	<E6_lv>1</E6_lv>
	<Geth>10</Geth>
	<Experience>200</Experience>
</mst_mapenemy2>
<mst_mapenemy2>
	<Id>720402</Id>
	<Maparea_id>7</Maparea_id>
	<Mapinfo_no>2</Mapinfo_no>
	<Enemy_list_id>7204</Enemy_list_id>
	<Boss>0</Boss>
	<Deck_id>2</Deck_id>
	<Deck_name>前衛水上打撃部隊</Deck_name>
	<Formation_id>2</Formation_id>
	<E1_id>529</E1_id>
	<E1_lv>1</E1_lv>
	<E2_id>529</E2_id>
	<E2_lv>1</E2_lv>
	<E3_id>560</E3_id>
	<E3_lv>1</E3_lv>
	<E4_id>591</E4_id>
	<E4_lv>1</E4_lv>
	<E5_id>576</E5_id>
	<E5_lv>1</E5_lv>
	<E6_id>576</E6_id>
	<E6_lv>1</E6_lv>
	<Geth>8</Geth>
	<Experience>190</Experience>
</mst_mapenemy2>
<mst_mapenemy2>
	<Id>720403</Id>
	<Maparea_id>7</Maparea_id>
	<Mapinfo_no>2</Mapinfo_no>
	<Enemy_list_id>7204</Enemy_list_id>
	<Boss>0</Boss>
	<Deck_id>3</Deck_id>
	<Deck_name>前衛水上打撃部隊</Deck_name>
	<Formation_id>2</Formation_id>
	<E1_id>529</E1_id>
	<E1_lv>1</E1_lv>
	<E2_id>529</E2_id>
	<E2_lv>1</E2_lv>
	<E3_id>523</E3_id>
	<E3_lv>1</E3_lv>
	<E4_id>591</E4_id>
	<E4_lv>1</E4_lv>
	<E5_id>575</E5_id>
	<E5_lv>1</E5_lv>
	<E6_id>575</E6_id>
	<E6_lv>1</E6_lv>
	<Geth>6</Geth>
	<Experience>180</Experience>
</mst_mapenemy2>
<mst_mapenemy2>
	<Id>720404</Id>
	<Maparea_id>7</Maparea_id>
	<Mapinfo_no>2</Mapinfo_no>
	<Enemy_list_id>7204</Enemy_list_id>
	<Boss>0</Boss>
	<Deck_id>4</Deck_id>
	<Deck_name>前衛水上打撃部隊</Deck_name>
	<Formation_id>2</Formation_id>
	<E1_id>529</E1_id>
	<E1_lv>1</E1_lv>
	<E2_id>529</E2_id>
	<E2_lv>1</E2_lv>
	<E3_id>523</E3_id>
	<E3_lv>1</E3_lv>
	<E4_id>520</E4_id>
	<E4_lv>1</E4_lv>
	<E5_id>575</E5_id>
	<E5_lv>1</E5_lv>
	<E6_id>575</E6_id>
	<E6_lv>1</E6_lv>
	<Geth>4</Geth>
	<Experience>170</Experience>
</mst_mapenemy2>
<mst_mapenemy2>
	<Id>720405</Id>
	<Maparea_id>7</Maparea_id>
	<Mapinfo_no>2</Mapinfo_no>
	<Enemy_list_id>7204</Enemy_list_id>
	<Boss>0</Boss>
	<Deck_id>5</Deck_id>
	<Deck_name>前衛水上打撃部隊</Deck_name>
	<Formation_id>2</Formation_id>
	<E1_id>529</E1_id>
	<E1_lv>1</E1_lv>
	<E2_id>529</E2_id>
	<E2_lv>1</E2_lv>
	<E3_id>522</E3_id>
	<E3_lv>1</E3_lv>
	<E4_id>520</E4_id>
	<E4_lv>1</E4_lv>
	<E5_id>501</E5_id>
	<E5_lv>1</E5_lv>
	<E6_id>501</E6_id>
	<E6_lv>1</E6_lv>
	<Geth>4</Geth>
	<Experience>150</Experience>
</mst_mapenemy2>
<mst_mapenemy2>
	<Id>720406</Id>
	<Maparea_id>7</Maparea_id>
	<Mapinfo_no>2</Mapinfo_no>
	<Enemy_list_id>7204</Enemy_list_id>
	<Boss>0</Boss>
	<Deck_id>6</Deck_id>
	<Deck_name>前衛水上打撃部隊</Deck_name>
	<Formation_id>2</Formation_id>
	<E1_id>524</E1_id>
	<E1_lv>1</E1_lv>
	<E2_id>524</E2_id>
	<E2_lv>1</E2_lv>
	<E3_id>522</E3_id>
	<E3_lv>1</E3_lv>
	<E4_id>520</E4_id>
	<E4_lv>1</E4_lv>
	<E5_id>501</E5_id>
	<E5_lv>1</E5_lv>
	<E6_id>501</E6_id>
	<E6_lv>1</E6_lv>
	<Geth>4</Geth>
	<Experience>130</Experience>
</mst_mapenemy2>
<mst_mapenemy2>
	<Id>720407</Id>
	<Maparea_id>7</Maparea_id>
	<Mapinfo_no>2</Mapinfo_no>
	<Enemy_list_id>7204</Enemy_list_id>
	<Boss>0</Boss>
	<Deck_id>7</Deck_id>
	<Deck_name>前衛水上打撃部隊</Deck_name>
	<Formation_id>2</Formation_id>
	<E1_id>524</E1_id>
	<E1_lv>1</E1_lv>
	<E2_id>524</E2_id>
	<E2_lv>1</E2_lv>
	<E3_id>520</E3_id>
	<E3_lv>1</E3_lv>
	<E4_id>501</E4_id>
	<E4_lv>1</E4_lv>
	<E5_id>501</E5_id>
	<E5_lv>1</E5_lv>
	<E6_id>0</E6_id>
	<E6_lv>0</E6_lv>
	<Geth>4</Geth>
	<Experience>110</Experience>
</mst_mapenemy2>
<mst_mapenemy2>
	<Id>720408</Id>
	<Maparea_id>7</Maparea_id>
	<Mapinfo_no>2</Mapinfo_no>
	<Enemy_list_id>7204</Enemy_list_id>
	<Boss>0</Boss>
	<Deck_id>8</Deck_id>
	<Deck_name>前衛水上打撃部隊</Deck_name>
	<Formation_id>2</Formation_id>
	<E1_id>524</E1_id>
	<E1_lv>1</E1_lv>
	<E2_id>524</E2_id>
	<E2_lv>1</E2_lv>
	<E3_id>501</E3_id>
	<E3_lv>1</E3_lv>
	<E4_id>501</E4_id>
	<E4_lv>1</E4_lv>
	<E5_id>0</E5_id>
	<E5_lv>0</E5_lv>
	<E6_id>0</E6_id>
	<E6_lv>0</E6_lv>
	<Geth>4</Geth>
	<Experience>100</Experience>
</mst_mapenemy2>
<mst_mapenemy2>
	<Id>720409</Id>
	<Maparea_id>7</Maparea_id>
	<Mapinfo_no>2</Mapinfo_no>
	<Enemy_list_id>7204</Enemy_list_id>
	<Boss>0</Boss>
	<Deck_id>9</Deck_id>
	<Deck_name>前衛水上打撃部隊</Deck_name>
	<Formation_id>2</Formation_id>
	<E1_id>511</E1_id>
	<E1_lv>1</E1_lv>
	<E2_id>511</E2_id>
	<E2_lv>1</E2_lv>
	<E3_id>501</E3_id>
	<E3_lv>1</E3_lv>
	<E4_id>501</E4_id>
	<E4_lv>1</E4_lv>
	<E5_id>0</E5_id>
	<E5_lv>0</E5_lv>
	<E6_id>0</E6_id>
	<E6_lv>0</E6_lv>
	<Geth>4</Geth>
	<Experience>80</Experience>
</mst_mapenemy2>
<mst_mapenemy2>
	<Id>720501</Id>
	<Maparea_id>7</Maparea_id>
	<Mapinfo_no>2</Mapinfo_no>
	<Enemy_list_id>7205</Enemy_list_id>
	<Boss>0</Boss>
	<Deck_id>1</Deck_id>
	<Deck_name>任務部隊 II群</Deck_name>
	<Formation_id>3</Formation_id>
	<E1_id>560</E1_id>
	<E1_lv>1</E1_lv>
	<E2_id>560</E2_id>
	<E2_lv>1</E2_lv>
	<E3_id>592</E3_id>
	<E3_lv>1</E3_lv>
	<E4_id>576</E4_id>
	<E4_lv>1</E4_lv>
	<E5_id>576</E5_id>
	<E5_lv>1</E5_lv>
	<E6_id>576</E6_id>
	<E6_lv>1</E6_lv>
	<Geth>0</Geth>
	<Experience>200</Experience>
</mst_mapenemy2>
<mst_mapenemy2>
	<Id>720502</Id>
	<Maparea_id>7</Maparea_id>
	<Mapinfo_no>2</Mapinfo_no>
	<Enemy_list_id>7205</Enemy_list_id>
	<Boss>0</Boss>
	<Deck_id>2</Deck_id>
	<Deck_name>任務部隊 II群</Deck_name>
	<Formation_id>2</Formation_id>
	<E1_id>560</E1_id>
	<E1_lv>1</E1_lv>
	<E2_id>560</E2_id>
	<E2_lv>1</E2_lv>
	<E3_id>592</E3_id>
	<E3_lv>1</E3_lv>
	<E4_id>576</E4_id>
	<E4_lv>1</E4_lv>
	<E5_id>575</E5_id>
	<E5_lv>1</E5_lv>
	<E6_id>575</E6_id>
	<E6_lv>1</E6_lv>
	<Geth>0</Geth>
	<Experience>180</Experience>
</mst_mapenemy2>
<mst_mapenemy2>
	<Id>720503</Id>
	<Maparea_id>7</Maparea_id>
	<Mapinfo_no>2</Mapinfo_no>
	<Enemy_list_id>7205</Enemy_list_id>
	<Boss>0</Boss>
	<Deck_id>3</Deck_id>
	<Deck_name>任務部隊 II群</Deck_name>
	<Formation_id>3</Formation_id>
	<E1_id>560</E1_id>
	<E1_lv>1</E1_lv>
	<E2_id>522</E2_id>
	<E2_lv>1</E2_lv>
	<E3_id>592</E3_id>
	<E3_lv>1</E3_lv>
	<E4_id>576</E4_id>
	<E4_lv>1</E4_lv>
	<E5_id>575</E5_id>
	<E5_lv>1</E5_lv>
	<E6_id>575</E6_id>
	<E6_lv>1</E6_lv>
	<Geth>0</Geth>
	<Experience>180</Experience>
</mst_mapenemy2>
<mst_mapenemy2>
	<Id>720504</Id>
	<Maparea_id>7</Maparea_id>
	<Mapinfo_no>2</Mapinfo_no>
	<Enemy_list_id>7205</Enemy_list_id>
	<Boss>0</Boss>
	<Deck_id>4</Deck_id>
	<Deck_name>任務部隊 II群</Deck_name>
	<Formation_id>2</Formation_id>
	<E1_id>560</E1_id>
	<E1_lv>1</E1_lv>
	<E2_id>522</E2_id>
	<E2_lv>1</E2_lv>
	<E3_id>591</E3_id>
	<E3_lv>1</E3_lv>
	<E4_id>576</E4_id>
	<E4_lv>1</E4_lv>
	<E5_id>575</E5_id>
	<E5_lv>1</E5_lv>
	<E6_id>575</E6_id>
	<E6_lv>1</E6_lv>
	<Geth>0</Geth>
	<Experience>160</Experience>
</mst_mapenemy2>
<mst_mapenemy2>
	<Id>720505</Id>
	<Maparea_id>7</Maparea_id>
	<Mapinfo_no>2</Mapinfo_no>
	<Enemy_list_id>7205</Enemy_list_id>
	<Boss>0</Boss>
	<Deck_id>5</Deck_id>
	<Deck_name>任務部隊 II群</Deck_name>
	<Formation_id>3</Formation_id>
	<E1_id>560</E1_id>
	<E1_lv>1</E1_lv>
	<E2_id>522</E2_id>
	<E2_lv>1</E2_lv>
	<E3_id>591</E3_id>
	<E3_lv>1</E3_lv>
	<E4_id>576</E4_id>
	<E4_lv>1</E4_lv>
	<E5_id>575</E5_id>
	<E5_lv>1</E5_lv>
	<E6_id>575</E6_id>
	<E6_lv>1</E6_lv>
	<Geth>1</Geth>
	<Experience>160</Experience>
</mst_mapenemy2>
<mst_mapenemy2>
	<Id>720506</Id>
	<Maparea_id>7</Maparea_id>
	<Mapinfo_no>2</Mapinfo_no>
	<Enemy_list_id>7205</Enemy_list_id>
	<Boss>0</Boss>
	<Deck_id>6</Deck_id>
	<Deck_name>任務部隊 II群</Deck_name>
	<Formation_id>3</Formation_id>
	<E1_id>560</E1_id>
	<E1_lv>1</E1_lv>
	<E2_id>522</E2_id>
	<E2_lv>1</E2_lv>
	<E3_id>575</E3_id>
	<E3_lv>1</E3_lv>
	<E4_id>575</E4_id>
	<E4_lv>1</E4_lv>
	<E5_id>575</E5_id>
	<E5_lv>1</E5_lv>
	<E6_id>0</E6_id>
	<E6_lv>0</E6_lv>
	<Geth>1</Geth>
	<Experience>120</Experience>
</mst_mapenemy2>
<mst_mapenemy2>
	<Id>720507</Id>
	<Maparea_id>7</Maparea_id>
	<Mapinfo_no>2</Mapinfo_no>
	<Enemy_list_id>7205</Enemy_list_id>
	<Boss>0</Boss>
	<Deck_id>7</Deck_id>
	<Deck_name>任務部隊 II群</Deck_name>
	<Formation_id>3</Formation_id>
	<E1_id>523</E1_id>
	<E1_lv>1</E1_lv>
	<E2_id>522</E2_id>
	<E2_lv>1</E2_lv>
	<E3_id>575</E3_id>
	<E3_lv>1</E3_lv>
	<E4_id>575</E4_id>
	<E4_lv>1</E4_lv>
	<E5_id>575</E5_id>
	<E5_lv>1</E5_lv>
	<E6_id>0</E6_id>
	<E6_lv>0</E6_lv>
	<Geth>1</Geth>
	<Experience>110</Experience>
</mst_mapenemy2>
<mst_mapenemy2>
	<Id>720508</Id>
	<Maparea_id>7</Maparea_id>
	<Mapinfo_no>2</Mapinfo_no>
	<Enemy_list_id>7205</Enemy_list_id>
	<Boss>0</Boss>
	<Deck_id>8</Deck_id>
	<Deck_name>任務部隊 II群</Deck_name>
	<Formation_id>3</Formation_id>
	<E1_id>523</E1_id>
	<E1_lv>1</E1_lv>
	<E2_id>509</E2_id>
	<E2_lv>1</E2_lv>
	<E3_id>575</E3_id>
	<E3_lv>1</E3_lv>
	<E4_id>501</E4_id>
	<E4_lv>1</E4_lv>
	<E5_id>501</E5_id>
	<E5_lv>1</E5_lv>
	<E6_id>0</E6_id>
	<E6_lv>0</E6_lv>
	<Geth>3</Geth>
	<Experience>90</Experience>
</mst_mapenemy2>
<mst_mapenemy2>
	<Id>720509</Id>
	<Maparea_id>7</Maparea_id>
	<Mapinfo_no>2</Mapinfo_no>
	<Enemy_list_id>7205</Enemy_list_id>
	<Boss>0</Boss>
	<Deck_id>9</Deck_id>
	<Deck_name>任務部隊 II群</Deck_name>
	<Formation_id>3</Formation_id>
	<E1_id>510</E1_id>
	<E1_lv>1</E1_lv>
	<E2_id>509</E2_id>
	<E2_lv>1</E2_lv>
	<E3_id>501</E3_id>
	<E3_lv>1</E3_lv>
	<E4_id>501</E4_id>
	<E4_lv>1</E4_lv>
	<E5_id>501</E5_id>
	<E5_lv>1</E5_lv>
	<E6_id>0</E6_id>
	<E6_lv>0</E6_lv>
	<Geth>3</Geth>
	<Experience>70</Experience>
</mst_mapenemy2>
<mst_mapenemy2>
	<Id>720601</Id>
	<Maparea_id>7</Maparea_id>
	<Mapinfo_no>2</Mapinfo_no>
	<Enemy_list_id>7206</Enemy_list_id>
	<Boss>0</Boss>
	<Deck_id>1</Deck_id>
	<Deck_name>前衛護衛空母群</Deck_name>
	<Formation_id>3</Formation_id>
	<E1_id>560</E1_id>
	<E1_lv>1</E1_lv>
	<E2_id>560</E2_id>
	<E2_lv>1</E2_lv>
	<E3_id>560</E3_id>
	<E3_lv>1</E3_lv>
	<E4_id>543</E4_id>
	<E4_lv>1</E4_lv>
	<E5_id>577</E5_id>
	<E5_lv>1</E5_lv>
	<E6_id>577</E6_id>
	<E6_lv>1</E6_lv>
	<Geth>0</Geth>
	<Experience>220</Experience>
</mst_mapenemy2>
<mst_mapenemy2>
	<Id>720602</Id>
	<Maparea_id>7</Maparea_id>
	<Mapinfo_no>2</Mapinfo_no>
	<Enemy_list_id>7206</Enemy_list_id>
	<Boss>0</Boss>
	<Deck_id>2</Deck_id>
	<Deck_name>前衛護衛空母群</Deck_name>
	<Formation_id>3</Formation_id>
	<E1_id>560</E1_id>
	<E1_lv>1</E1_lv>
	<E2_id>560</E2_id>
	<E2_lv>1</E2_lv>
	<E3_id>560</E3_id>
	<E3_lv>1</E3_lv>
	<E4_id>543</E4_id>
	<E4_lv>1</E4_lv>
	<E5_id>576</E5_id>
	<E5_lv>1</E5_lv>
	<E6_id>576</E6_id>
	<E6_lv>1</E6_lv>
	<Geth>0</Geth>
	<Experience>200</Experience>
</mst_mapenemy2>
<mst_mapenemy2>
	<Id>720603</Id>
	<Maparea_id>7</Maparea_id>
	<Mapinfo_no>2</Mapinfo_no>
	<Enemy_list_id>7206</Enemy_list_id>
	<Boss>0</Boss>
	<Deck_id>3</Deck_id>
	<Deck_name>前衛護衛空母群</Deck_name>
	<Formation_id>3</Formation_id>
	<E1_id>560</E1_id>
	<E1_lv>1</E1_lv>
	<E2_id>560</E2_id>
	<E2_lv>1</E2_lv>
	<E3_id>529</E3_id>
	<E3_lv>1</E3_lv>
	<E4_id>527</E4_id>
	<E4_lv>1</E4_lv>
	<E5_id>576</E5_id>
	<E5_lv>1</E5_lv>
	<E6_id>576</E6_id>
	<E6_lv>1</E6_lv>
	<Geth>0</Geth>
	<Experience>190</Experience>
</mst_mapenemy2>
<mst_mapenemy2>
	<Id>720604</Id>
	<Maparea_id>7</Maparea_id>
	<Mapinfo_no>2</Mapinfo_no>
	<Enemy_list_id>7206</Enemy_list_id>
	<Boss>0</Boss>
	<Deck_id>4</Deck_id>
	<Deck_name>前衛護衛空母群</Deck_name>
	<Formation_id>3</Formation_id>
	<E1_id>560</E1_id>
	<E1_lv>1</E1_lv>
	<E2_id>560</E2_id>
	<E2_lv>1</E2_lv>
	<E3_id>529</E3_id>
	<E3_lv>1</E3_lv>
	<E4_id>522</E4_id>
	<E4_lv>1</E4_lv>
	<E5_id>575</E5_id>
	<E5_lv>1</E5_lv>
	<E6_id>575</E6_id>
	<E6_lv>1</E6_lv>
	<Geth>0</Geth>
	<Experience>170</Experience>
</mst_mapenemy2>
<mst_mapenemy2>
	<Id>720605</Id>
	<Maparea_id>7</Maparea_id>
	<Mapinfo_no>2</Mapinfo_no>
	<Enemy_list_id>7206</Enemy_list_id>
	<Boss>0</Boss>
	<Deck_id>5</Deck_id>
	<Deck_name>前衛護衛空母群</Deck_name>
	<Formation_id>3</Formation_id>
	<E1_id>560</E1_id>
	<E1_lv>1</E1_lv>
	<E2_id>523</E2_id>
	<E2_lv>1</E2_lv>
	<E3_id>524</E3_id>
	<E3_lv>1</E3_lv>
	<E4_id>522</E4_id>
	<E4_lv>1</E4_lv>
	<E5_id>575</E5_id>
	<E5_lv>1</E5_lv>
	<E6_id>575</E6_id>
	<E6_lv>1</E6_lv>
	<Geth>1</Geth>
	<Experience>150</Experience>
</mst_mapenemy2>
<mst_mapenemy2>
	<Id>720606</Id>
	<Maparea_id>7</Maparea_id>
	<Mapinfo_no>2</Mapinfo_no>
	<Enemy_list_id>7206</Enemy_list_id>
	<Boss>0</Boss>
	<Deck_id>6</Deck_id>
	<Deck_name>前衛護衛空母群</Deck_name>
	<Formation_id>3</Formation_id>
	<E1_id>523</E1_id>
	<E1_lv>1</E1_lv>
	<E2_id>523</E2_id>
	<E2_lv>1</E2_lv>
	<E3_id>522</E3_id>
	<E3_lv>1</E3_lv>
	<E4_id>518</E4_id>
	<E4_lv>1</E4_lv>
	<E5_id>501</E5_id>
	<E5_lv>1</E5_lv>
	<E6_id>501</E6_id>
	<E6_lv>1</E6_lv>
	<Geth>1</Geth>
	<Experience>130</Experience>
</mst_mapenemy2>
<mst_mapenemy2>
	<Id>720607</Id>
	<Maparea_id>7</Maparea_id>
	<Mapinfo_no>2</Mapinfo_no>
	<Enemy_list_id>7206</Enemy_list_id>
	<Boss>0</Boss>
	<Deck_id>7</Deck_id>
	<Deck_name>前衛護衛空母群</Deck_name>
	<Formation_id>3</Formation_id>
	<E1_id>523</E1_id>
	<E1_lv>1</E1_lv>
	<E2_id>523</E2_id>
	<E2_lv>1</E2_lv>
	<E3_id>509</E3_id>
	<E3_lv>1</E3_lv>
	<E4_id>505</E4_id>
	<E4_lv>1</E4_lv>
	<E5_id>501</E5_id>
	<E5_lv>1</E5_lv>
	<E6_id>501</E6_id>
	<E6_lv>1</E6_lv>
	<Geth>1</Geth>
	<Experience>100</Experience>
</mst_mapenemy2>
<mst_mapenemy2>
	<Id>720608</Id>
	<Maparea_id>7</Maparea_id>
	<Mapinfo_no>2</Mapinfo_no>
	<Enemy_list_id>7206</Enemy_list_id>
	<Boss>0</Boss>
	<Deck_id>8</Deck_id>
	<Deck_name>前衛護衛空母群</Deck_name>
	<Formation_id>3</Formation_id>
	<E1_id>523</E1_id>
	<E1_lv>1</E1_lv>
	<E2_id>510</E2_id>
	<E2_lv>1</E2_lv>
	<E3_id>509</E3_id>
	<E3_lv>1</E3_lv>
	<E4_id>501</E4_id>
	<E4_lv>1</E4_lv>
	<E5_id>501</E5_id>
	<E5_lv>1</E5_lv>
	<E6_id>0</E6_id>
	<E6_lv>0</E6_lv>
	<Geth>2</Geth>
	<Experience>85</Experience>
</mst_mapenemy2>
<mst_mapenemy2>
	<Id>720609</Id>
	<Maparea_id>7</Maparea_id>
	<Mapinfo_no>2</Mapinfo_no>
	<Enemy_list_id>7206</Enemy_list_id>
	<Boss>0</Boss>
	<Deck_id>9</Deck_id>
	<Deck_name>前衛護衛空母群</Deck_name>
	<Formation_id>3</Formation_id>
	<E1_id>510</E1_id>
	<E1_lv>1</E1_lv>
	<E2_id>510</E2_id>
	<E2_lv>1</E2_lv>
	<E3_id>509</E3_id>
	<E3_lv>1</E3_lv>
	<E4_id>501</E4_id>
	<E4_lv>1</E4_lv>
	<E5_id>501</E5_id>
	<E5_lv>1</E5_lv>
	<E6_id>0</E6_id>
	<E6_lv>0</E6_lv>
	<Geth>2</Geth>
	<Experience>70</Experience>
</mst_mapenemy2>
<mst_mapenemy2>
	<Id>720701</Id>
	<Maparea_id>7</Maparea_id>
	<Mapinfo_no>2</Mapinfo_no>
	<Enemy_list_id>7207</Enemy_list_id>
	<Boss>1</Boss>
	<Deck_id>1</Deck_id>
	<Deck_name>任務部隊 主力空母群</Deck_name>
	<Formation_id>3</Formation_id>
	<E1_id>585</E1_id>
	<E1_lv>1</E1_lv>
	<E2_id>543</E2_id>
	<E2_lv>1</E2_lv>
	<E3_id>592</E3_id>
	<E3_lv>1</E3_lv>
	<E4_id>592</E4_id>
	<E4_lv>1</E4_lv>
	<E5_id>575</E5_id>
	<E5_lv>1</E5_lv>
	<E6_id>575</E6_id>
	<E6_lv>1</E6_lv>
	<Geth>0</Geth>
	<Experience>300</Experience>
</mst_mapenemy2>
<mst_mapenemy2>
	<Id>720702</Id>
	<Maparea_id>7</Maparea_id>
	<Mapinfo_no>2</Mapinfo_no>
	<Enemy_list_id>7207</Enemy_list_id>
	<Boss>1</Boss>
	<Deck_id>2</Deck_id>
	<Deck_name>任務部隊 主力空母群</Deck_name>
	<Formation_id>3</Formation_id>
	<E1_id>585</E1_id>
	<E1_lv>1</E1_lv>
	<E2_id>565</E2_id>
	<E2_lv>1</E2_lv>
	<E3_id>543</E3_id>
	<E3_lv>1</E3_lv>
	<E4_id>592</E4_id>
	<E4_lv>1</E4_lv>
	<E5_id>575</E5_id>
	<E5_lv>1</E5_lv>
	<E6_id>575</E6_id>
	<E6_lv>1</E6_lv>
	<Geth>0</Geth>
	<Experience>300</Experience>
</mst_mapenemy2>
<mst_mapenemy2>
	<Id>720703</Id>
	<Maparea_id>7</Maparea_id>
	<Mapinfo_no>2</Mapinfo_no>
	<Enemy_list_id>7207</Enemy_list_id>
	<Boss>1</Boss>
	<Deck_id>3</Deck_id>
	<Deck_name>任務部隊 主力空母群</Deck_name>
	<Formation_id>3</Formation_id>
	<E1_id>565</E1_id>
	<E1_lv>1</E1_lv>
	<E2_id>565</E2_id>
	<E2_lv>1</E2_lv>
	<E3_id>543</E3_id>
	<E3_lv>1</E3_lv>
	<E4_id>591</E4_id>
	<E4_lv>1</E4_lv>
	<E5_id>575</E5_id>
	<E5_lv>1</E5_lv>
	<E6_id>575</E6_id>
	<E6_lv>1</E6_lv>
	<Geth>1</Geth>
	<Experience>240</Experience>
</mst_mapenemy2>
<mst_mapenemy2>
	<Id>720704</Id>
	<Maparea_id>7</Maparea_id>
	<Mapinfo_no>2</Mapinfo_no>
	<Enemy_list_id>7207</Enemy_list_id>
	<Boss>1</Boss>
	<Deck_id>4</Deck_id>
	<Deck_name>任務部隊 主力空母群</Deck_name>
	<Formation_id>3</Formation_id>
	<E1_id>579</E1_id>
	<E1_lv>1</E1_lv>
	<E2_id>579</E2_id>
	<E2_lv>1</E2_lv>
	<E3_id>542</E3_id>
	<E3_lv>1</E3_lv>
	<E4_id>591</E4_id>
	<E4_lv>1</E4_lv>
	<E5_id>575</E5_id>
	<E5_lv>1</E5_lv>
	<E6_id>575</E6_id>
	<E6_lv>1</E6_lv>
	<Geth>1</Geth>
	<Experience>220</Experience>
</mst_mapenemy2>
<mst_mapenemy2>
	<Id>720705</Id>
	<Maparea_id>7</Maparea_id>
	<Mapinfo_no>2</Mapinfo_no>
	<Enemy_list_id>7207</Enemy_list_id>
	<Boss>1</Boss>
	<Deck_id>5</Deck_id>
	<Deck_name>任務部隊 主力空母群</Deck_name>
	<Formation_id>3</Formation_id>
	<E1_id>528</E1_id>
	<E1_lv>1</E1_lv>
	<E2_id>528</E2_id>
	<E2_lv>1</E2_lv>
	<E3_id>542</E3_id>
	<E3_lv>1</E3_lv>
	<E4_id>591</E4_id>
	<E4_lv>1</E4_lv>
	<E5_id>575</E5_id>
	<E5_lv>1</E5_lv>
	<E6_id>575</E6_id>
	<E6_lv>1</E6_lv>
	<Geth>1</Geth>
	<Experience>190</Experience>
</mst_mapenemy2>
<mst_mapenemy2>
	<Id>720706</Id>
	<Maparea_id>7</Maparea_id>
	<Mapinfo_no>2</Mapinfo_no>
	<Enemy_list_id>7207</Enemy_list_id>
	<Boss>1</Boss>
	<Deck_id>6</Deck_id>
	<Deck_name>任務部隊 主力空母群</Deck_name>
	<Formation_id>3</Formation_id>
	<E1_id>528</E1_id>
	<E1_lv>1</E1_lv>
	<E2_id>528</E2_id>
	<E2_lv>1</E2_lv>
	<E3_id>541</E3_id>
	<E3_lv>1</E3_lv>
	<E4_id>591</E4_id>
	<E4_lv>1</E4_lv>
	<E5_id>501</E5_id>
	<E5_lv>1</E5_lv>
	<E6_id>501</E6_id>
	<E6_lv>1</E6_lv>
	<Geth>2</Geth>
	<Experience>160</Experience>
</mst_mapenemy2>
<mst_mapenemy2>
	<Id>720707</Id>
	<Maparea_id>7</Maparea_id>
	<Mapinfo_no>2</Mapinfo_no>
	<Enemy_list_id>7207</Enemy_list_id>
	<Boss>1</Boss>
	<Deck_id>7</Deck_id>
	<Deck_name>任務部隊 主力空母群</Deck_name>
	<Formation_id>3</Formation_id>
	<E1_id>525</E1_id>
	<E1_lv>1</E1_lv>
	<E2_id>541</E2_id>
	<E2_lv>1</E2_lv>
	<E3_id>505</E3_id>
	<E3_lv>1</E3_lv>
	<E4_id>501</E4_id>
	<E4_lv>1</E4_lv>
	<E5_id>501</E5_id>
	<E5_lv>1</E5_lv>
	<E6_id>501</E6_id>
	<E6_lv>1</E6_lv>
	<Geth>3</Geth>
	<Experience>140</Experience>
</mst_mapenemy2>
<mst_mapenemy2>
	<Id>720708</Id>
	<Maparea_id>7</Maparea_id>
	<Mapinfo_no>2</Mapinfo_no>
	<Enemy_list_id>7207</Enemy_list_id>
	<Boss>1</Boss>
	<Deck_id>8</Deck_id>
	<Deck_name>任務部隊 主力空母群</Deck_name>
	<Formation_id>3</Formation_id>
	<E1_id>525</E1_id>
	<E1_lv>1</E1_lv>
	<E2_id>511</E2_id>
	<E2_lv>1</E2_lv>
	<E3_id>505</E3_id>
	<E3_lv>1</E3_lv>
	<E4_id>501</E4_id>
	<E4_lv>1</E4_lv>
	<E5_id>501</E5_id>
	<E5_lv>1</E5_lv>
	<E6_id>501</E6_id>
	<E6_lv>1</E6_lv>
	<Geth>4</Geth>
	<Experience>120</Experience>
</mst_mapenemy2>
<mst_mapenemy2>
	<Id>720709</Id>
	<Maparea_id>7</Maparea_id>
	<Mapinfo_no>2</Mapinfo_no>
	<Enemy_list_id>7207</Enemy_list_id>
	<Boss>1</Boss>
	<Deck_id>9</Deck_id>
	<Deck_name>任務部隊 主力空母群</Deck_name>
	<Formation_id>3</Formation_id>
	<E1_id>525</E1_id>
	<E1_lv>1</E1_lv>
	<E2_id>509</E2_id>
	<E2_lv>1</E2_lv>
	<E3_id>505</E3_id>
	<E3_lv>1</E3_lv>
	<E4_id>501</E4_id>
	<E4_lv>1</E4_lv>
	<E5_id>501</E5_id>
	<E5_lv>1</E5_lv>
	<E6_id>0</E6_id>
	<E6_lv>0</E6_lv>
	<Geth>4</Geth>
	<Experience>100</Experience>
</mst_mapenemy2>
</mst_mapenemy2_data>
