<?xml version="1.0" encoding="utf-8"?>
<mst_mapenemy2_data xmlns:i="http://www.w3.org/2001/XMLSchema-instance">
<mst_mapenemy2>
	<Id>1670101</Id>
	<Maparea_id>16</Maparea_id>
	<Mapinfo_no>7</Mapinfo_no>
	<Enemy_list_id>16701</Enemy_list_id>
	<Boss>0</Boss>
	<Deck_id>1</Deck_id>
	<Deck_name>運河奪還部隊先遣隊</Deck_name>
	<Formation_id>2</Formation_id>
	<E1_id>566</E1_id>
	<E1_lv>1</E1_lv>
	<E2_id>543</E2_id>
	<E2_lv>1</E2_lv>
	<E3_id>592</E3_id>
	<E3_lv>1</E3_lv>
	<E4_id>602</E4_id>
	<E4_lv>1</E4_lv>
	<E5_id>578</E5_id>
	<E5_lv>1</E5_lv>
	<E6_id>578</E6_id>
	<E6_lv>1</E6_lv>
	<Geth>14</Geth>
	<Experience>500</Experience>
</mst_mapenemy2>
<mst_mapenemy2>
	<Id>1670102</Id>
	<Maparea_id>16</Maparea_id>
	<Mapinfo_no>7</Mapinfo_no>
	<Enemy_list_id>16701</Enemy_list_id>
	<Boss>0</Boss>
	<Deck_id>2</Deck_id>
	<Deck_name>運河奪還部隊先遣隊</Deck_name>
	<Formation_id>2</Formation_id>
	<E1_id>566</E1_id>
	<E1_lv>1</E1_lv>
	<E2_id>543</E2_id>
	<E2_lv>1</E2_lv>
	<E3_id>592</E3_id>
	<E3_lv>1</E3_lv>
	<E4_id>602</E4_id>
	<E4_lv>1</E4_lv>
	<E5_id>577</E5_id>
	<E5_lv>1</E5_lv>
	<E6_id>577</E6_id>
	<E6_lv>1</E6_lv>
	<Geth>14</Geth>
	<Experience>480</Experience>
</mst_mapenemy2>
<mst_mapenemy2>
	<Id>1670103</Id>
	<Maparea_id>16</Maparea_id>
	<Mapinfo_no>7</Mapinfo_no>
	<Enemy_list_id>16701</Enemy_list_id>
	<Boss>0</Boss>
	<Deck_id>3</Deck_id>
	<Deck_name>運河奪還部隊先遣隊</Deck_name>
	<Formation_id>2</Formation_id>
	<E1_id>566</E1_id>
	<E1_lv>1</E1_lv>
	<E2_id>542</E2_id>
	<E2_lv>1</E2_lv>
	<E3_id>592</E3_id>
	<E3_lv>1</E3_lv>
	<E4_id>601</E4_id>
	<E4_lv>1</E4_lv>
	<E5_id>577</E5_id>
	<E5_lv>1</E5_lv>
	<E6_id>577</E6_id>
	<E6_lv>1</E6_lv>
	<Geth>14</Geth>
	<Experience>400</Experience>
</mst_mapenemy2>
<mst_mapenemy2>
	<Id>1670104</Id>
	<Maparea_id>16</Maparea_id>
	<Mapinfo_no>7</Mapinfo_no>
	<Enemy_list_id>16701</Enemy_list_id>
	<Boss>0</Boss>
	<Deck_id>4</Deck_id>
	<Deck_name>運河奪還部隊先遣隊</Deck_name>
	<Formation_id>2</Formation_id>
	<E1_id>566</E1_id>
	<E1_lv>1</E1_lv>
	<E2_id>542</E2_id>
	<E2_lv>1</E2_lv>
	<E3_id>592</E3_id>
	<E3_lv>1</E3_lv>
	<E4_id>601</E4_id>
	<E4_lv>1</E4_lv>
	<E5_id>576</E5_id>
	<E5_lv>1</E5_lv>
	<E6_id>576</E6_id>
	<E6_lv>1</E6_lv>
	<Geth>15</Geth>
	<Experience>370</Experience>
</mst_mapenemy2>
<mst_mapenemy2>
	<Id>1670105</Id>
	<Maparea_id>16</Maparea_id>
	<Mapinfo_no>7</Mapinfo_no>
	<Enemy_list_id>16701</Enemy_list_id>
	<Boss>0</Boss>
	<Deck_id>5</Deck_id>
	<Deck_name>運河奪還部隊先遣隊</Deck_name>
	<Formation_id>2</Formation_id>
	<E1_id>566</E1_id>
	<E1_lv>1</E1_lv>
	<E2_id>542</E2_id>
	<E2_lv>1</E2_lv>
	<E3_id>592</E3_id>
	<E3_lv>1</E3_lv>
	<E4_id>576</E4_id>
	<E4_lv>1</E4_lv>
	<E5_id>502</E5_id>
	<E5_lv>1</E5_lv>
	<E6_id>502</E6_id>
	<E6_lv>1</E6_lv>
	<Geth>15</Geth>
	<Experience>350</Experience>
</mst_mapenemy2>
<mst_mapenemy2>
	<Id>1670106</Id>
	<Maparea_id>16</Maparea_id>
	<Mapinfo_no>7</Mapinfo_no>
	<Enemy_list_id>16701</Enemy_list_id>
	<Boss>0</Boss>
	<Deck_id>6</Deck_id>
	<Deck_name>運河奪還部隊先遣隊</Deck_name>
	<Formation_id>2</Formation_id>
	<E1_id>566</E1_id>
	<E1_lv>1</E1_lv>
	<E2_id>542</E2_id>
	<E2_lv>1</E2_lv>
	<E3_id>591</E3_id>
	<E3_lv>1</E3_lv>
	<E4_id>576</E4_id>
	<E4_lv>1</E4_lv>
	<E5_id>502</E5_id>
	<E5_lv>1</E5_lv>
	<E6_id>502</E6_id>
	<E6_lv>1</E6_lv>
	<Geth>15</Geth>
	<Experience>320</Experience>
</mst_mapenemy2>
<mst_mapenemy2>
	<Id>1670107</Id>
	<Maparea_id>16</Maparea_id>
	<Mapinfo_no>7</Mapinfo_no>
	<Enemy_list_id>16701</Enemy_list_id>
	<Boss>0</Boss>
	<Deck_id>7</Deck_id>
	<Deck_name>運河奪還部隊先遣隊</Deck_name>
	<Formation_id>2</Formation_id>
	<E1_id>527</E1_id>
	<E1_lv>1</E1_lv>
	<E2_id>541</E2_id>
	<E2_lv>1</E2_lv>
	<E3_id>591</E3_id>
	<E3_lv>1</E3_lv>
	<E4_id>576</E4_id>
	<E4_lv>1</E4_lv>
	<E5_id>502</E5_id>
	<E5_lv>1</E5_lv>
	<E6_id>502</E6_id>
	<E6_lv>1</E6_lv>
	<Geth>16</Geth>
	<Experience>280</Experience>
</mst_mapenemy2>
<mst_mapenemy2>
	<Id>1670108</Id>
	<Maparea_id>16</Maparea_id>
	<Mapinfo_no>7</Mapinfo_no>
	<Enemy_list_id>16701</Enemy_list_id>
	<Boss>0</Boss>
	<Deck_id>8</Deck_id>
	<Deck_name>運河奪還部隊先遣隊</Deck_name>
	<Formation_id>2</Formation_id>
	<E1_id>522</E1_id>
	<E1_lv>1</E1_lv>
	<E2_id>541</E2_id>
	<E2_lv>1</E2_lv>
	<E3_id>591</E3_id>
	<E3_lv>1</E3_lv>
	<E4_id>502</E4_id>
	<E4_lv>1</E4_lv>
	<E5_id>502</E5_id>
	<E5_lv>1</E5_lv>
	<E6_id>502</E6_id>
	<E6_lv>1</E6_lv>
	<Geth>16</Geth>
	<Experience>280</Experience>
</mst_mapenemy2>
<mst_mapenemy2>
	<Id>1670109</Id>
	<Maparea_id>16</Maparea_id>
	<Mapinfo_no>7</Mapinfo_no>
	<Enemy_list_id>16701</Enemy_list_id>
	<Boss>0</Boss>
	<Deck_id>9</Deck_id>
	<Deck_name>運河奪還部隊先遣隊</Deck_name>
	<Formation_id>2</Formation_id>
	<E1_id>522</E1_id>
	<E1_lv>1</E1_lv>
	<E2_id>541</E2_id>
	<E2_lv>1</E2_lv>
	<E3_id>502</E3_id>
	<E3_lv>1</E3_lv>
	<E4_id>502</E4_id>
	<E4_lv>1</E4_lv>
	<E5_id>0</E5_id>
	<E5_lv>0</E5_lv>
	<E6_id>0</E6_id>
	<E6_lv>0</E6_lv>
	<Geth>16</Geth>
	<Experience>240</Experience>
</mst_mapenemy2>
<mst_mapenemy2>
	<Id>1670201</Id>
	<Maparea_id>16</Maparea_id>
	<Mapinfo_no>7</Mapinfo_no>
	<Enemy_list_id>16702</Enemy_list_id>
	<Boss>0</Boss>
	<Deck_id>1</Deck_id>
	<Deck_name>運河奪還攻略部隊 I群</Deck_name>
	<Formation_id>2</Formation_id>
	<E1_id>602</E1_id>
	<E1_lv>1</E1_lv>
	<E2_id>618</E2_id>
	<E2_lv>1</E2_lv>
	<E3_id>558</E3_id>
	<E3_lv>1</E3_lv>
	<E4_id>558</E4_id>
	<E4_lv>1</E4_lv>
	<E5_id>597</E5_id>
	<E5_lv>1</E5_lv>
	<E6_id>597</E6_id>
	<E6_lv>1</E6_lv>
	<Geth>6</Geth>
	<Experience>600</Experience>
</mst_mapenemy2>
<mst_mapenemy2>
	<Id>1670202</Id>
	<Maparea_id>16</Maparea_id>
	<Mapinfo_no>7</Mapinfo_no>
	<Enemy_list_id>16702</Enemy_list_id>
	<Boss>0</Boss>
	<Deck_id>2</Deck_id>
	<Deck_name>運河奪還攻略部隊 I群</Deck_name>
	<Formation_id>2</Formation_id>
	<E1_id>602</E1_id>
	<E1_lv>1</E1_lv>
	<E2_id>618</E2_id>
	<E2_lv>1</E2_lv>
	<E3_id>558</E3_id>
	<E3_lv>1</E3_lv>
	<E4_id>558</E4_id>
	<E4_lv>1</E4_lv>
	<E5_id>577</E5_id>
	<E5_lv>1</E5_lv>
	<E6_id>577</E6_id>
	<E6_lv>1</E6_lv>
	<Geth>6</Geth>
	<Experience>550</Experience>
</mst_mapenemy2>
<mst_mapenemy2>
	<Id>1670203</Id>
	<Maparea_id>16</Maparea_id>
	<Mapinfo_no>7</Mapinfo_no>
	<Enemy_list_id>16702</Enemy_list_id>
	<Boss>0</Boss>
	<Deck_id>3</Deck_id>
	<Deck_name>運河奪還攻略部隊 I群</Deck_name>
	<Formation_id>2</Formation_id>
	<E1_id>601</E1_id>
	<E1_lv>1</E1_lv>
	<E2_id>617</E2_id>
	<E2_lv>1</E2_lv>
	<E3_id>558</E3_id>
	<E3_lv>1</E3_lv>
	<E4_id>558</E4_id>
	<E4_lv>1</E4_lv>
	<E5_id>577</E5_id>
	<E5_lv>1</E5_lv>
	<E6_id>577</E6_id>
	<E6_lv>1</E6_lv>
	<Geth>6</Geth>
	<Experience>500</Experience>
</mst_mapenemy2>
<mst_mapenemy2>
	<Id>1670204</Id>
	<Maparea_id>16</Maparea_id>
	<Mapinfo_no>7</Mapinfo_no>
	<Enemy_list_id>16702</Enemy_list_id>
	<Boss>0</Boss>
	<Deck_id>4</Deck_id>
	<Deck_name>運河奪還攻略部隊 I群</Deck_name>
	<Formation_id>2</Formation_id>
	<E1_id>555</E1_id>
	<E1_lv>1</E1_lv>
	<E2_id>617</E2_id>
	<E2_lv>1</E2_lv>
	<E3_id>558</E3_id>
	<E3_lv>1</E3_lv>
	<E4_id>558</E4_id>
	<E4_lv>1</E4_lv>
	<E5_id>577</E5_id>
	<E5_lv>1</E5_lv>
	<E6_id>577</E6_id>
	<E6_lv>1</E6_lv>
	<Geth>7</Geth>
	<Experience>450</Experience>
</mst_mapenemy2>
<mst_mapenemy2>
	<Id>1670205</Id>
	<Maparea_id>16</Maparea_id>
	<Mapinfo_no>7</Mapinfo_no>
	<Enemy_list_id>16702</Enemy_list_id>
	<Boss>0</Boss>
	<Deck_id>5</Deck_id>
	<Deck_name>運河奪還攻略部隊 I群</Deck_name>
	<Formation_id>2</Formation_id>
	<E1_id>555</E1_id>
	<E1_lv>1</E1_lv>
	<E2_id>616</E2_id>
	<E2_lv>1</E2_lv>
	<E3_id>558</E3_id>
	<E3_lv>1</E3_lv>
	<E4_id>558</E4_id>
	<E4_lv>1</E4_lv>
	<E5_id>576</E5_id>
	<E5_lv>1</E5_lv>
	<E6_id>576</E6_id>
	<E6_lv>1</E6_lv>
	<Geth>7</Geth>
	<Experience>400</Experience>
</mst_mapenemy2>
<mst_mapenemy2>
	<Id>1670206</Id>
	<Maparea_id>16</Maparea_id>
	<Mapinfo_no>7</Mapinfo_no>
	<Enemy_list_id>16702</Enemy_list_id>
	<Boss>0</Boss>
	<Deck_id>6</Deck_id>
	<Deck_name>運河奪還攻略部隊 I群</Deck_name>
	<Formation_id>2</Formation_id>
	<E1_id>555</E1_id>
	<E1_lv>1</E1_lv>
	<E2_id>616</E2_id>
	<E2_lv>1</E2_lv>
	<E3_id>526</E3_id>
	<E3_lv>1</E3_lv>
	<E4_id>526</E4_id>
	<E4_lv>1</E4_lv>
	<E5_id>576</E5_id>
	<E5_lv>1</E5_lv>
	<E6_id>576</E6_id>
	<E6_lv>1</E6_lv>
	<Geth>8</Geth>
	<Experience>380</Experience>
</mst_mapenemy2>
<mst_mapenemy2>
	<Id>1670207</Id>
	<Maparea_id>16</Maparea_id>
	<Mapinfo_no>7</Mapinfo_no>
	<Enemy_list_id>16702</Enemy_list_id>
	<Boss>0</Boss>
	<Deck_id>7</Deck_id>
	<Deck_name>運河奪還攻略部隊 I群</Deck_name>
	<Formation_id>2</Formation_id>
	<E1_id>555</E1_id>
	<E1_lv>1</E1_lv>
	<E2_id>528</E2_id>
	<E2_lv>1</E2_lv>
	<E3_id>526</E3_id>
	<E3_lv>1</E3_lv>
	<E4_id>526</E4_id>
	<E4_lv>1</E4_lv>
	<E5_id>502</E5_id>
	<E5_lv>1</E5_lv>
	<E6_id>502</E6_id>
	<E6_lv>1</E6_lv>
	<Geth>8</Geth>
	<Experience>360</Experience>
</mst_mapenemy2>
<mst_mapenemy2>
	<Id>1670208</Id>
	<Maparea_id>16</Maparea_id>
	<Mapinfo_no>7</Mapinfo_no>
	<Enemy_list_id>16702</Enemy_list_id>
	<Boss>0</Boss>
	<Deck_id>8</Deck_id>
	<Deck_name>運河奪還攻略部隊 I群</Deck_name>
	<Formation_id>2</Formation_id>
	<E1_id>555</E1_id>
	<E1_lv>1</E1_lv>
	<E2_id>525</E2_id>
	<E2_lv>1</E2_lv>
	<E3_id>513</E3_id>
	<E3_lv>1</E3_lv>
	<E4_id>513</E4_id>
	<E4_lv>1</E4_lv>
	<E5_id>502</E5_id>
	<E5_lv>1</E5_lv>
	<E6_id>502</E6_id>
	<E6_lv>1</E6_lv>
	<Geth>9</Geth>
	<Experience>330</Experience>
</mst_mapenemy2>
<mst_mapenemy2>
	<Id>1670209</Id>
	<Maparea_id>16</Maparea_id>
	<Mapinfo_no>7</Mapinfo_no>
	<Enemy_list_id>16702</Enemy_list_id>
	<Boss>0</Boss>
	<Deck_id>9</Deck_id>
	<Deck_name>運河奪還攻略部隊 I群</Deck_name>
	<Formation_id>2</Formation_id>
	<E1_id>519</E1_id>
	<E1_lv>1</E1_lv>
	<E2_id>525</E2_id>
	<E2_lv>1</E2_lv>
	<E3_id>513</E3_id>
	<E3_lv>1</E3_lv>
	<E4_id>513</E4_id>
	<E4_lv>1</E4_lv>
	<E5_id>502</E5_id>
	<E5_lv>1</E5_lv>
	<E6_id>502</E6_id>
	<E6_lv>1</E6_lv>
	<Geth>10</Geth>
	<Experience>300</Experience>
</mst_mapenemy2>
<mst_mapenemy2>
	<Id>1670301</Id>
	<Maparea_id>16</Maparea_id>
	<Mapinfo_no>7</Mapinfo_no>
	<Enemy_list_id>16703</Enemy_list_id>
	<Boss>0</Boss>
	<Deck_id>1</Deck_id>
	<Deck_name>攻略部隊前衛潜水艦隊</Deck_name>
	<Formation_id>4</Formation_id>
	<E1_id>572</E1_id>
	<E1_lv>50</E1_lv>
	<E2_id>571</E2_id>
	<E2_lv>50</E2_lv>
	<E3_id>571</E3_id>
	<E3_lv>50</E3_lv>
	<E4_id>571</E4_id>
	<E4_lv>50</E4_lv>
	<E5_id>0</E5_id>
	<E5_lv>0</E5_lv>
	<E6_id>0</E6_id>
	<E6_lv>0</E6_lv>
	<Geth>11</Geth>
	<Experience>260</Experience>
</mst_mapenemy2>
<mst_mapenemy2>
	<Id>1670302</Id>
	<Maparea_id>16</Maparea_id>
	<Mapinfo_no>7</Mapinfo_no>
	<Enemy_list_id>16703</Enemy_list_id>
	<Boss>0</Boss>
	<Deck_id>2</Deck_id>
	<Deck_name>攻略部隊前衛潜水艦隊</Deck_name>
	<Formation_id>5</Formation_id>
	<E1_id>572</E1_id>
	<E1_lv>50</E1_lv>
	<E2_id>571</E2_id>
	<E2_lv>50</E2_lv>
	<E3_id>571</E3_id>
	<E3_lv>50</E3_lv>
	<E4_id>571</E4_id>
	<E4_lv>50</E4_lv>
	<E5_id>0</E5_id>
	<E5_lv>0</E5_lv>
	<E6_id>0</E6_id>
	<E6_lv>0</E6_lv>
	<Geth>11</Geth>
	<Experience>260</Experience>
</mst_mapenemy2>
<mst_mapenemy2>
	<Id>1670303</Id>
	<Maparea_id>16</Maparea_id>
	<Mapinfo_no>7</Mapinfo_no>
	<Enemy_list_id>16703</Enemy_list_id>
	<Boss>0</Boss>
	<Deck_id>3</Deck_id>
	<Deck_name>攻略部隊前衛潜水艦隊</Deck_name>
	<Formation_id>4</Formation_id>
	<E1_id>572</E1_id>
	<E1_lv>50</E1_lv>
	<E2_id>571</E2_id>
	<E2_lv>50</E2_lv>
	<E3_id>570</E3_id>
	<E3_lv>50</E3_lv>
	<E4_id>570</E4_id>
	<E4_lv>50</E4_lv>
	<E5_id>0</E5_id>
	<E5_lv>0</E5_lv>
	<E6_id>0</E6_id>
	<E6_lv>0</E6_lv>
	<Geth>11</Geth>
	<Experience>200</Experience>
</mst_mapenemy2>
<mst_mapenemy2>
	<Id>1670304</Id>
	<Maparea_id>16</Maparea_id>
	<Mapinfo_no>7</Mapinfo_no>
	<Enemy_list_id>16703</Enemy_list_id>
	<Boss>0</Boss>
	<Deck_id>4</Deck_id>
	<Deck_name>攻略部隊前衛潜水艦隊</Deck_name>
	<Formation_id>5</Formation_id>
	<E1_id>572</E1_id>
	<E1_lv>50</E1_lv>
	<E2_id>571</E2_id>
	<E2_lv>50</E2_lv>
	<E3_id>570</E3_id>
	<E3_lv>50</E3_lv>
	<E4_id>570</E4_id>
	<E4_lv>50</E4_lv>
	<E5_id>0</E5_id>
	<E5_lv>0</E5_lv>
	<E6_id>0</E6_id>
	<E6_lv>0</E6_lv>
	<Geth>12</Geth>
	<Experience>200</Experience>
</mst_mapenemy2>
<mst_mapenemy2>
	<Id>1670305</Id>
	<Maparea_id>16</Maparea_id>
	<Mapinfo_no>7</Mapinfo_no>
	<Enemy_list_id>16703</Enemy_list_id>
	<Boss>0</Boss>
	<Deck_id>5</Deck_id>
	<Deck_name>攻略部隊前衛潜水艦隊</Deck_name>
	<Formation_id>4</Formation_id>
	<E1_id>571</E1_id>
	<E1_lv>50</E1_lv>
	<E2_id>571</E2_id>
	<E2_lv>50</E2_lv>
	<E3_id>570</E3_id>
	<E3_lv>50</E3_lv>
	<E4_id>570</E4_id>
	<E4_lv>50</E4_lv>
	<E5_id>0</E5_id>
	<E5_lv>0</E5_lv>
	<E6_id>0</E6_id>
	<E6_lv>0</E6_lv>
	<Geth>12</Geth>
	<Experience>170</Experience>
</mst_mapenemy2>
<mst_mapenemy2>
	<Id>1670306</Id>
	<Maparea_id>16</Maparea_id>
	<Mapinfo_no>7</Mapinfo_no>
	<Enemy_list_id>16703</Enemy_list_id>
	<Boss>0</Boss>
	<Deck_id>6</Deck_id>
	<Deck_name>攻略部隊前衛潜水艦隊</Deck_name>
	<Formation_id>5</Formation_id>
	<E1_id>571</E1_id>
	<E1_lv>50</E1_lv>
	<E2_id>571</E2_id>
	<E2_lv>50</E2_lv>
	<E3_id>570</E3_id>
	<E3_lv>50</E3_lv>
	<E4_id>570</E4_id>
	<E4_lv>50</E4_lv>
	<E5_id>0</E5_id>
	<E5_lv>0</E5_lv>
	<E6_id>0</E6_id>
	<E6_lv>0</E6_lv>
	<Geth>12</Geth>
	<Experience>170</Experience>
</mst_mapenemy2>
<mst_mapenemy2>
	<Id>1670307</Id>
	<Maparea_id>16</Maparea_id>
	<Mapinfo_no>7</Mapinfo_no>
	<Enemy_list_id>16703</Enemy_list_id>
	<Boss>0</Boss>
	<Deck_id>7</Deck_id>
	<Deck_name>攻略部隊前衛潜水艦隊</Deck_name>
	<Formation_id>4</Formation_id>
	<E1_id>571</E1_id>
	<E1_lv>50</E1_lv>
	<E2_id>570</E2_id>
	<E2_lv>50</E2_lv>
	<E3_id>570</E3_id>
	<E3_lv>50</E3_lv>
	<E4_id>570</E4_id>
	<E4_lv>50</E4_lv>
	<E5_id>0</E5_id>
	<E5_lv>0</E5_lv>
	<E6_id>0</E6_id>
	<E6_lv>0</E6_lv>
	<Geth>13</Geth>
	<Experience>140</Experience>
</mst_mapenemy2>
<mst_mapenemy2>
	<Id>1670308</Id>
	<Maparea_id>16</Maparea_id>
	<Mapinfo_no>7</Mapinfo_no>
	<Enemy_list_id>16703</Enemy_list_id>
	<Boss>0</Boss>
	<Deck_id>8</Deck_id>
	<Deck_name>攻略部隊前衛潜水艦隊</Deck_name>
	<Formation_id>5</Formation_id>
	<E1_id>571</E1_id>
	<E1_lv>50</E1_lv>
	<E2_id>570</E2_id>
	<E2_lv>50</E2_lv>
	<E3_id>570</E3_id>
	<E3_lv>50</E3_lv>
	<E4_id>570</E4_id>
	<E4_lv>50</E4_lv>
	<E5_id>0</E5_id>
	<E5_lv>0</E5_lv>
	<E6_id>0</E6_id>
	<E6_lv>0</E6_lv>
	<Geth>13</Geth>
	<Experience>140</Experience>
</mst_mapenemy2>
<mst_mapenemy2>
	<Id>1670309</Id>
	<Maparea_id>16</Maparea_id>
	<Mapinfo_no>7</Mapinfo_no>
	<Enemy_list_id>16703</Enemy_list_id>
	<Boss>0</Boss>
	<Deck_id>9</Deck_id>
	<Deck_name>攻略部隊前衛潜水艦隊</Deck_name>
	<Formation_id>4</Formation_id>
	<E1_id>571</E1_id>
	<E1_lv>50</E1_lv>
	<E2_id>570</E2_id>
	<E2_lv>50</E2_lv>
	<E3_id>570</E3_id>
	<E3_lv>50</E3_lv>
	<E4_id>0</E4_id>
	<E4_lv>0</E4_lv>
	<E5_id>0</E5_id>
	<E5_lv>0</E5_lv>
	<E6_id>0</E6_id>
	<E6_lv>0</E6_lv>
	<Geth>13</Geth>
	<Experience>120</Experience>
</mst_mapenemy2>
<mst_mapenemy2>
	<Id>1670401</Id>
	<Maparea_id>16</Maparea_id>
	<Mapinfo_no>7</Mapinfo_no>
	<Enemy_list_id>16704</Enemy_list_id>
	<Boss>0</Boss>
	<Deck_id>1</Deck_id>
	<Deck_name>運河奪還水上打撃部隊</Deck_name>
	<Formation_id>2</Formation_id>
	<E1_id>557</E1_id>
	<E1_lv>1</E1_lv>
	<E2_id>557</E2_id>
	<E2_lv>1</E2_lv>
	<E3_id>560</E3_id>
	<E3_lv>1</E3_lv>
	<E4_id>578</E4_id>
	<E4_lv>1</E4_lv>
	<E5_id>578</E5_id>
	<E5_lv>1</E5_lv>
	<E6_id>578</E6_id>
	<E6_lv>1</E6_lv>
	<Geth>0</Geth>
	<Experience>700</Experience>
</mst_mapenemy2>
<mst_mapenemy2>
	<Id>1670402</Id>
	<Maparea_id>16</Maparea_id>
	<Mapinfo_no>7</Mapinfo_no>
	<Enemy_list_id>16704</Enemy_list_id>
	<Boss>0</Boss>
	<Deck_id>2</Deck_id>
	<Deck_name>運河奪還水上打撃部隊</Deck_name>
	<Formation_id>2</Formation_id>
	<E1_id>557</E1_id>
	<E1_lv>1</E1_lv>
	<E2_id>557</E2_id>
	<E2_lv>1</E2_lv>
	<E3_id>560</E3_id>
	<E3_lv>1</E3_lv>
	<E4_id>577</E4_id>
	<E4_lv>1</E4_lv>
	<E5_id>577</E5_id>
	<E5_lv>1</E5_lv>
	<E6_id>577</E6_id>
	<E6_lv>1</E6_lv>
	<Geth>0</Geth>
	<Experience>650</Experience>
</mst_mapenemy2>
<mst_mapenemy2>
	<Id>1670403</Id>
	<Maparea_id>16</Maparea_id>
	<Mapinfo_no>7</Mapinfo_no>
	<Enemy_list_id>16704</Enemy_list_id>
	<Boss>0</Boss>
	<Deck_id>3</Deck_id>
	<Deck_name>運河奪還水上打撃部隊</Deck_name>
	<Formation_id>2</Formation_id>
	<E1_id>557</E1_id>
	<E1_lv>1</E1_lv>
	<E2_id>557</E2_id>
	<E2_lv>1</E2_lv>
	<E3_id>560</E3_id>
	<E3_lv>1</E3_lv>
	<E4_id>576</E4_id>
	<E4_lv>1</E4_lv>
	<E5_id>576</E5_id>
	<E5_lv>1</E5_lv>
	<E6_id>576</E6_id>
	<E6_lv>1</E6_lv>
	<Geth>0</Geth>
	<Experience>600</Experience>
</mst_mapenemy2>
<mst_mapenemy2>
	<Id>1670404</Id>
	<Maparea_id>16</Maparea_id>
	<Mapinfo_no>7</Mapinfo_no>
	<Enemy_list_id>16704</Enemy_list_id>
	<Boss>0</Boss>
	<Deck_id>4</Deck_id>
	<Deck_name>運河奪還水上打撃部隊</Deck_name>
	<Formation_id>2</Formation_id>
	<E1_id>543</E1_id>
	<E1_lv>1</E1_lv>
	<E2_id>543</E2_id>
	<E2_lv>1</E2_lv>
	<E3_id>560</E3_id>
	<E3_lv>1</E3_lv>
	<E4_id>576</E4_id>
	<E4_lv>1</E4_lv>
	<E5_id>576</E5_id>
	<E5_lv>1</E5_lv>
	<E6_id>576</E6_id>
	<E6_lv>1</E6_lv>
	<Geth>0</Geth>
	<Experience>550</Experience>
</mst_mapenemy2>
<mst_mapenemy2>
	<Id>1670405</Id>
	<Maparea_id>16</Maparea_id>
	<Mapinfo_no>7</Mapinfo_no>
	<Enemy_list_id>16704</Enemy_list_id>
	<Boss>0</Boss>
	<Deck_id>5</Deck_id>
	<Deck_name>運河奪還水上打撃部隊</Deck_name>
	<Formation_id>2</Formation_id>
	<E1_id>543</E1_id>
	<E1_lv>1</E1_lv>
	<E2_id>543</E2_id>
	<E2_lv>1</E2_lv>
	<E3_id>523</E3_id>
	<E3_lv>1</E3_lv>
	<E4_id>576</E4_id>
	<E4_lv>1</E4_lv>
	<E5_id>576</E5_id>
	<E5_lv>1</E5_lv>
	<E6_id>576</E6_id>
	<E6_lv>1</E6_lv>
	<Geth>1</Geth>
	<Experience>500</Experience>
</mst_mapenemy2>
<mst_mapenemy2>
	<Id>1670406</Id>
	<Maparea_id>16</Maparea_id>
	<Mapinfo_no>7</Mapinfo_no>
	<Enemy_list_id>16704</Enemy_list_id>
	<Boss>0</Boss>
	<Deck_id>6</Deck_id>
	<Deck_name>運河奪還水上打撃部隊</Deck_name>
	<Formation_id>2</Formation_id>
	<E1_id>529</E1_id>
	<E1_lv>1</E1_lv>
	<E2_id>529</E2_id>
	<E2_lv>1</E2_lv>
	<E3_id>523</E3_id>
	<E3_lv>1</E3_lv>
	<E4_id>576</E4_id>
	<E4_lv>1</E4_lv>
	<E5_id>576</E5_id>
	<E5_lv>1</E5_lv>
	<E6_id>576</E6_id>
	<E6_lv>1</E6_lv>
	<Geth>2</Geth>
	<Experience>450</Experience>
</mst_mapenemy2>
<mst_mapenemy2>
	<Id>1670407</Id>
	<Maparea_id>16</Maparea_id>
	<Mapinfo_no>7</Mapinfo_no>
	<Enemy_list_id>16704</Enemy_list_id>
	<Boss>0</Boss>
	<Deck_id>7</Deck_id>
	<Deck_name>運河奪還水上打撃部隊</Deck_name>
	<Formation_id>2</Formation_id>
	<E1_id>524</E1_id>
	<E1_lv>1</E1_lv>
	<E2_id>524</E2_id>
	<E2_lv>1</E2_lv>
	<E3_id>523</E3_id>
	<E3_lv>1</E3_lv>
	<E4_id>576</E4_id>
	<E4_lv>1</E4_lv>
	<E5_id>576</E5_id>
	<E5_lv>1</E5_lv>
	<E6_id>576</E6_id>
	<E6_lv>1</E6_lv>
	<Geth>3</Geth>
	<Experience>400</Experience>
</mst_mapenemy2>
<mst_mapenemy2>
	<Id>1670408</Id>
	<Maparea_id>16</Maparea_id>
	<Mapinfo_no>7</Mapinfo_no>
	<Enemy_list_id>16704</Enemy_list_id>
	<Boss>0</Boss>
	<Deck_id>8</Deck_id>
	<Deck_name>運河奪還水上打撃部隊</Deck_name>
	<Formation_id>2</Formation_id>
	<E1_id>524</E1_id>
	<E1_lv>1</E1_lv>
	<E2_id>524</E2_id>
	<E2_lv>1</E2_lv>
	<E3_id>523</E3_id>
	<E3_lv>1</E3_lv>
	<E4_id>576</E4_id>
	<E4_lv>1</E4_lv>
	<E5_id>502</E5_id>
	<E5_lv>1</E5_lv>
	<E6_id>502</E6_id>
	<E6_lv>1</E6_lv>
	<Geth>4</Geth>
	<Experience>350</Experience>
</mst_mapenemy2>
<mst_mapenemy2>
	<Id>1670409</Id>
	<Maparea_id>16</Maparea_id>
	<Mapinfo_no>7</Mapinfo_no>
	<Enemy_list_id>16704</Enemy_list_id>
	<Boss>0</Boss>
	<Deck_id>9</Deck_id>
	<Deck_name>運河奪還水上打撃部隊</Deck_name>
	<Formation_id>2</Formation_id>
	<E1_id>524</E1_id>
	<E1_lv>1</E1_lv>
	<E2_id>524</E2_id>
	<E2_lv>1</E2_lv>
	<E3_id>510</E3_id>
	<E3_lv>1</E3_lv>
	<E4_id>502</E4_id>
	<E4_lv>1</E4_lv>
	<E5_id>502</E5_id>
	<E5_lv>1</E5_lv>
	<E6_id>0</E6_id>
	<E6_lv>0</E6_lv>
	<Geth>5</Geth>
	<Experience>300</Experience>
</mst_mapenemy2>
<mst_mapenemy2>
	<Id>1670501</Id>
	<Maparea_id>16</Maparea_id>
	<Mapinfo_no>7</Mapinfo_no>
	<Enemy_list_id>16705</Enemy_list_id>
	<Boss>0</Boss>
	<Deck_id>1</Deck_id>
	<Deck_name>運河奪還攻略部隊 II群</Deck_name>
	<Formation_id>3</Formation_id>
	<E1_id>618</E1_id>
	<E1_lv>1</E1_lv>
	<E2_id>543</E2_id>
	<E2_lv>1</E2_lv>
	<E3_id>558</E3_id>
	<E3_lv>1</E3_lv>
	<E4_id>558</E4_id>
	<E4_lv>1</E4_lv>
	<E5_id>597</E5_id>
	<E5_lv>1</E5_lv>
	<E6_id>597</E6_id>
	<E6_lv>1</E6_lv>
	<Geth>8</Geth>
	<Experience>600</Experience>
</mst_mapenemy2>
<mst_mapenemy2>
	<Id>1670502</Id>
	<Maparea_id>16</Maparea_id>
	<Mapinfo_no>7</Mapinfo_no>
	<Enemy_list_id>16705</Enemy_list_id>
	<Boss>0</Boss>
	<Deck_id>2</Deck_id>
	<Deck_name>運河奪還攻略部隊 II群</Deck_name>
	<Formation_id>3</Formation_id>
	<E1_id>618</E1_id>
	<E1_lv>1</E1_lv>
	<E2_id>543</E2_id>
	<E2_lv>1</E2_lv>
	<E3_id>558</E3_id>
	<E3_lv>1</E3_lv>
	<E4_id>558</E4_id>
	<E4_lv>1</E4_lv>
	<E5_id>577</E5_id>
	<E5_lv>1</E5_lv>
	<E6_id>577</E6_id>
	<E6_lv>1</E6_lv>
	<Geth>8</Geth>
	<Experience>550</Experience>
</mst_mapenemy2>
<mst_mapenemy2>
	<Id>1670503</Id>
	<Maparea_id>16</Maparea_id>
	<Mapinfo_no>7</Mapinfo_no>
	<Enemy_list_id>16705</Enemy_list_id>
	<Boss>0</Boss>
	<Deck_id>3</Deck_id>
	<Deck_name>運河奪還攻略部隊 II群</Deck_name>
	<Formation_id>3</Formation_id>
	<E1_id>617</E1_id>
	<E1_lv>1</E1_lv>
	<E2_id>543</E2_id>
	<E2_lv>1</E2_lv>
	<E3_id>558</E3_id>
	<E3_lv>1</E3_lv>
	<E4_id>558</E4_id>
	<E4_lv>1</E4_lv>
	<E5_id>577</E5_id>
	<E5_lv>1</E5_lv>
	<E6_id>577</E6_id>
	<E6_lv>1</E6_lv>
	<Geth>8</Geth>
	<Experience>500</Experience>
</mst_mapenemy2>
<mst_mapenemy2>
	<Id>1670504</Id>
	<Maparea_id>16</Maparea_id>
	<Mapinfo_no>7</Mapinfo_no>
	<Enemy_list_id>16705</Enemy_list_id>
	<Boss>0</Boss>
	<Deck_id>4</Deck_id>
	<Deck_name>運河奪還攻略部隊 II群</Deck_name>
	<Formation_id>2</Formation_id>
	<E1_id>617</E1_id>
	<E1_lv>1</E1_lv>
	<E2_id>542</E2_id>
	<E2_lv>1</E2_lv>
	<E3_id>558</E3_id>
	<E3_lv>1</E3_lv>
	<E4_id>558</E4_id>
	<E4_lv>1</E4_lv>
	<E5_id>577</E5_id>
	<E5_lv>1</E5_lv>
	<E6_id>577</E6_id>
	<E6_lv>1</E6_lv>
	<Geth>9</Geth>
	<Experience>450</Experience>
</mst_mapenemy2>
<mst_mapenemy2>
	<Id>1670505</Id>
	<Maparea_id>16</Maparea_id>
	<Mapinfo_no>7</Mapinfo_no>
	<Enemy_list_id>16705</Enemy_list_id>
	<Boss>0</Boss>
	<Deck_id>5</Deck_id>
	<Deck_name>運河奪還攻略部隊 II群</Deck_name>
	<Formation_id>2</Formation_id>
	<E1_id>616</E1_id>
	<E1_lv>1</E1_lv>
	<E2_id>542</E2_id>
	<E2_lv>1</E2_lv>
	<E3_id>558</E3_id>
	<E3_lv>1</E3_lv>
	<E4_id>558</E4_id>
	<E4_lv>1</E4_lv>
	<E5_id>576</E5_id>
	<E5_lv>1</E5_lv>
	<E6_id>576</E6_id>
	<E6_lv>1</E6_lv>
	<Geth>9</Geth>
	<Experience>400</Experience>
</mst_mapenemy2>
<mst_mapenemy2>
	<Id>1670506</Id>
	<Maparea_id>16</Maparea_id>
	<Mapinfo_no>7</Mapinfo_no>
	<Enemy_list_id>16705</Enemy_list_id>
	<Boss>0</Boss>
	<Deck_id>6</Deck_id>
	<Deck_name>運河奪還攻略部隊 II群</Deck_name>
	<Formation_id>2</Formation_id>
	<E1_id>616</E1_id>
	<E1_lv>1</E1_lv>
	<E2_id>542</E2_id>
	<E2_lv>1</E2_lv>
	<E3_id>526</E3_id>
	<E3_lv>1</E3_lv>
	<E4_id>526</E4_id>
	<E4_lv>1</E4_lv>
	<E5_id>576</E5_id>
	<E5_lv>1</E5_lv>
	<E6_id>576</E6_id>
	<E6_lv>1</E6_lv>
	<Geth>10</Geth>
	<Experience>380</Experience>
</mst_mapenemy2>
<mst_mapenemy2>
	<Id>1670507</Id>
	<Maparea_id>16</Maparea_id>
	<Mapinfo_no>7</Mapinfo_no>
	<Enemy_list_id>16705</Enemy_list_id>
	<Boss>0</Boss>
	<Deck_id>7</Deck_id>
	<Deck_name>運河奪還攻略部隊 II群</Deck_name>
	<Formation_id>2</Formation_id>
	<E1_id>528</E1_id>
	<E1_lv>1</E1_lv>
	<E2_id>542</E2_id>
	<E2_lv>1</E2_lv>
	<E3_id>526</E3_id>
	<E3_lv>1</E3_lv>
	<E4_id>526</E4_id>
	<E4_lv>1</E4_lv>
	<E5_id>502</E5_id>
	<E5_lv>1</E5_lv>
	<E6_id>502</E6_id>
	<E6_lv>1</E6_lv>
	<Geth>10</Geth>
	<Experience>360</Experience>
</mst_mapenemy2>
<mst_mapenemy2>
	<Id>1670508</Id>
	<Maparea_id>16</Maparea_id>
	<Mapinfo_no>7</Mapinfo_no>
	<Enemy_list_id>16705</Enemy_list_id>
	<Boss>0</Boss>
	<Deck_id>8</Deck_id>
	<Deck_name>運河奪還攻略部隊 II群</Deck_name>
	<Formation_id>2</Formation_id>
	<E1_id>525</E1_id>
	<E1_lv>1</E1_lv>
	<E2_id>542</E2_id>
	<E2_lv>1</E2_lv>
	<E3_id>513</E3_id>
	<E3_lv>1</E3_lv>
	<E4_id>513</E4_id>
	<E4_lv>1</E4_lv>
	<E5_id>502</E5_id>
	<E5_lv>1</E5_lv>
	<E6_id>502</E6_id>
	<E6_lv>1</E6_lv>
	<Geth>11</Geth>
	<Experience>330</Experience>
</mst_mapenemy2>
<mst_mapenemy2>
	<Id>1670509</Id>
	<Maparea_id>16</Maparea_id>
	<Mapinfo_no>7</Mapinfo_no>
	<Enemy_list_id>16705</Enemy_list_id>
	<Boss>0</Boss>
	<Deck_id>9</Deck_id>
	<Deck_name>運河奪還攻略部隊 II群</Deck_name>
	<Formation_id>2</Formation_id>
	<E1_id>525</E1_id>
	<E1_lv>1</E1_lv>
	<E2_id>541</E2_id>
	<E2_lv>1</E2_lv>
	<E3_id>513</E3_id>
	<E3_lv>1</E3_lv>
	<E4_id>513</E4_id>
	<E4_lv>1</E4_lv>
	<E5_id>502</E5_id>
	<E5_lv>1</E5_lv>
	<E6_id>502</E6_id>
	<E6_lv>1</E6_lv>
	<Geth>12</Geth>
	<Experience>300</Experience>
</mst_mapenemy2>
<mst_mapenemy2>
	<Id>1670601</Id>
	<Maparea_id>16</Maparea_id>
	<Mapinfo_no>7</Mapinfo_no>
	<Enemy_list_id>16706</Enemy_list_id>
	<Boss>1</Boss>
	<Deck_id>1</Deck_id>
	<Deck_name>運河奪還部隊 旗艦艦隊</Deck_name>
	<Formation_id>3</Formation_id>
	<E1_id>627</E1_id>
	<E1_lv>1</E1_lv>
	<E2_id>620</E2_id>
	<E2_lv>1</E2_lv>
	<E3_id>592</E3_id>
	<E3_lv>1</E3_lv>
	<E4_id>592</E4_id>
	<E4_lv>1</E4_lv>
	<E5_id>597</E5_id>
	<E5_lv>1</E5_lv>
	<E6_id>597</E6_id>
	<E6_lv>1</E6_lv>
	<Geth>0</Geth>
	<Experience>700</Experience>
</mst_mapenemy2>
<mst_mapenemy2>
	<Id>1670602</Id>
	<Maparea_id>16</Maparea_id>
	<Mapinfo_no>7</Mapinfo_no>
	<Enemy_list_id>16706</Enemy_list_id>
	<Boss>1</Boss>
	<Deck_id>2</Deck_id>
	<Deck_name>運河奪還部隊 旗艦艦隊</Deck_name>
	<Formation_id>3</Formation_id>
	<E1_id>627</E1_id>
	<E1_lv>1</E1_lv>
	<E2_id>620</E2_id>
	<E2_lv>1</E2_lv>
	<E3_id>592</E3_id>
	<E3_lv>1</E3_lv>
	<E4_id>592</E4_id>
	<E4_lv>1</E4_lv>
	<E5_id>578</E5_id>
	<E5_lv>1</E5_lv>
	<E6_id>578</E6_id>
	<E6_lv>1</E6_lv>
	<Geth>0</Geth>
	<Experience>680</Experience>
</mst_mapenemy2>
<mst_mapenemy2>
	<Id>1670603</Id>
	<Maparea_id>16</Maparea_id>
	<Mapinfo_no>7</Mapinfo_no>
	<Enemy_list_id>16706</Enemy_list_id>
	<Boss>1</Boss>
	<Deck_id>3</Deck_id>
	<Deck_name>運河奪還部隊 旗艦艦隊</Deck_name>
	<Formation_id>3</Formation_id>
	<E1_id>626</E1_id>
	<E1_lv>1</E1_lv>
	<E2_id>620</E2_id>
	<E2_lv>1</E2_lv>
	<E3_id>592</E3_id>
	<E3_lv>1</E3_lv>
	<E4_id>591</E4_id>
	<E4_lv>1</E4_lv>
	<E5_id>578</E5_id>
	<E5_lv>1</E5_lv>
	<E6_id>578</E6_id>
	<E6_lv>1</E6_lv>
	<Geth>0</Geth>
	<Experience>640</Experience>
</mst_mapenemy2>
<mst_mapenemy2>
	<Id>1670604</Id>
	<Maparea_id>16</Maparea_id>
	<Mapinfo_no>7</Mapinfo_no>
	<Enemy_list_id>16706</Enemy_list_id>
	<Boss>1</Boss>
	<Deck_id>4</Deck_id>
	<Deck_name>運河奪還部隊 旗艦艦隊</Deck_name>
	<Formation_id>1</Formation_id>
	<E1_id>626</E1_id>
	<E1_lv>1</E1_lv>
	<E2_id>620</E2_id>
	<E2_lv>1</E2_lv>
	<E3_id>591</E3_id>
	<E3_lv>1</E3_lv>
	<E4_id>591</E4_id>
	<E4_lv>1</E4_lv>
	<E5_id>577</E5_id>
	<E5_lv>1</E5_lv>
	<E6_id>577</E6_id>
	<E6_lv>1</E6_lv>
	<Geth>1</Geth>
	<Experience>620</Experience>
</mst_mapenemy2>
<mst_mapenemy2>
	<Id>1670605</Id>
	<Maparea_id>16</Maparea_id>
	<Mapinfo_no>7</Mapinfo_no>
	<Enemy_list_id>16706</Enemy_list_id>
	<Boss>1</Boss>
	<Deck_id>5</Deck_id>
	<Deck_name>運河奪還部隊 旗艦艦隊</Deck_name>
	<Formation_id>1</Formation_id>
	<E1_id>625</E1_id>
	<E1_lv>1</E1_lv>
	<E2_id>579</E2_id>
	<E2_lv>1</E2_lv>
	<E3_id>591</E3_id>
	<E3_lv>1</E3_lv>
	<E4_id>591</E4_id>
	<E4_lv>1</E4_lv>
	<E5_id>576</E5_id>
	<E5_lv>1</E5_lv>
	<E6_id>576</E6_id>
	<E6_lv>1</E6_lv>
	<Geth>1</Geth>
	<Experience>600</Experience>
</mst_mapenemy2>
<mst_mapenemy2>
	<Id>1670606</Id>
	<Maparea_id>16</Maparea_id>
	<Mapinfo_no>7</Mapinfo_no>
	<Enemy_list_id>16706</Enemy_list_id>
	<Boss>1</Boss>
	<Deck_id>6</Deck_id>
	<Deck_name>運河奪還部隊 旗艦艦隊</Deck_name>
	<Formation_id>1</Formation_id>
	<E1_id>625</E1_id>
	<E1_lv>1</E1_lv>
	<E2_id>528</E2_id>
	<E2_lv>1</E2_lv>
	<E3_id>591</E3_id>
	<E3_lv>1</E3_lv>
	<E4_id>591</E4_id>
	<E4_lv>1</E4_lv>
	<E5_id>502</E5_id>
	<E5_lv>1</E5_lv>
	<E6_id>502</E6_id>
	<E6_lv>1</E6_lv>
	<Geth>2</Geth>
	<Experience>550</Experience>
</mst_mapenemy2>
<mst_mapenemy2>
	<Id>1670607</Id>
	<Maparea_id>16</Maparea_id>
	<Mapinfo_no>7</Mapinfo_no>
	<Enemy_list_id>16706</Enemy_list_id>
	<Boss>1</Boss>
	<Deck_id>7</Deck_id>
	<Deck_name>運河奪還部隊 旗艦艦隊</Deck_name>
	<Formation_id>1</Formation_id>
	<E1_id>625</E1_id>
	<E1_lv>1</E1_lv>
	<E2_id>525</E2_id>
	<E2_lv>1</E2_lv>
	<E3_id>591</E3_id>
	<E3_lv>1</E3_lv>
	<E4_id>502</E4_id>
	<E4_lv>1</E4_lv>
	<E5_id>502</E5_id>
	<E5_lv>1</E5_lv>
	<E6_id>0</E6_id>
	<E6_lv>0</E6_lv>
	<Geth>2</Geth>
	<Experience>500</Experience>
</mst_mapenemy2>
<mst_mapenemy2>
	<Id>1670608</Id>
	<Maparea_id>16</Maparea_id>
	<Mapinfo_no>7</Mapinfo_no>
	<Enemy_list_id>16706</Enemy_list_id>
	<Boss>1</Boss>
	<Deck_id>8</Deck_id>
	<Deck_name>運河奪還部隊 旗艦艦隊</Deck_name>
	<Formation_id>1</Formation_id>
	<E1_id>625</E1_id>
	<E1_lv>1</E1_lv>
	<E2_id>591</E2_id>
	<E2_lv>1</E2_lv>
	<E3_id>502</E3_id>
	<E3_lv>1</E3_lv>
	<E4_id>502</E4_id>
	<E4_lv>1</E4_lv>
	<E5_id>0</E5_id>
	<E5_lv>0</E5_lv>
	<E6_id>0</E6_id>
	<E6_lv>0</E6_lv>
	<Geth>3</Geth>
	<Experience>450</Experience>
</mst_mapenemy2>
<mst_mapenemy2>
	<Id>1670609</Id>
	<Maparea_id>16</Maparea_id>
	<Mapinfo_no>7</Mapinfo_no>
	<Enemy_list_id>16706</Enemy_list_id>
	<Boss>1</Boss>
	<Deck_id>9</Deck_id>
	<Deck_name>運河奪還部隊 旗艦艦隊</Deck_name>
	<Formation_id>1</Formation_id>
	<E1_id>625</E1_id>
	<E1_lv>1</E1_lv>
	<E2_id>502</E2_id>
	<E2_lv>1</E2_lv>
	<E3_id>502</E3_id>
	<E3_lv>1</E3_lv>
	<E4_id>0</E4_id>
	<E4_lv>0</E4_lv>
	<E5_id>0</E5_id>
	<E5_lv>0</E5_lv>
	<E6_id>0</E6_id>
	<E6_lv>0</E6_lv>
	<Geth>4</Geth>
	<Experience>400</Experience>
</mst_mapenemy2>
</mst_mapenemy2_data>
