<?xml version="1.0" encoding="utf-8"?>
<mst_mapenemy2_data xmlns:i="http://www.w3.org/2001/XMLSchema-instance">
<mst_mapenemy2>
	<Id>1730101</Id>
	<Maparea_id>17</Maparea_id>
	<Mapinfo_no>3</Mapinfo_no>
	<Enemy_list_id>17301</Enemy_list_id>
	<Boss>0</Boss>
	<Deck_id>1</Deck_id>
	<Deck_name>残存潜水カ級遊撃隊</Deck_name>
	<Formation_id>4</Formation_id>
	<E1_id>534</E1_id>
	<E1_lv>50</E1_lv>
	<E2_id>534</E2_id>
	<E2_lv>50</E2_lv>
	<E3_id>534</E3_id>
	<E3_lv>50</E3_lv>
	<E4_id>0</E4_id>
	<E4_lv>0</E4_lv>
	<E5_id>0</E5_id>
	<E5_lv>0</E5_lv>
	<E6_id>0</E6_id>
	<E6_lv>0</E6_lv>
	<Geth>40</Geth>
	<Experience>150</Experience>
</mst_mapenemy2>
<mst_mapenemy2>
	<Id>1730102</Id>
	<Maparea_id>17</Maparea_id>
	<Mapinfo_no>3</Mapinfo_no>
	<Enemy_list_id>17301</Enemy_list_id>
	<Boss>0</Boss>
	<Deck_id>2</Deck_id>
	<Deck_name>残存潜水カ級遊撃隊</Deck_name>
	<Formation_id>4</Formation_id>
	<E1_id>534</E1_id>
	<E1_lv>50</E1_lv>
	<E2_id>534</E2_id>
	<E2_lv>50</E2_lv>
	<E3_id>532</E3_id>
	<E3_lv>50</E3_lv>
	<E4_id>0</E4_id>
	<E4_lv>0</E4_lv>
	<E5_id>0</E5_id>
	<E5_lv>0</E5_lv>
	<E6_id>0</E6_id>
	<E6_lv>0</E6_lv>
	<Geth>40</Geth>
	<Experience>130</Experience>
</mst_mapenemy2>
<mst_mapenemy2>
	<Id>1730103</Id>
	<Maparea_id>17</Maparea_id>
	<Mapinfo_no>3</Mapinfo_no>
	<Enemy_list_id>17301</Enemy_list_id>
	<Boss>0</Boss>
	<Deck_id>3</Deck_id>
	<Deck_name>残存潜水カ級遊撃隊</Deck_name>
	<Formation_id>4</Formation_id>
	<E1_id>534</E1_id>
	<E1_lv>50</E1_lv>
	<E2_id>532</E2_id>
	<E2_lv>50</E2_lv>
	<E3_id>532</E3_id>
	<E3_lv>50</E3_lv>
	<E4_id>0</E4_id>
	<E4_lv>0</E4_lv>
	<E5_id>0</E5_id>
	<E5_lv>0</E5_lv>
	<E6_id>0</E6_id>
	<E6_lv>0</E6_lv>
	<Geth>40</Geth>
	<Experience>110</Experience>
</mst_mapenemy2>
<mst_mapenemy2>
	<Id>1730104</Id>
	<Maparea_id>17</Maparea_id>
	<Mapinfo_no>3</Mapinfo_no>
	<Enemy_list_id>17301</Enemy_list_id>
	<Boss>0</Boss>
	<Deck_id>4</Deck_id>
	<Deck_name>残存潜水カ級遊撃隊</Deck_name>
	<Formation_id>5</Formation_id>
	<E1_id>534</E1_id>
	<E1_lv>50</E1_lv>
	<E2_id>532</E2_id>
	<E2_lv>50</E2_lv>
	<E3_id>532</E3_id>
	<E3_lv>50</E3_lv>
	<E4_id>0</E4_id>
	<E4_lv>0</E4_lv>
	<E5_id>0</E5_id>
	<E5_lv>0</E5_lv>
	<E6_id>0</E6_id>
	<E6_lv>0</E6_lv>
	<Geth>40</Geth>
	<Experience>110</Experience>
</mst_mapenemy2>
<mst_mapenemy2>
	<Id>1730105</Id>
	<Maparea_id>17</Maparea_id>
	<Mapinfo_no>3</Mapinfo_no>
	<Enemy_list_id>17301</Enemy_list_id>
	<Boss>0</Boss>
	<Deck_id>5</Deck_id>
	<Deck_name>残存潜水カ級遊撃隊</Deck_name>
	<Formation_id>4</Formation_id>
	<E1_id>532</E1_id>
	<E1_lv>50</E1_lv>
	<E2_id>532</E2_id>
	<E2_lv>50</E2_lv>
	<E3_id>532</E3_id>
	<E3_lv>50</E3_lv>
	<E4_id>0</E4_id>
	<E4_lv>0</E4_lv>
	<E5_id>0</E5_id>
	<E5_lv>0</E5_lv>
	<E6_id>0</E6_id>
	<E6_lv>0</E6_lv>
	<Geth>40</Geth>
	<Experience>90</Experience>
</mst_mapenemy2>
<mst_mapenemy2>
	<Id>1730106</Id>
	<Maparea_id>17</Maparea_id>
	<Mapinfo_no>3</Mapinfo_no>
	<Enemy_list_id>17301</Enemy_list_id>
	<Boss>0</Boss>
	<Deck_id>6</Deck_id>
	<Deck_name>残存潜水カ級遊撃隊</Deck_name>
	<Formation_id>5</Formation_id>
	<E1_id>532</E1_id>
	<E1_lv>50</E1_lv>
	<E2_id>532</E2_id>
	<E2_lv>50</E2_lv>
	<E3_id>532</E3_id>
	<E3_lv>50</E3_lv>
	<E4_id>0</E4_id>
	<E4_lv>0</E4_lv>
	<E5_id>0</E5_id>
	<E5_lv>0</E5_lv>
	<E6_id>0</E6_id>
	<E6_lv>0</E6_lv>
	<Geth>40</Geth>
	<Experience>90</Experience>
</mst_mapenemy2>
<mst_mapenemy2>
	<Id>1730107</Id>
	<Maparea_id>17</Maparea_id>
	<Mapinfo_no>3</Mapinfo_no>
	<Enemy_list_id>17301</Enemy_list_id>
	<Boss>0</Boss>
	<Deck_id>7</Deck_id>
	<Deck_name>残存潜水カ級遊撃隊</Deck_name>
	<Formation_id>4</Formation_id>
	<E1_id>532</E1_id>
	<E1_lv>50</E1_lv>
	<E2_id>532</E2_id>
	<E2_lv>50</E2_lv>
	<E3_id>530</E3_id>
	<E3_lv>50</E3_lv>
	<E4_id>0</E4_id>
	<E4_lv>0</E4_lv>
	<E5_id>0</E5_id>
	<E5_lv>0</E5_lv>
	<E6_id>0</E6_id>
	<E6_lv>0</E6_lv>
	<Geth>40</Geth>
	<Experience>80</Experience>
</mst_mapenemy2>
<mst_mapenemy2>
	<Id>1730108</Id>
	<Maparea_id>17</Maparea_id>
	<Mapinfo_no>3</Mapinfo_no>
	<Enemy_list_id>17301</Enemy_list_id>
	<Boss>0</Boss>
	<Deck_id>8</Deck_id>
	<Deck_name>残存潜水カ級遊撃隊</Deck_name>
	<Formation_id>5</Formation_id>
	<E1_id>532</E1_id>
	<E1_lv>50</E1_lv>
	<E2_id>532</E2_id>
	<E2_lv>50</E2_lv>
	<E3_id>530</E3_id>
	<E3_lv>50</E3_lv>
	<E4_id>0</E4_id>
	<E4_lv>0</E4_lv>
	<E5_id>0</E5_id>
	<E5_lv>0</E5_lv>
	<E6_id>0</E6_id>
	<E6_lv>0</E6_lv>
	<Geth>40</Geth>
	<Experience>80</Experience>
</mst_mapenemy2>
<mst_mapenemy2>
	<Id>1730109</Id>
	<Maparea_id>17</Maparea_id>
	<Mapinfo_no>3</Mapinfo_no>
	<Enemy_list_id>17301</Enemy_list_id>
	<Boss>0</Boss>
	<Deck_id>9</Deck_id>
	<Deck_name>残存潜水カ級遊撃隊</Deck_name>
	<Formation_id>4</Formation_id>
	<E1_id>532</E1_id>
	<E1_lv>50</E1_lv>
	<E2_id>530</E2_id>
	<E2_lv>50</E2_lv>
	<E3_id>530</E3_id>
	<E3_lv>50</E3_lv>
	<E4_id>0</E4_id>
	<E4_lv>0</E4_lv>
	<E5_id>0</E5_id>
	<E5_lv>0</E5_lv>
	<E6_id>0</E6_id>
	<E6_lv>0</E6_lv>
	<Geth>40</Geth>
	<Experience>70</Experience>
</mst_mapenemy2>
<mst_mapenemy2>
	<Id>1730201</Id>
	<Maparea_id>17</Maparea_id>
	<Mapinfo_no>3</Mapinfo_no>
	<Enemy_list_id>17302</Enemy_list_id>
	<Boss>0</Boss>
	<Deck_id>1</Deck_id>
	<Deck_name>中枢泊地 哨戒艦隊</Deck_name>
	<Formation_id>3</Formation_id>
	<E1_id>627</E1_id>
	<E1_lv>1</E1_lv>
	<E2_id>543</E2_id>
	<E2_lv>1</E2_lv>
	<E3_id>560</E3_id>
	<E3_lv>1</E3_lv>
	<E4_id>560</E4_id>
	<E4_lv>1</E4_lv>
	<E5_id>624</E5_id>
	<E5_lv>1</E5_lv>
	<E6_id>624</E6_id>
	<E6_lv>1</E6_lv>
	<Geth>13</Geth>
	<Experience>500</Experience>
</mst_mapenemy2>
<mst_mapenemy2>
	<Id>1730202</Id>
	<Maparea_id>17</Maparea_id>
	<Mapinfo_no>3</Mapinfo_no>
	<Enemy_list_id>17302</Enemy_list_id>
	<Boss>0</Boss>
	<Deck_id>2</Deck_id>
	<Deck_name>中枢泊地 哨戒艦隊</Deck_name>
	<Formation_id>3</Formation_id>
	<E1_id>626</E1_id>
	<E1_lv>1</E1_lv>
	<E2_id>543</E2_id>
	<E2_lv>1</E2_lv>
	<E3_id>560</E3_id>
	<E3_lv>1</E3_lv>
	<E4_id>560</E4_id>
	<E4_lv>1</E4_lv>
	<E5_id>624</E5_id>
	<E5_lv>1</E5_lv>
	<E6_id>624</E6_id>
	<E6_lv>1</E6_lv>
	<Geth>13</Geth>
	<Experience>480</Experience>
</mst_mapenemy2>
<mst_mapenemy2>
	<Id>1730203</Id>
	<Maparea_id>17</Maparea_id>
	<Mapinfo_no>3</Mapinfo_no>
	<Enemy_list_id>17302</Enemy_list_id>
	<Boss>0</Boss>
	<Deck_id>3</Deck_id>
	<Deck_name>中枢泊地 哨戒艦隊</Deck_name>
	<Formation_id>3</Formation_id>
	<E1_id>625</E1_id>
	<E1_lv>1</E1_lv>
	<E2_id>543</E2_id>
	<E2_lv>1</E2_lv>
	<E3_id>560</E3_id>
	<E3_lv>1</E3_lv>
	<E4_id>560</E4_id>
	<E4_lv>1</E4_lv>
	<E5_id>623</E5_id>
	<E5_lv>1</E5_lv>
	<E6_id>623</E6_id>
	<E6_lv>1</E6_lv>
	<Geth>13</Geth>
	<Experience>450</Experience>
</mst_mapenemy2>
<mst_mapenemy2>
	<Id>1730204</Id>
	<Maparea_id>17</Maparea_id>
	<Mapinfo_no>3</Mapinfo_no>
	<Enemy_list_id>17302</Enemy_list_id>
	<Boss>0</Boss>
	<Deck_id>4</Deck_id>
	<Deck_name>中枢泊地 哨戒艦隊</Deck_name>
	<Formation_id>3</Formation_id>
	<E1_id>625</E1_id>
	<E1_lv>1</E1_lv>
	<E2_id>543</E2_id>
	<E2_lv>1</E2_lv>
	<E3_id>560</E3_id>
	<E3_lv>1</E3_lv>
	<E4_id>560</E4_id>
	<E4_lv>1</E4_lv>
	<E5_id>577</E5_id>
	<E5_lv>1</E5_lv>
	<E6_id>577</E6_id>
	<E6_lv>1</E6_lv>
	<Geth>14</Geth>
	<Experience>400</Experience>
</mst_mapenemy2>
<mst_mapenemy2>
	<Id>1730205</Id>
	<Maparea_id>17</Maparea_id>
	<Mapinfo_no>3</Mapinfo_no>
	<Enemy_list_id>17302</Enemy_list_id>
	<Boss>0</Boss>
	<Deck_id>5</Deck_id>
	<Deck_name>中枢泊地 哨戒艦隊</Deck_name>
	<Formation_id>3</Formation_id>
	<E1_id>625</E1_id>
	<E1_lv>1</E1_lv>
	<E2_id>542</E2_id>
	<E2_lv>1</E2_lv>
	<E3_id>523</E3_id>
	<E3_lv>1</E3_lv>
	<E4_id>523</E4_id>
	<E4_lv>1</E4_lv>
	<E5_id>577</E5_id>
	<E5_lv>1</E5_lv>
	<E6_id>577</E6_id>
	<E6_lv>1</E6_lv>
	<Geth>14</Geth>
	<Experience>340</Experience>
</mst_mapenemy2>
<mst_mapenemy2>
	<Id>1730206</Id>
	<Maparea_id>17</Maparea_id>
	<Mapinfo_no>3</Mapinfo_no>
	<Enemy_list_id>17302</Enemy_list_id>
	<Boss>0</Boss>
	<Deck_id>6</Deck_id>
	<Deck_name>中枢泊地 哨戒艦隊</Deck_name>
	<Formation_id>3</Formation_id>
	<E1_id>625</E1_id>
	<E1_lv>1</E1_lv>
	<E2_id>542</E2_id>
	<E2_lv>1</E2_lv>
	<E3_id>523</E3_id>
	<E3_lv>1</E3_lv>
	<E4_id>523</E4_id>
	<E4_lv>1</E4_lv>
	<E5_id>503</E5_id>
	<E5_lv>1</E5_lv>
	<E6_id>503</E6_id>
	<E6_lv>1</E6_lv>
	<Geth>14</Geth>
	<Experience>300</Experience>
</mst_mapenemy2>
<mst_mapenemy2>
	<Id>1730207</Id>
	<Maparea_id>17</Maparea_id>
	<Mapinfo_no>3</Mapinfo_no>
	<Enemy_list_id>17302</Enemy_list_id>
	<Boss>0</Boss>
	<Deck_id>7</Deck_id>
	<Deck_name>中枢泊地 哨戒艦隊</Deck_name>
	<Formation_id>3</Formation_id>
	<E1_id>625</E1_id>
	<E1_lv>1</E1_lv>
	<E2_id>541</E2_id>
	<E2_lv>1</E2_lv>
	<E3_id>523</E3_id>
	<E3_lv>1</E3_lv>
	<E4_id>520</E4_id>
	<E4_lv>1</E4_lv>
	<E5_id>503</E5_id>
	<E5_lv>1</E5_lv>
	<E6_id>503</E6_id>
	<E6_lv>1</E6_lv>
	<Geth>15</Geth>
	<Experience>280</Experience>
</mst_mapenemy2>
<mst_mapenemy2>
	<Id>1730208</Id>
	<Maparea_id>17</Maparea_id>
	<Mapinfo_no>3</Mapinfo_no>
	<Enemy_list_id>17302</Enemy_list_id>
	<Boss>0</Boss>
	<Deck_id>8</Deck_id>
	<Deck_name>中枢泊地 哨戒艦隊</Deck_name>
	<Formation_id>3</Formation_id>
	<E1_id>625</E1_id>
	<E1_lv>1</E1_lv>
	<E2_id>523</E2_id>
	<E2_lv>1</E2_lv>
	<E3_id>503</E3_id>
	<E3_lv>1</E3_lv>
	<E4_id>503</E4_id>
	<E4_lv>1</E4_lv>
	<E5_id>0</E5_id>
	<E5_lv>0</E5_lv>
	<E6_id>0</E6_id>
	<E6_lv>0</E6_lv>
	<Geth>15</Geth>
	<Experience>240</Experience>
</mst_mapenemy2>
<mst_mapenemy2>
	<Id>1730209</Id>
	<Maparea_id>17</Maparea_id>
	<Mapinfo_no>3</Mapinfo_no>
	<Enemy_list_id>17302</Enemy_list_id>
	<Boss>0</Boss>
	<Deck_id>9</Deck_id>
	<Deck_name>中枢泊地 哨戒艦隊</Deck_name>
	<Formation_id>3</Formation_id>
	<E1_id>625</E1_id>
	<E1_lv>1</E1_lv>
	<E2_id>520</E2_id>
	<E2_lv>1</E2_lv>
	<E3_id>503</E3_id>
	<E3_lv>1</E3_lv>
	<E4_id>503</E4_id>
	<E4_lv>1</E4_lv>
	<E5_id>0</E5_id>
	<E5_lv>0</E5_lv>
	<E6_id>0</E6_id>
	<E6_lv>0</E6_lv>
	<Geth>15</Geth>
	<Experience>240</Experience>
</mst_mapenemy2>
<mst_mapenemy2>
	<Id>1730301</Id>
	<Maparea_id>17</Maparea_id>
	<Mapinfo_no>3</Mapinfo_no>
	<Enemy_list_id>17303</Enemy_list_id>
	<Boss>0</Boss>
	<Deck_id>1</Deck_id>
	<Deck_name>潜水艦隊 南防衛線 </Deck_name>
	<Formation_id>4</Formation_id>
	<E1_id>572</E1_id>
	<E1_lv>50</E1_lv>
	<E2_id>572</E2_id>
	<E2_lv>50</E2_lv>
	<E3_id>571</E3_id>
	<E3_lv>50</E3_lv>
	<E4_id>571</E4_id>
	<E4_lv>50</E4_lv>
	<E5_id>0</E5_id>
	<E5_lv>0</E5_lv>
	<E6_id>0</E6_id>
	<E6_lv>0</E6_lv>
	<Geth>40</Geth>
	<Experience>290</Experience>
</mst_mapenemy2>
<mst_mapenemy2>
	<Id>1730302</Id>
	<Maparea_id>17</Maparea_id>
	<Mapinfo_no>3</Mapinfo_no>
	<Enemy_list_id>17303</Enemy_list_id>
	<Boss>0</Boss>
	<Deck_id>2</Deck_id>
	<Deck_name>潜水艦隊 南防衛線 </Deck_name>
	<Formation_id>5</Formation_id>
	<E1_id>572</E1_id>
	<E1_lv>50</E1_lv>
	<E2_id>572</E2_id>
	<E2_lv>50</E2_lv>
	<E3_id>571</E3_id>
	<E3_lv>50</E3_lv>
	<E4_id>571</E4_id>
	<E4_lv>50</E4_lv>
	<E5_id>0</E5_id>
	<E5_lv>0</E5_lv>
	<E6_id>0</E6_id>
	<E6_lv>0</E6_lv>
	<Geth>40</Geth>
	<Experience>290</Experience>
</mst_mapenemy2>
<mst_mapenemy2>
	<Id>1730303</Id>
	<Maparea_id>17</Maparea_id>
	<Mapinfo_no>3</Mapinfo_no>
	<Enemy_list_id>17303</Enemy_list_id>
	<Boss>0</Boss>
	<Deck_id>3</Deck_id>
	<Deck_name>潜水艦隊 南防衛線 </Deck_name>
	<Formation_id>4</Formation_id>
	<E1_id>572</E1_id>
	<E1_lv>50</E1_lv>
	<E2_id>571</E2_id>
	<E2_lv>50</E2_lv>
	<E3_id>571</E3_id>
	<E3_lv>50</E3_lv>
	<E4_id>571</E4_id>
	<E4_lv>50</E4_lv>
	<E5_id>0</E5_id>
	<E5_lv>0</E5_lv>
	<E6_id>0</E6_id>
	<E6_lv>0</E6_lv>
	<Geth>40</Geth>
	<Experience>250</Experience>
</mst_mapenemy2>
<mst_mapenemy2>
	<Id>1730304</Id>
	<Maparea_id>17</Maparea_id>
	<Mapinfo_no>3</Mapinfo_no>
	<Enemy_list_id>17303</Enemy_list_id>
	<Boss>0</Boss>
	<Deck_id>4</Deck_id>
	<Deck_name>潜水艦隊 南防衛線 </Deck_name>
	<Formation_id>5</Formation_id>
	<E1_id>572</E1_id>
	<E1_lv>50</E1_lv>
	<E2_id>571</E2_id>
	<E2_lv>50</E2_lv>
	<E3_id>571</E3_id>
	<E3_lv>50</E3_lv>
	<E4_id>571</E4_id>
	<E4_lv>50</E4_lv>
	<E5_id>0</E5_id>
	<E5_lv>0</E5_lv>
	<E6_id>0</E6_id>
	<E6_lv>0</E6_lv>
	<Geth>40</Geth>
	<Experience>250</Experience>
</mst_mapenemy2>
<mst_mapenemy2>
	<Id>1730305</Id>
	<Maparea_id>17</Maparea_id>
	<Mapinfo_no>3</Mapinfo_no>
	<Enemy_list_id>17303</Enemy_list_id>
	<Boss>0</Boss>
	<Deck_id>5</Deck_id>
	<Deck_name>潜水艦隊 南防衛線 </Deck_name>
	<Formation_id>4</Formation_id>
	<E1_id>572</E1_id>
	<E1_lv>50</E1_lv>
	<E2_id>571</E2_id>
	<E2_lv>50</E2_lv>
	<E3_id>570</E3_id>
	<E3_lv>50</E3_lv>
	<E4_id>570</E4_id>
	<E4_lv>50</E4_lv>
	<E5_id>0</E5_id>
	<E5_lv>0</E5_lv>
	<E6_id>0</E6_id>
	<E6_lv>0</E6_lv>
	<Geth>40</Geth>
	<Experience>200</Experience>
</mst_mapenemy2>
<mst_mapenemy2>
	<Id>1730306</Id>
	<Maparea_id>17</Maparea_id>
	<Mapinfo_no>3</Mapinfo_no>
	<Enemy_list_id>17303</Enemy_list_id>
	<Boss>0</Boss>
	<Deck_id>6</Deck_id>
	<Deck_name>潜水艦隊 南防衛線 </Deck_name>
	<Formation_id>5</Formation_id>
	<E1_id>572</E1_id>
	<E1_lv>50</E1_lv>
	<E2_id>571</E2_id>
	<E2_lv>50</E2_lv>
	<E3_id>570</E3_id>
	<E3_lv>50</E3_lv>
	<E4_id>570</E4_id>
	<E4_lv>50</E4_lv>
	<E5_id>0</E5_id>
	<E5_lv>0</E5_lv>
	<E6_id>0</E6_id>
	<E6_lv>0</E6_lv>
	<Geth>40</Geth>
	<Experience>200</Experience>
</mst_mapenemy2>
<mst_mapenemy2>
	<Id>1730307</Id>
	<Maparea_id>17</Maparea_id>
	<Mapinfo_no>3</Mapinfo_no>
	<Enemy_list_id>17303</Enemy_list_id>
	<Boss>0</Boss>
	<Deck_id>7</Deck_id>
	<Deck_name>潜水艦隊 南防衛線 </Deck_name>
	<Formation_id>4</Formation_id>
	<E1_id>571</E1_id>
	<E1_lv>50</E1_lv>
	<E2_id>570</E2_id>
	<E2_lv>50</E2_lv>
	<E3_id>570</E3_id>
	<E3_lv>50</E3_lv>
	<E4_id>570</E4_id>
	<E4_lv>50</E4_lv>
	<E5_id>0</E5_id>
	<E5_lv>0</E5_lv>
	<E6_id>0</E6_id>
	<E6_lv>0</E6_lv>
	<Geth>40</Geth>
	<Experience>150</Experience>
</mst_mapenemy2>
<mst_mapenemy2>
	<Id>1730308</Id>
	<Maparea_id>17</Maparea_id>
	<Mapinfo_no>3</Mapinfo_no>
	<Enemy_list_id>17303</Enemy_list_id>
	<Boss>0</Boss>
	<Deck_id>8</Deck_id>
	<Deck_name>潜水艦隊 南防衛線 </Deck_name>
	<Formation_id>5</Formation_id>
	<E1_id>571</E1_id>
	<E1_lv>50</E1_lv>
	<E2_id>570</E2_id>
	<E2_lv>50</E2_lv>
	<E3_id>570</E3_id>
	<E3_lv>50</E3_lv>
	<E4_id>570</E4_id>
	<E4_lv>50</E4_lv>
	<E5_id>0</E5_id>
	<E5_lv>0</E5_lv>
	<E6_id>0</E6_id>
	<E6_lv>0</E6_lv>
	<Geth>40</Geth>
	<Experience>150</Experience>
</mst_mapenemy2>
<mst_mapenemy2>
	<Id>1730309</Id>
	<Maparea_id>17</Maparea_id>
	<Mapinfo_no>3</Mapinfo_no>
	<Enemy_list_id>17303</Enemy_list_id>
	<Boss>0</Boss>
	<Deck_id>9</Deck_id>
	<Deck_name>潜水艦隊 南防衛線 </Deck_name>
	<Formation_id>4</Formation_id>
	<E1_id>570</E1_id>
	<E1_lv>50</E1_lv>
	<E2_id>570</E2_id>
	<E2_lv>50</E2_lv>
	<E3_id>570</E3_id>
	<E3_lv>50</E3_lv>
	<E4_id>570</E4_id>
	<E4_lv>50</E4_lv>
	<E5_id>0</E5_id>
	<E5_lv>0</E5_lv>
	<E6_id>0</E6_id>
	<E6_lv>0</E6_lv>
	<Geth>40</Geth>
	<Experience>120</Experience>
</mst_mapenemy2>
<mst_mapenemy2>
	<Id>1730401</Id>
	<Maparea_id>17</Maparea_id>
	<Mapinfo_no>3</Mapinfo_no>
	<Enemy_list_id>17304</Enemy_list_id>
	<Boss>0</Boss>
	<Deck_id>1</Deck_id>
	<Deck_name>潜水艦隊 北防衛線 </Deck_name>
	<Formation_id>4</Formation_id>
	<E1_id>535</E1_id>
	<E1_lv>50</E1_lv>
	<E2_id>535</E2_id>
	<E2_lv>50</E2_lv>
	<E3_id>532</E3_id>
	<E3_lv>50</E3_lv>
	<E4_id>532</E4_id>
	<E4_lv>50</E4_lv>
	<E5_id>0</E5_id>
	<E5_lv>0</E5_lv>
	<E6_id>0</E6_id>
	<E6_lv>0</E6_lv>
	<Geth>40</Geth>
	<Experience>290</Experience>
</mst_mapenemy2>
<mst_mapenemy2>
	<Id>1730402</Id>
	<Maparea_id>17</Maparea_id>
	<Mapinfo_no>3</Mapinfo_no>
	<Enemy_list_id>17304</Enemy_list_id>
	<Boss>0</Boss>
	<Deck_id>2</Deck_id>
	<Deck_name>潜水艦隊 北防衛線 </Deck_name>
	<Formation_id>5</Formation_id>
	<E1_id>535</E1_id>
	<E1_lv>50</E1_lv>
	<E2_id>535</E2_id>
	<E2_lv>50</E2_lv>
	<E3_id>532</E3_id>
	<E3_lv>50</E3_lv>
	<E4_id>532</E4_id>
	<E4_lv>50</E4_lv>
	<E5_id>0</E5_id>
	<E5_lv>0</E5_lv>
	<E6_id>0</E6_id>
	<E6_lv>0</E6_lv>
	<Geth>40</Geth>
	<Experience>290</Experience>
</mst_mapenemy2>
<mst_mapenemy2>
	<Id>1730403</Id>
	<Maparea_id>17</Maparea_id>
	<Mapinfo_no>3</Mapinfo_no>
	<Enemy_list_id>17304</Enemy_list_id>
	<Boss>0</Boss>
	<Deck_id>3</Deck_id>
	<Deck_name>潜水艦隊 北防衛線 </Deck_name>
	<Formation_id>4</Formation_id>
	<E1_id>535</E1_id>
	<E1_lv>50</E1_lv>
	<E2_id>532</E2_id>
	<E2_lv>50</E2_lv>
	<E3_id>532</E3_id>
	<E3_lv>50</E3_lv>
	<E4_id>532</E4_id>
	<E4_lv>50</E4_lv>
	<E5_id>0</E5_id>
	<E5_lv>0</E5_lv>
	<E6_id>0</E6_id>
	<E6_lv>0</E6_lv>
	<Geth>40</Geth>
	<Experience>250</Experience>
</mst_mapenemy2>
<mst_mapenemy2>
	<Id>1730404</Id>
	<Maparea_id>17</Maparea_id>
	<Mapinfo_no>3</Mapinfo_no>
	<Enemy_list_id>17304</Enemy_list_id>
	<Boss>0</Boss>
	<Deck_id>4</Deck_id>
	<Deck_name>潜水艦隊 北防衛線 </Deck_name>
	<Formation_id>5</Formation_id>
	<E1_id>535</E1_id>
	<E1_lv>50</E1_lv>
	<E2_id>532</E2_id>
	<E2_lv>50</E2_lv>
	<E3_id>532</E3_id>
	<E3_lv>50</E3_lv>
	<E4_id>532</E4_id>
	<E4_lv>50</E4_lv>
	<E5_id>0</E5_id>
	<E5_lv>0</E5_lv>
	<E6_id>0</E6_id>
	<E6_lv>0</E6_lv>
	<Geth>40</Geth>
	<Experience>250</Experience>
</mst_mapenemy2>
<mst_mapenemy2>
	<Id>1730405</Id>
	<Maparea_id>17</Maparea_id>
	<Mapinfo_no>3</Mapinfo_no>
	<Enemy_list_id>17304</Enemy_list_id>
	<Boss>0</Boss>
	<Deck_id>5</Deck_id>
	<Deck_name>潜水艦隊 北防衛線 </Deck_name>
	<Formation_id>4</Formation_id>
	<E1_id>535</E1_id>
	<E1_lv>50</E1_lv>
	<E2_id>532</E2_id>
	<E2_lv>50</E2_lv>
	<E3_id>530</E3_id>
	<E3_lv>50</E3_lv>
	<E4_id>530</E4_id>
	<E4_lv>50</E4_lv>
	<E5_id>0</E5_id>
	<E5_lv>0</E5_lv>
	<E6_id>0</E6_id>
	<E6_lv>0</E6_lv>
	<Geth>40</Geth>
	<Experience>200</Experience>
</mst_mapenemy2>
<mst_mapenemy2>
	<Id>1730406</Id>
	<Maparea_id>17</Maparea_id>
	<Mapinfo_no>3</Mapinfo_no>
	<Enemy_list_id>17304</Enemy_list_id>
	<Boss>0</Boss>
	<Deck_id>6</Deck_id>
	<Deck_name>潜水艦隊 北防衛線 </Deck_name>
	<Formation_id>5</Formation_id>
	<E1_id>535</E1_id>
	<E1_lv>50</E1_lv>
	<E2_id>532</E2_id>
	<E2_lv>50</E2_lv>
	<E3_id>530</E3_id>
	<E3_lv>50</E3_lv>
	<E4_id>530</E4_id>
	<E4_lv>50</E4_lv>
	<E5_id>0</E5_id>
	<E5_lv>0</E5_lv>
	<E6_id>0</E6_id>
	<E6_lv>0</E6_lv>
	<Geth>40</Geth>
	<Experience>200</Experience>
</mst_mapenemy2>
<mst_mapenemy2>
	<Id>1730407</Id>
	<Maparea_id>17</Maparea_id>
	<Mapinfo_no>3</Mapinfo_no>
	<Enemy_list_id>17304</Enemy_list_id>
	<Boss>0</Boss>
	<Deck_id>7</Deck_id>
	<Deck_name>潜水艦隊 北防衛線 </Deck_name>
	<Formation_id>4</Formation_id>
	<E1_id>533</E1_id>
	<E1_lv>50</E1_lv>
	<E2_id>530</E2_id>
	<E2_lv>50</E2_lv>
	<E3_id>530</E3_id>
	<E3_lv>50</E3_lv>
	<E4_id>530</E4_id>
	<E4_lv>50</E4_lv>
	<E5_id>0</E5_id>
	<E5_lv>0</E5_lv>
	<E6_id>0</E6_id>
	<E6_lv>0</E6_lv>
	<Geth>40</Geth>
	<Experience>150</Experience>
</mst_mapenemy2>
<mst_mapenemy2>
	<Id>1730408</Id>
	<Maparea_id>17</Maparea_id>
	<Mapinfo_no>3</Mapinfo_no>
	<Enemy_list_id>17304</Enemy_list_id>
	<Boss>0</Boss>
	<Deck_id>8</Deck_id>
	<Deck_name>潜水艦隊 北防衛線 </Deck_name>
	<Formation_id>5</Formation_id>
	<E1_id>533</E1_id>
	<E1_lv>50</E1_lv>
	<E2_id>530</E2_id>
	<E2_lv>50</E2_lv>
	<E3_id>530</E3_id>
	<E3_lv>50</E3_lv>
	<E4_id>530</E4_id>
	<E4_lv>50</E4_lv>
	<E5_id>0</E5_id>
	<E5_lv>0</E5_lv>
	<E6_id>0</E6_id>
	<E6_lv>0</E6_lv>
	<Geth>40</Geth>
	<Experience>150</Experience>
</mst_mapenemy2>
<mst_mapenemy2>
	<Id>1730409</Id>
	<Maparea_id>17</Maparea_id>
	<Mapinfo_no>3</Mapinfo_no>
	<Enemy_list_id>17304</Enemy_list_id>
	<Boss>0</Boss>
	<Deck_id>9</Deck_id>
	<Deck_name>潜水艦隊 北防衛線 </Deck_name>
	<Formation_id>4</Formation_id>
	<E1_id>531</E1_id>
	<E1_lv>50</E1_lv>
	<E2_id>530</E2_id>
	<E2_lv>50</E2_lv>
	<E3_id>530</E3_id>
	<E3_lv>50</E3_lv>
	<E4_id>530</E4_id>
	<E4_lv>50</E4_lv>
	<E5_id>0</E5_id>
	<E5_lv>0</E5_lv>
	<E6_id>0</E6_id>
	<E6_lv>0</E6_lv>
	<Geth>40</Geth>
	<Experience>120</Experience>
</mst_mapenemy2>
<mst_mapenemy2>
	<Id>1730501</Id>
	<Maparea_id>17</Maparea_id>
	<Mapinfo_no>3</Mapinfo_no>
	<Enemy_list_id>17305</Enemy_list_id>
	<Boss>0</Boss>
	<Deck_id>1</Deck_id>
	<Deck_name>潜水艦隊 中央防衛線 </Deck_name>
	<Formation_id>4</Formation_id>
	<E1_id>572</E1_id>
	<E1_lv>50</E1_lv>
	<E2_id>572</E2_id>
	<E2_lv>50</E2_lv>
	<E3_id>532</E3_id>
	<E3_lv>50</E3_lv>
	<E4_id>532</E4_id>
	<E4_lv>50</E4_lv>
	<E5_id>0</E5_id>
	<E5_lv>0</E5_lv>
	<E6_id>0</E6_id>
	<E6_lv>0</E6_lv>
	<Geth>40</Geth>
	<Experience>290</Experience>
</mst_mapenemy2>
<mst_mapenemy2>
	<Id>1730502</Id>
	<Maparea_id>17</Maparea_id>
	<Mapinfo_no>3</Mapinfo_no>
	<Enemy_list_id>17305</Enemy_list_id>
	<Boss>0</Boss>
	<Deck_id>2</Deck_id>
	<Deck_name>潜水艦隊 中央防衛線 </Deck_name>
	<Formation_id>5</Formation_id>
	<E1_id>572</E1_id>
	<E1_lv>50</E1_lv>
	<E2_id>572</E2_id>
	<E2_lv>50</E2_lv>
	<E3_id>532</E3_id>
	<E3_lv>50</E3_lv>
	<E4_id>532</E4_id>
	<E4_lv>50</E4_lv>
	<E5_id>0</E5_id>
	<E5_lv>0</E5_lv>
	<E6_id>0</E6_id>
	<E6_lv>0</E6_lv>
	<Geth>40</Geth>
	<Experience>290</Experience>
</mst_mapenemy2>
<mst_mapenemy2>
	<Id>1730503</Id>
	<Maparea_id>17</Maparea_id>
	<Mapinfo_no>3</Mapinfo_no>
	<Enemy_list_id>17305</Enemy_list_id>
	<Boss>0</Boss>
	<Deck_id>3</Deck_id>
	<Deck_name>潜水艦隊 中央防衛線 </Deck_name>
	<Formation_id>4</Formation_id>
	<E1_id>572</E1_id>
	<E1_lv>50</E1_lv>
	<E2_id>532</E2_id>
	<E2_lv>50</E2_lv>
	<E3_id>532</E3_id>
	<E3_lv>50</E3_lv>
	<E4_id>532</E4_id>
	<E4_lv>50</E4_lv>
	<E5_id>0</E5_id>
	<E5_lv>0</E5_lv>
	<E6_id>0</E6_id>
	<E6_lv>0</E6_lv>
	<Geth>40</Geth>
	<Experience>250</Experience>
</mst_mapenemy2>
<mst_mapenemy2>
	<Id>1730504</Id>
	<Maparea_id>17</Maparea_id>
	<Mapinfo_no>3</Mapinfo_no>
	<Enemy_list_id>17305</Enemy_list_id>
	<Boss>0</Boss>
	<Deck_id>4</Deck_id>
	<Deck_name>潜水艦隊 中央防衛線 </Deck_name>
	<Formation_id>5</Formation_id>
	<E1_id>572</E1_id>
	<E1_lv>50</E1_lv>
	<E2_id>532</E2_id>
	<E2_lv>50</E2_lv>
	<E3_id>532</E3_id>
	<E3_lv>50</E3_lv>
	<E4_id>532</E4_id>
	<E4_lv>50</E4_lv>
	<E5_id>0</E5_id>
	<E5_lv>0</E5_lv>
	<E6_id>0</E6_id>
	<E6_lv>0</E6_lv>
	<Geth>40</Geth>
	<Experience>250</Experience>
</mst_mapenemy2>
<mst_mapenemy2>
	<Id>1730505</Id>
	<Maparea_id>17</Maparea_id>
	<Mapinfo_no>3</Mapinfo_no>
	<Enemy_list_id>17305</Enemy_list_id>
	<Boss>0</Boss>
	<Deck_id>5</Deck_id>
	<Deck_name>潜水艦隊 中央防衛線 </Deck_name>
	<Formation_id>4</Formation_id>
	<E1_id>572</E1_id>
	<E1_lv>50</E1_lv>
	<E2_id>532</E2_id>
	<E2_lv>50</E2_lv>
	<E3_id>530</E3_id>
	<E3_lv>50</E3_lv>
	<E4_id>530</E4_id>
	<E4_lv>50</E4_lv>
	<E5_id>0</E5_id>
	<E5_lv>0</E5_lv>
	<E6_id>0</E6_id>
	<E6_lv>0</E6_lv>
	<Geth>40</Geth>
	<Experience>200</Experience>
</mst_mapenemy2>
<mst_mapenemy2>
	<Id>1730506</Id>
	<Maparea_id>17</Maparea_id>
	<Mapinfo_no>3</Mapinfo_no>
	<Enemy_list_id>17305</Enemy_list_id>
	<Boss>0</Boss>
	<Deck_id>6</Deck_id>
	<Deck_name>潜水艦隊 中央防衛線 </Deck_name>
	<Formation_id>5</Formation_id>
	<E1_id>572</E1_id>
	<E1_lv>50</E1_lv>
	<E2_id>532</E2_id>
	<E2_lv>50</E2_lv>
	<E3_id>530</E3_id>
	<E3_lv>50</E3_lv>
	<E4_id>530</E4_id>
	<E4_lv>50</E4_lv>
	<E5_id>0</E5_id>
	<E5_lv>0</E5_lv>
	<E6_id>0</E6_id>
	<E6_lv>0</E6_lv>
	<Geth>40</Geth>
	<Experience>200</Experience>
</mst_mapenemy2>
<mst_mapenemy2>
	<Id>1730507</Id>
	<Maparea_id>17</Maparea_id>
	<Mapinfo_no>3</Mapinfo_no>
	<Enemy_list_id>17305</Enemy_list_id>
	<Boss>0</Boss>
	<Deck_id>7</Deck_id>
	<Deck_name>潜水艦隊 中央防衛線 </Deck_name>
	<Formation_id>4</Formation_id>
	<E1_id>571</E1_id>
	<E1_lv>50</E1_lv>
	<E2_id>530</E2_id>
	<E2_lv>50</E2_lv>
	<E3_id>530</E3_id>
	<E3_lv>50</E3_lv>
	<E4_id>530</E4_id>
	<E4_lv>50</E4_lv>
	<E5_id>0</E5_id>
	<E5_lv>0</E5_lv>
	<E6_id>0</E6_id>
	<E6_lv>0</E6_lv>
	<Geth>40</Geth>
	<Experience>150</Experience>
</mst_mapenemy2>
<mst_mapenemy2>
	<Id>1730508</Id>
	<Maparea_id>17</Maparea_id>
	<Mapinfo_no>3</Mapinfo_no>
	<Enemy_list_id>17305</Enemy_list_id>
	<Boss>0</Boss>
	<Deck_id>8</Deck_id>
	<Deck_name>潜水艦隊 中央防衛線 </Deck_name>
	<Formation_id>5</Formation_id>
	<E1_id>571</E1_id>
	<E1_lv>50</E1_lv>
	<E2_id>530</E2_id>
	<E2_lv>50</E2_lv>
	<E3_id>530</E3_id>
	<E3_lv>50</E3_lv>
	<E4_id>530</E4_id>
	<E4_lv>50</E4_lv>
	<E5_id>0</E5_id>
	<E5_lv>0</E5_lv>
	<E6_id>0</E6_id>
	<E6_lv>0</E6_lv>
	<Geth>40</Geth>
	<Experience>150</Experience>
</mst_mapenemy2>
<mst_mapenemy2>
	<Id>1730509</Id>
	<Maparea_id>17</Maparea_id>
	<Mapinfo_no>3</Mapinfo_no>
	<Enemy_list_id>17305</Enemy_list_id>
	<Boss>0</Boss>
	<Deck_id>9</Deck_id>
	<Deck_name>潜水艦隊 中央防衛線 </Deck_name>
	<Formation_id>4</Formation_id>
	<E1_id>570</E1_id>
	<E1_lv>50</E1_lv>
	<E2_id>530</E2_id>
	<E2_lv>50</E2_lv>
	<E3_id>530</E3_id>
	<E3_lv>50</E3_lv>
	<E4_id>530</E4_id>
	<E4_lv>50</E4_lv>
	<E5_id>0</E5_id>
	<E5_lv>0</E5_lv>
	<E6_id>0</E6_id>
	<E6_lv>0</E6_lv>
	<Geth>40</Geth>
	<Experience>120</Experience>
</mst_mapenemy2>
<mst_mapenemy2>
	<Id>1730601</Id>
	<Maparea_id>17</Maparea_id>
	<Mapinfo_no>3</Mapinfo_no>
	<Enemy_list_id>17306</Enemy_list_id>
	<Boss>0</Boss>
	<Deck_id>1</Deck_id>
	<Deck_name>混成水上打撃群 B群</Deck_name>
	<Formation_id>1</Formation_id>
	<E1_id>567</E1_id>
	<E1_lv>1</E1_lv>
	<E2_id>545</E2_id>
	<E2_lv>1</E2_lv>
	<E3_id>595</E3_id>
	<E3_lv>1</E3_lv>
	<E4_id>595</E4_id>
	<E4_lv>1</E4_lv>
	<E5_id>624</E5_id>
	<E5_lv>1</E5_lv>
	<E6_id>624</E6_id>
	<E6_lv>1</E6_lv>
	<Geth>9</Geth>
	<Experience>550</Experience>
</mst_mapenemy2>
<mst_mapenemy2>
	<Id>1730602</Id>
	<Maparea_id>17</Maparea_id>
	<Mapinfo_no>3</Mapinfo_no>
	<Enemy_list_id>17306</Enemy_list_id>
	<Boss>0</Boss>
	<Deck_id>2</Deck_id>
	<Deck_name>混成水上打撃群 B群</Deck_name>
	<Formation_id>1</Formation_id>
	<E1_id>567</E1_id>
	<E1_lv>1</E1_lv>
	<E2_id>545</E2_id>
	<E2_lv>1</E2_lv>
	<E3_id>595</E3_id>
	<E3_lv>1</E3_lv>
	<E4_id>595</E4_id>
	<E4_lv>1</E4_lv>
	<E5_id>623</E5_id>
	<E5_lv>1</E5_lv>
	<E6_id>623</E6_id>
	<E6_lv>1</E6_lv>
	<Geth>9</Geth>
	<Experience>500</Experience>
</mst_mapenemy2>
<mst_mapenemy2>
	<Id>1730603</Id>
	<Maparea_id>17</Maparea_id>
	<Mapinfo_no>3</Mapinfo_no>
	<Enemy_list_id>17306</Enemy_list_id>
	<Boss>0</Boss>
	<Deck_id>3</Deck_id>
	<Deck_name>混成水上打撃群 B群</Deck_name>
	<Formation_id>2</Formation_id>
	<E1_id>567</E1_id>
	<E1_lv>1</E1_lv>
	<E2_id>545</E2_id>
	<E2_lv>1</E2_lv>
	<E3_id>595</E3_id>
	<E3_lv>1</E3_lv>
	<E4_id>595</E4_id>
	<E4_lv>1</E4_lv>
	<E5_id>623</E5_id>
	<E5_lv>1</E5_lv>
	<E6_id>623</E6_id>
	<E6_lv>1</E6_lv>
	<Geth>9</Geth>
	<Experience>500</Experience>
</mst_mapenemy2>
<mst_mapenemy2>
	<Id>1730604</Id>
	<Maparea_id>17</Maparea_id>
	<Mapinfo_no>3</Mapinfo_no>
	<Enemy_list_id>17306</Enemy_list_id>
	<Boss>0</Boss>
	<Deck_id>4</Deck_id>
	<Deck_name>混成水上打撃群 B群</Deck_name>
	<Formation_id>1</Formation_id>
	<E1_id>567</E1_id>
	<E1_lv>1</E1_lv>
	<E2_id>545</E2_id>
	<E2_lv>1</E2_lv>
	<E3_id>594</E3_id>
	<E3_lv>1</E3_lv>
	<E4_id>594</E4_id>
	<E4_lv>1</E4_lv>
	<E5_id>577</E5_id>
	<E5_lv>1</E5_lv>
	<E6_id>577</E6_id>
	<E6_lv>1</E6_lv>
	<Geth>10</Geth>
	<Experience>400</Experience>
</mst_mapenemy2>
<mst_mapenemy2>
	<Id>1730605</Id>
	<Maparea_id>17</Maparea_id>
	<Mapinfo_no>3</Mapinfo_no>
	<Enemy_list_id>17306</Enemy_list_id>
	<Boss>0</Boss>
	<Deck_id>5</Deck_id>
	<Deck_name>混成水上打撃群 B群</Deck_name>
	<Formation_id>2</Formation_id>
	<E1_id>567</E1_id>
	<E1_lv>1</E1_lv>
	<E2_id>545</E2_id>
	<E2_lv>1</E2_lv>
	<E3_id>594</E3_id>
	<E3_lv>1</E3_lv>
	<E4_id>594</E4_id>
	<E4_lv>1</E4_lv>
	<E5_id>577</E5_id>
	<E5_lv>1</E5_lv>
	<E6_id>577</E6_id>
	<E6_lv>1</E6_lv>
	<Geth>10</Geth>
	<Experience>400</Experience>
</mst_mapenemy2>
<mst_mapenemy2>
	<Id>1730606</Id>
	<Maparea_id>17</Maparea_id>
	<Mapinfo_no>3</Mapinfo_no>
	<Enemy_list_id>17306</Enemy_list_id>
	<Boss>0</Boss>
	<Deck_id>6</Deck_id>
	<Deck_name>混成水上打撃群 B群</Deck_name>
	<Formation_id>1</Formation_id>
	<E1_id>567</E1_id>
	<E1_lv>1</E1_lv>
	<E2_id>545</E2_id>
	<E2_lv>1</E2_lv>
	<E3_id>594</E3_id>
	<E3_lv>1</E3_lv>
	<E4_id>594</E4_id>
	<E4_lv>1</E4_lv>
	<E5_id>503</E5_id>
	<E5_lv>1</E5_lv>
	<E6_id>503</E6_id>
	<E6_lv>1</E6_lv>
	<Geth>10</Geth>
	<Experience>330</Experience>
</mst_mapenemy2>
<mst_mapenemy2>
	<Id>1730607</Id>
	<Maparea_id>17</Maparea_id>
	<Mapinfo_no>3</Mapinfo_no>
	<Enemy_list_id>17306</Enemy_list_id>
	<Boss>0</Boss>
	<Deck_id>7</Deck_id>
	<Deck_name>混成水上打撃群 B群</Deck_name>
	<Formation_id>2</Formation_id>
	<E1_id>567</E1_id>
	<E1_lv>1</E1_lv>
	<E2_id>545</E2_id>
	<E2_lv>1</E2_lv>
	<E3_id>594</E3_id>
	<E3_lv>1</E3_lv>
	<E4_id>594</E4_id>
	<E4_lv>1</E4_lv>
	<E5_id>503</E5_id>
	<E5_lv>1</E5_lv>
	<E6_id>503</E6_id>
	<E6_lv>1</E6_lv>
	<Geth>11</Geth>
	<Experience>330</Experience>
</mst_mapenemy2>
<mst_mapenemy2>
	<Id>1730608</Id>
	<Maparea_id>17</Maparea_id>
	<Mapinfo_no>3</Mapinfo_no>
	<Enemy_list_id>17306</Enemy_list_id>
	<Boss>0</Boss>
	<Deck_id>8</Deck_id>
	<Deck_name>混成水上打撃群 B群</Deck_name>
	<Formation_id>1</Formation_id>
	<E1_id>567</E1_id>
	<E1_lv>1</E1_lv>
	<E2_id>545</E2_id>
	<E2_lv>1</E2_lv>
	<E3_id>509</E3_id>
	<E3_lv>1</E3_lv>
	<E4_id>503</E4_id>
	<E4_lv>1</E4_lv>
	<E5_id>503</E5_id>
	<E5_lv>1</E5_lv>
	<E6_id>503</E6_id>
	<E6_lv>1</E6_lv>
	<Geth>11</Geth>
	<Experience>250</Experience>
</mst_mapenemy2>
<mst_mapenemy2>
	<Id>1730609</Id>
	<Maparea_id>17</Maparea_id>
	<Mapinfo_no>3</Mapinfo_no>
	<Enemy_list_id>17306</Enemy_list_id>
	<Boss>0</Boss>
	<Deck_id>9</Deck_id>
	<Deck_name>混成水上打撃群 B群</Deck_name>
	<Formation_id>2</Formation_id>
	<E1_id>567</E1_id>
	<E1_lv>1</E1_lv>
	<E2_id>545</E2_id>
	<E2_lv>1</E2_lv>
	<E3_id>509</E3_id>
	<E3_lv>1</E3_lv>
	<E4_id>503</E4_id>
	<E4_lv>1</E4_lv>
	<E5_id>503</E5_id>
	<E5_lv>1</E5_lv>
	<E6_id>503</E6_id>
	<E6_lv>1</E6_lv>
	<Geth>11</Geth>
	<Experience>250</Experience>
</mst_mapenemy2>
<mst_mapenemy2>
	<Id>1730701</Id>
	<Maparea_id>17</Maparea_id>
	<Mapinfo_no>3</Mapinfo_no>
	<Enemy_list_id>17307</Enemy_list_id>
	<Boss>0</Boss>
	<Deck_id>1</Deck_id>
	<Deck_name>混成水上打撃群 A群</Deck_name>
	<Formation_id>1</Formation_id>
	<E1_id>567</E1_id>
	<E1_lv>1</E1_lv>
	<E2_id>562</E2_id>
	<E2_lv>1</E2_lv>
	<E3_id>562</E3_id>
	<E3_lv>1</E3_lv>
	<E4_id>595</E4_id>
	<E4_lv>1</E4_lv>
	<E5_id>624</E5_id>
	<E5_lv>1</E5_lv>
	<E6_id>624</E6_id>
	<E6_lv>1</E6_lv>
	<Geth>7</Geth>
	<Experience>660</Experience>
</mst_mapenemy2>
<mst_mapenemy2>
	<Id>1730702</Id>
	<Maparea_id>17</Maparea_id>
	<Mapinfo_no>3</Mapinfo_no>
	<Enemy_list_id>17307</Enemy_list_id>
	<Boss>0</Boss>
	<Deck_id>2</Deck_id>
	<Deck_name>混成水上打撃群 A群</Deck_name>
	<Formation_id>1</Formation_id>
	<E1_id>567</E1_id>
	<E1_lv>1</E1_lv>
	<E2_id>562</E2_id>
	<E2_lv>1</E2_lv>
	<E3_id>595</E3_id>
	<E3_lv>1</E3_lv>
	<E4_id>595</E4_id>
	<E4_lv>1</E4_lv>
	<E5_id>624</E5_id>
	<E5_lv>1</E5_lv>
	<E6_id>624</E6_id>
	<E6_lv>1</E6_lv>
	<Geth>7</Geth>
	<Experience>600</Experience>
</mst_mapenemy2>
<mst_mapenemy2>
	<Id>1730703</Id>
	<Maparea_id>17</Maparea_id>
	<Mapinfo_no>3</Mapinfo_no>
	<Enemy_list_id>17307</Enemy_list_id>
	<Boss>0</Boss>
	<Deck_id>3</Deck_id>
	<Deck_name>混成水上打撃群 A群</Deck_name>
	<Formation_id>1</Formation_id>
	<E1_id>567</E1_id>
	<E1_lv>1</E1_lv>
	<E2_id>562</E2_id>
	<E2_lv>1</E2_lv>
	<E3_id>595</E3_id>
	<E3_lv>1</E3_lv>
	<E4_id>595</E4_id>
	<E4_lv>1</E4_lv>
	<E5_id>623</E5_id>
	<E5_lv>1</E5_lv>
	<E6_id>623</E6_id>
	<E6_lv>1</E6_lv>
	<Geth>7</Geth>
	<Experience>550</Experience>
</mst_mapenemy2>
<mst_mapenemy2>
	<Id>1730704</Id>
	<Maparea_id>17</Maparea_id>
	<Mapinfo_no>3</Mapinfo_no>
	<Enemy_list_id>17307</Enemy_list_id>
	<Boss>0</Boss>
	<Deck_id>4</Deck_id>
	<Deck_name>混成水上打撃群 A群</Deck_name>
	<Formation_id>1</Formation_id>
	<E1_id>567</E1_id>
	<E1_lv>1</E1_lv>
	<E2_id>595</E2_id>
	<E2_lv>1</E2_lv>
	<E3_id>595</E3_id>
	<E3_lv>1</E3_lv>
	<E4_id>561</E4_id>
	<E4_lv>1</E4_lv>
	<E5_id>576</E5_id>
	<E5_lv>1</E5_lv>
	<E6_id>576</E6_id>
	<E6_lv>1</E6_lv>
	<Geth>8</Geth>
	<Experience>500</Experience>
</mst_mapenemy2>
<mst_mapenemy2>
	<Id>1730705</Id>
	<Maparea_id>17</Maparea_id>
	<Mapinfo_no>3</Mapinfo_no>
	<Enemy_list_id>17307</Enemy_list_id>
	<Boss>0</Boss>
	<Deck_id>5</Deck_id>
	<Deck_name>混成水上打撃群 A群</Deck_name>
	<Formation_id>1</Formation_id>
	<E1_id>567</E1_id>
	<E1_lv>1</E1_lv>
	<E2_id>595</E2_id>
	<E2_lv>1</E2_lv>
	<E3_id>594</E3_id>
	<E3_lv>1</E3_lv>
	<E4_id>561</E4_id>
	<E4_lv>1</E4_lv>
	<E5_id>576</E5_id>
	<E5_lv>1</E5_lv>
	<E6_id>576</E6_id>
	<E6_lv>1</E6_lv>
	<Geth>8</Geth>
	<Experience>440</Experience>
</mst_mapenemy2>
<mst_mapenemy2>
	<Id>1730706</Id>
	<Maparea_id>17</Maparea_id>
	<Mapinfo_no>3</Mapinfo_no>
	<Enemy_list_id>17307</Enemy_list_id>
	<Boss>0</Boss>
	<Deck_id>6</Deck_id>
	<Deck_name>混成水上打撃群 A群</Deck_name>
	<Formation_id>1</Formation_id>
	<E1_id>567</E1_id>
	<E1_lv>1</E1_lv>
	<E2_id>594</E2_id>
	<E2_lv>1</E2_lv>
	<E3_id>594</E3_id>
	<E3_lv>1</E3_lv>
	<E4_id>561</E4_id>
	<E4_lv>1</E4_lv>
	<E5_id>576</E5_id>
	<E5_lv>1</E5_lv>
	<E6_id>576</E6_id>
	<E6_lv>1</E6_lv>
	<Geth>8</Geth>
	<Experience>400</Experience>
</mst_mapenemy2>
<mst_mapenemy2>
	<Id>1730707</Id>
	<Maparea_id>17</Maparea_id>
	<Mapinfo_no>3</Mapinfo_no>
	<Enemy_list_id>17307</Enemy_list_id>
	<Boss>0</Boss>
	<Deck_id>7</Deck_id>
	<Deck_name>混成水上打撃群 A群</Deck_name>
	<Formation_id>1</Formation_id>
	<E1_id>567</E1_id>
	<E1_lv>1</E1_lv>
	<E2_id>594</E2_id>
	<E2_lv>1</E2_lv>
	<E3_id>594</E3_id>
	<E3_lv>1</E3_lv>
	<E4_id>576</E4_id>
	<E4_lv>1</E4_lv>
	<E5_id>576</E5_id>
	<E5_lv>1</E5_lv>
	<E6_id>502</E6_id>
	<E6_lv>1</E6_lv>
	<Geth>9</Geth>
	<Experience>350</Experience>
</mst_mapenemy2>
<mst_mapenemy2>
	<Id>1730708</Id>
	<Maparea_id>17</Maparea_id>
	<Mapinfo_no>3</Mapinfo_no>
	<Enemy_list_id>17307</Enemy_list_id>
	<Boss>0</Boss>
	<Deck_id>8</Deck_id>
	<Deck_name>混成水上打撃群 A群</Deck_name>
	<Formation_id>1</Formation_id>
	<E1_id>567</E1_id>
	<E1_lv>1</E1_lv>
	<E2_id>594</E2_id>
	<E2_lv>1</E2_lv>
	<E3_id>576</E3_id>
	<E3_lv>1</E3_lv>
	<E4_id>576</E4_id>
	<E4_lv>1</E4_lv>
	<E5_id>502</E5_id>
	<E5_lv>1</E5_lv>
	<E6_id>502</E6_id>
	<E6_lv>1</E6_lv>
	<Geth>9</Geth>
	<Experience>300</Experience>
</mst_mapenemy2>
<mst_mapenemy2>
	<Id>1730709</Id>
	<Maparea_id>17</Maparea_id>
	<Mapinfo_no>3</Mapinfo_no>
	<Enemy_list_id>17307</Enemy_list_id>
	<Boss>0</Boss>
	<Deck_id>9</Deck_id>
	<Deck_name>混成水上打撃群 A群</Deck_name>
	<Formation_id>1</Formation_id>
	<E1_id>567</E1_id>
	<E1_lv>1</E1_lv>
	<E2_id>594</E2_id>
	<E2_lv>1</E2_lv>
	<E3_id>502</E3_id>
	<E3_lv>1</E3_lv>
	<E4_id>502</E4_id>
	<E4_lv>1</E4_lv>
	<E5_id>502</E5_id>
	<E5_lv>1</E5_lv>
	<E6_id>502</E6_id>
	<E6_lv>1</E6_lv>
	<Geth>9</Geth>
	<Experience>250</Experience>
</mst_mapenemy2>
<mst_mapenemy2>
	<Id>1730801</Id>
	<Maparea_id>17</Maparea_id>
	<Mapinfo_no>3</Mapinfo_no>
	<Enemy_list_id>17308</Enemy_list_id>
	<Boss>0</Boss>
	<Deck_id>1</Deck_id>
	<Deck_name>深海中枢最終防衛線</Deck_name>
	<Formation_id>3</Formation_id>
	<E1_id>618</E1_id>
	<E1_lv>1</E1_lv>
	<E2_id>618</E2_id>
	<E2_lv>1</E2_lv>
	<E3_id>543</E3_id>
	<E3_lv>1</E3_lv>
	<E4_id>543</E4_id>
	<E4_lv>1</E4_lv>
	<E5_id>592</E5_id>
	<E5_lv>1</E5_lv>
	<E6_id>592</E6_id>
	<E6_lv>1</E6_lv>
	<Geth>0</Geth>
	<Experience>600</Experience>
</mst_mapenemy2>
<mst_mapenemy2>
	<Id>1730802</Id>
	<Maparea_id>17</Maparea_id>
	<Mapinfo_no>3</Mapinfo_no>
	<Enemy_list_id>17308</Enemy_list_id>
	<Boss>0</Boss>
	<Deck_id>2</Deck_id>
	<Deck_name>深海中枢最終防衛線</Deck_name>
	<Formation_id>3</Formation_id>
	<E1_id>617</E1_id>
	<E1_lv>1</E1_lv>
	<E2_id>617</E2_id>
	<E2_lv>1</E2_lv>
	<E3_id>543</E3_id>
	<E3_lv>1</E3_lv>
	<E4_id>543</E4_id>
	<E4_lv>1</E4_lv>
	<E5_id>592</E5_id>
	<E5_lv>1</E5_lv>
	<E6_id>592</E6_id>
	<E6_lv>1</E6_lv>
	<Geth>0</Geth>
	<Experience>570</Experience>
</mst_mapenemy2>
<mst_mapenemy2>
	<Id>1730803</Id>
	<Maparea_id>17</Maparea_id>
	<Mapinfo_no>3</Mapinfo_no>
	<Enemy_list_id>17308</Enemy_list_id>
	<Boss>0</Boss>
	<Deck_id>3</Deck_id>
	<Deck_name>深海中枢最終防衛線</Deck_name>
	<Formation_id>3</Formation_id>
	<E1_id>617</E1_id>
	<E1_lv>1</E1_lv>
	<E2_id>617</E2_id>
	<E2_lv>1</E2_lv>
	<E3_id>543</E3_id>
	<E3_lv>1</E3_lv>
	<E4_id>543</E4_id>
	<E4_lv>1</E4_lv>
	<E5_id>592</E5_id>
	<E5_lv>1</E5_lv>
	<E6_id>591</E6_id>
	<E6_lv>1</E6_lv>
	<Geth>0</Geth>
	<Experience>550</Experience>
</mst_mapenemy2>
<mst_mapenemy2>
	<Id>1730804</Id>
	<Maparea_id>17</Maparea_id>
	<Mapinfo_no>3</Mapinfo_no>
	<Enemy_list_id>17308</Enemy_list_id>
	<Boss>0</Boss>
	<Deck_id>4</Deck_id>
	<Deck_name>深海中枢最終防衛線</Deck_name>
	<Formation_id>3</Formation_id>
	<E1_id>617</E1_id>
	<E1_lv>1</E1_lv>
	<E2_id>616</E2_id>
	<E2_lv>1</E2_lv>
	<E3_id>543</E3_id>
	<E3_lv>1</E3_lv>
	<E4_id>543</E4_id>
	<E4_lv>1</E4_lv>
	<E5_id>591</E5_id>
	<E5_lv>1</E5_lv>
	<E6_id>591</E6_id>
	<E6_lv>1</E6_lv>
	<Geth>1</Geth>
	<Experience>530</Experience>
</mst_mapenemy2>
<mst_mapenemy2>
	<Id>1730805</Id>
	<Maparea_id>17</Maparea_id>
	<Mapinfo_no>3</Mapinfo_no>
	<Enemy_list_id>17308</Enemy_list_id>
	<Boss>0</Boss>
	<Deck_id>5</Deck_id>
	<Deck_name>深海中枢最終防衛線</Deck_name>
	<Formation_id>3</Formation_id>
	<E1_id>616</E1_id>
	<E1_lv>1</E1_lv>
	<E2_id>616</E2_id>
	<E2_lv>1</E2_lv>
	<E3_id>543</E3_id>
	<E3_lv>1</E3_lv>
	<E4_id>542</E4_id>
	<E4_lv>1</E4_lv>
	<E5_id>591</E5_id>
	<E5_lv>1</E5_lv>
	<E6_id>591</E6_id>
	<E6_lv>1</E6_lv>
	<Geth>2</Geth>
	<Experience>500</Experience>
</mst_mapenemy2>
<mst_mapenemy2>
	<Id>1730806</Id>
	<Maparea_id>17</Maparea_id>
	<Mapinfo_no>3</Mapinfo_no>
	<Enemy_list_id>17308</Enemy_list_id>
	<Boss>0</Boss>
	<Deck_id>6</Deck_id>
	<Deck_name>深海中枢最終防衛線</Deck_name>
	<Formation_id>3</Formation_id>
	<E1_id>616</E1_id>
	<E1_lv>1</E1_lv>
	<E2_id>616</E2_id>
	<E2_lv>1</E2_lv>
	<E3_id>542</E3_id>
	<E3_lv>1</E3_lv>
	<E4_id>542</E4_id>
	<E4_lv>1</E4_lv>
	<E5_id>591</E5_id>
	<E5_lv>1</E5_lv>
	<E6_id>591</E6_id>
	<E6_lv>1</E6_lv>
	<Geth>3</Geth>
	<Experience>450</Experience>
</mst_mapenemy2>
<mst_mapenemy2>
	<Id>1730807</Id>
	<Maparea_id>17</Maparea_id>
	<Mapinfo_no>3</Mapinfo_no>
	<Enemy_list_id>17308</Enemy_list_id>
	<Boss>0</Boss>
	<Deck_id>7</Deck_id>
	<Deck_name>深海中枢最終防衛線</Deck_name>
	<Formation_id>3</Formation_id>
	<E1_id>616</E1_id>
	<E1_lv>1</E1_lv>
	<E2_id>542</E2_id>
	<E2_lv>1</E2_lv>
	<E3_id>591</E3_id>
	<E3_lv>1</E3_lv>
	<E4_id>591</E4_id>
	<E4_lv>1</E4_lv>
	<E5_id>577</E5_id>
	<E5_lv>1</E5_lv>
	<E6_id>577</E6_id>
	<E6_lv>1</E6_lv>
	<Geth>4</Geth>
	<Experience>400</Experience>
</mst_mapenemy2>
<mst_mapenemy2>
	<Id>1730808</Id>
	<Maparea_id>17</Maparea_id>
	<Mapinfo_no>3</Mapinfo_no>
	<Enemy_list_id>17308</Enemy_list_id>
	<Boss>0</Boss>
	<Deck_id>8</Deck_id>
	<Deck_name>深海中枢最終防衛線</Deck_name>
	<Formation_id>3</Formation_id>
	<E1_id>616</E1_id>
	<E1_lv>1</E1_lv>
	<E2_id>542</E2_id>
	<E2_lv>1</E2_lv>
	<E3_id>591</E3_id>
	<E3_lv>1</E3_lv>
	<E4_id>577</E4_id>
	<E4_lv>1</E4_lv>
	<E5_id>503</E5_id>
	<E5_lv>1</E5_lv>
	<E6_id>503</E6_id>
	<E6_lv>1</E6_lv>
	<Geth>5</Geth>
	<Experience>350</Experience>
</mst_mapenemy2>
<mst_mapenemy2>
	<Id>1730809</Id>
	<Maparea_id>17</Maparea_id>
	<Mapinfo_no>3</Mapinfo_no>
	<Enemy_list_id>17308</Enemy_list_id>
	<Boss>0</Boss>
	<Deck_id>9</Deck_id>
	<Deck_name>深海中枢最終防衛線</Deck_name>
	<Formation_id>3</Formation_id>
	<E1_id>616</E1_id>
	<E1_lv>1</E1_lv>
	<E2_id>541</E2_id>
	<E2_lv>1</E2_lv>
	<E3_id>591</E3_id>
	<E3_lv>1</E3_lv>
	<E4_id>503</E4_id>
	<E4_lv>1</E4_lv>
	<E5_id>503</E5_id>
	<E5_lv>1</E5_lv>
	<E6_id>503</E6_id>
	<E6_lv>1</E6_lv>
	<Geth>6</Geth>
	<Experience>300</Experience>
</mst_mapenemy2>
<mst_mapenemy2>
	<Id>1730901</Id>
	<Maparea_id>17</Maparea_id>
	<Mapinfo_no>3</Mapinfo_no>
	<Enemy_list_id>17309</Enemy_list_id>
	<Boss>1</Boss>
	<Deck_id>1</Deck_id>
	<Deck_name>深海中枢泊地 基地施設</Deck_name>
	<Formation_id>3</Formation_id>
	<E1_id>655</E1_id>
	<E1_lv>1</E1_lv>
	<E2_id>633</E2_id>
	<E2_lv>1</E2_lv>
	<E3_id>557</E3_id>
	<E3_lv>1</E3_lv>
	<E4_id>557</E4_id>
	<E4_lv>1</E4_lv>
	<E5_id>624</E5_id>
	<E5_lv>1</E5_lv>
	<E6_id>624</E6_id>
	<E6_lv>1</E6_lv>
	<Geth>0</Geth>
	<Experience>800</Experience>
</mst_mapenemy2>
<mst_mapenemy2>
	<Id>1730902</Id>
	<Maparea_id>17</Maparea_id>
	<Mapinfo_no>3</Mapinfo_no>
	<Enemy_list_id>17309</Enemy_list_id>
	<Boss>1</Boss>
	<Deck_id>2</Deck_id>
	<Deck_name>深海中枢泊地 基地施設</Deck_name>
	<Formation_id>3</Formation_id>
	<E1_id>655</E1_id>
	<E1_lv>1</E1_lv>
	<E2_id>632</E2_id>
	<E2_lv>1</E2_lv>
	<E3_id>557</E3_id>
	<E3_lv>1</E3_lv>
	<E4_id>557</E4_id>
	<E4_lv>1</E4_lv>
	<E5_id>624</E5_id>
	<E5_lv>1</E5_lv>
	<E6_id>624</E6_id>
	<E6_lv>1</E6_lv>
	<Geth>0</Geth>
	<Experience>750</Experience>
</mst_mapenemy2>
<mst_mapenemy2>
	<Id>1730903</Id>
	<Maparea_id>17</Maparea_id>
	<Mapinfo_no>3</Mapinfo_no>
	<Enemy_list_id>17309</Enemy_list_id>
	<Boss>1</Boss>
	<Deck_id>3</Deck_id>
	<Deck_name>深海中枢泊地 基地施設</Deck_name>
	<Formation_id>3</Formation_id>
	<E1_id>655</E1_id>
	<E1_lv>1</E1_lv>
	<E2_id>631</E2_id>
	<E2_lv>1</E2_lv>
	<E3_id>557</E3_id>
	<E3_lv>1</E3_lv>
	<E4_id>557</E4_id>
	<E4_lv>1</E4_lv>
	<E5_id>623</E5_id>
	<E5_lv>1</E5_lv>
	<E6_id>623</E6_id>
	<E6_lv>1</E6_lv>
	<Geth>0</Geth>
	<Experience>700</Experience>
</mst_mapenemy2>
<mst_mapenemy2>
	<Id>1730904</Id>
	<Maparea_id>17</Maparea_id>
	<Mapinfo_no>3</Mapinfo_no>
	<Enemy_list_id>17309</Enemy_list_id>
	<Boss>1</Boss>
	<Deck_id>4</Deck_id>
	<Deck_name>深海中枢泊地 基地施設</Deck_name>
	<Formation_id>3</Formation_id>
	<E1_id>654</E1_id>
	<E1_lv>1</E1_lv>
	<E2_id>631</E2_id>
	<E2_lv>1</E2_lv>
	<E3_id>557</E3_id>
	<E3_lv>1</E3_lv>
	<E4_id>557</E4_id>
	<E4_lv>1</E4_lv>
	<E5_id>622</E5_id>
	<E5_lv>1</E5_lv>
	<E6_id>622</E6_id>
	<E6_lv>1</E6_lv>
	<Geth>1</Geth>
	<Experience>650</Experience>
</mst_mapenemy2>
<mst_mapenemy2>
	<Id>1730905</Id>
	<Maparea_id>17</Maparea_id>
	<Mapinfo_no>3</Mapinfo_no>
	<Enemy_list_id>17309</Enemy_list_id>
	<Boss>1</Boss>
	<Deck_id>5</Deck_id>
	<Deck_name>深海中枢泊地 基地施設</Deck_name>
	<Formation_id>3</Formation_id>
	<E1_id>654</E1_id>
	<E1_lv>1</E1_lv>
	<E2_id>631</E2_id>
	<E2_lv>1</E2_lv>
	<E3_id>557</E3_id>
	<E3_lv>1</E3_lv>
	<E4_id>557</E4_id>
	<E4_lv>1</E4_lv>
	<E5_id>577</E5_id>
	<E5_lv>1</E5_lv>
	<E6_id>577</E6_id>
	<E6_lv>1</E6_lv>
	<Geth>1</Geth>
	<Experience>600</Experience>
</mst_mapenemy2>
<mst_mapenemy2>
	<Id>1730906</Id>
	<Maparea_id>17</Maparea_id>
	<Mapinfo_no>3</Mapinfo_no>
	<Enemy_list_id>17309</Enemy_list_id>
	<Boss>1</Boss>
	<Deck_id>6</Deck_id>
	<Deck_name>深海中枢泊地 基地施設</Deck_name>
	<Formation_id>3</Formation_id>
	<E1_id>654</E1_id>
	<E1_lv>1</E1_lv>
	<E2_id>631</E2_id>
	<E2_lv>1</E2_lv>
	<E3_id>557</E3_id>
	<E3_lv>1</E3_lv>
	<E4_id>557</E4_id>
	<E4_lv>1</E4_lv>
	<E5_id>503</E5_id>
	<E5_lv>1</E5_lv>
	<E6_id>503</E6_id>
	<E6_lv>1</E6_lv>
	<Geth>2</Geth>
	<Experience>550</Experience>
</mst_mapenemy2>
<mst_mapenemy2>
	<Id>1730907</Id>
	<Maparea_id>17</Maparea_id>
	<Mapinfo_no>3</Mapinfo_no>
	<Enemy_list_id>17309</Enemy_list_id>
	<Boss>1</Boss>
	<Deck_id>7</Deck_id>
	<Deck_name>深海中枢泊地 基地施設</Deck_name>
	<Formation_id>3</Formation_id>
	<E1_id>653</E1_id>
	<E1_lv>1</E1_lv>
	<E2_id>631</E2_id>
	<E2_lv>1</E2_lv>
	<E3_id>529</E3_id>
	<E3_lv>1</E3_lv>
	<E4_id>529</E4_id>
	<E4_lv>1</E4_lv>
	<E5_id>503</E5_id>
	<E5_lv>1</E5_lv>
	<E6_id>503</E6_id>
	<E6_lv>1</E6_lv>
	<Geth>2</Geth>
	<Experience>500</Experience>
</mst_mapenemy2>
<mst_mapenemy2>
	<Id>1730908</Id>
	<Maparea_id>17</Maparea_id>
	<Mapinfo_no>3</Mapinfo_no>
	<Enemy_list_id>17309</Enemy_list_id>
	<Boss>1</Boss>
	<Deck_id>8</Deck_id>
	<Deck_name>深海中枢泊地 基地施設</Deck_name>
	<Formation_id>3</Formation_id>
	<E1_id>653</E1_id>
	<E1_lv>1</E1_lv>
	<E2_id>631</E2_id>
	<E2_lv>1</E2_lv>
	<E3_id>524</E3_id>
	<E3_lv>1</E3_lv>
	<E4_id>524</E4_id>
	<E4_lv>1</E4_lv>
	<E5_id>503</E5_id>
	<E5_lv>1</E5_lv>
	<E6_id>503</E6_id>
	<E6_lv>1</E6_lv>
	<Geth>3</Geth>
	<Experience>450</Experience>
</mst_mapenemy2>
<mst_mapenemy2>
	<Id>1730909</Id>
	<Maparea_id>17</Maparea_id>
	<Mapinfo_no>3</Mapinfo_no>
	<Enemy_list_id>17309</Enemy_list_id>
	<Boss>1</Boss>
	<Deck_id>9</Deck_id>
	<Deck_name>深海中枢泊地 基地施設</Deck_name>
	<Formation_id>3</Formation_id>
	<E1_id>653</E1_id>
	<E1_lv>1</E1_lv>
	<E2_id>524</E2_id>
	<E2_lv>1</E2_lv>
	<E3_id>524</E3_id>
	<E3_lv>1</E3_lv>
	<E4_id>503</E4_id>
	<E4_lv>1</E4_lv>
	<E5_id>503</E5_id>
	<E5_lv>1</E5_lv>
	<E6_id>503</E6_id>
	<E6_lv>1</E6_lv>
	<Geth>4</Geth>
	<Experience>400</Experience>
</mst_mapenemy2>
</mst_mapenemy2_data>
