<?xml version="1.0" encoding="utf-8"?>
<mst_mapenemy2_data xmlns:i="http://www.w3.org/2001/XMLSchema-instance">
<mst_mapenemy2>
	<Id>1230101</Id>
	<Maparea_id>12</Maparea_id>
	<Mapinfo_no>3</Mapinfo_no>
	<Enemy_list_id>12301</Enemy_list_id>
	<Boss>0</Boss>
	<Deck_id>1</Deck_id>
	<Deck_name>任務部隊 II群</Deck_name>
	<Formation_id>3</Formation_id>
	<E1_id>579</E1_id>
	<E1_lv>1</E1_lv>
	<E2_id>527</E2_id>
	<E2_lv>1</E2_lv>
	<E3_id>591</E3_id>
	<E3_lv>1</E3_lv>
	<E4_id>591</E4_id>
	<E4_lv>1</E4_lv>
	<E5_id>576</E5_id>
	<E5_lv>1</E5_lv>
	<E6_id>576</E6_id>
	<E6_lv>1</E6_lv>
	<Geth>20</Geth>
	<Experience>210</Experience>
</mst_mapenemy2>
<mst_mapenemy2>
	<Id>1230102</Id>
	<Maparea_id>12</Maparea_id>
	<Mapinfo_no>3</Mapinfo_no>
	<Enemy_list_id>12301</Enemy_list_id>
	<Boss>0</Boss>
	<Deck_id>2</Deck_id>
	<Deck_name>任務部隊 II群</Deck_name>
	<Formation_id>3</Formation_id>
	<E1_id>579</E1_id>
	<E1_lv>1</E1_lv>
	<E2_id>527</E2_id>
	<E2_lv>1</E2_lv>
	<E3_id>591</E3_id>
	<E3_lv>1</E3_lv>
	<E4_id>576</E4_id>
	<E4_lv>1</E4_lv>
	<E5_id>576</E5_id>
	<E5_lv>1</E5_lv>
	<E6_id>576</E6_id>
	<E6_lv>1</E6_lv>
	<Geth>19</Geth>
	<Experience>190</Experience>
</mst_mapenemy2>
<mst_mapenemy2>
	<Id>1230103</Id>
	<Maparea_id>12</Maparea_id>
	<Mapinfo_no>3</Mapinfo_no>
	<Enemy_list_id>12301</Enemy_list_id>
	<Boss>0</Boss>
	<Deck_id>3</Deck_id>
	<Deck_name>任務部隊 II群</Deck_name>
	<Formation_id>3</Formation_id>
	<E1_id>579</E1_id>
	<E1_lv>1</E1_lv>
	<E2_id>527</E2_id>
	<E2_lv>1</E2_lv>
	<E3_id>591</E3_id>
	<E3_lv>1</E3_lv>
	<E4_id>576</E4_id>
	<E4_lv>1</E4_lv>
	<E5_id>575</E5_id>
	<E5_lv>1</E5_lv>
	<E6_id>575</E6_id>
	<E6_lv>1</E6_lv>
	<Geth>18</Geth>
	<Experience>170</Experience>
</mst_mapenemy2>
<mst_mapenemy2>
	<Id>1230104</Id>
	<Maparea_id>12</Maparea_id>
	<Mapinfo_no>3</Mapinfo_no>
	<Enemy_list_id>12301</Enemy_list_id>
	<Boss>0</Boss>
	<Deck_id>4</Deck_id>
	<Deck_name>任務部隊 II群</Deck_name>
	<Formation_id>3</Formation_id>
	<E1_id>579</E1_id>
	<E1_lv>1</E1_lv>
	<E2_id>527</E2_id>
	<E2_lv>1</E2_lv>
	<E3_id>591</E3_id>
	<E3_lv>1</E3_lv>
	<E4_id>575</E4_id>
	<E4_lv>1</E4_lv>
	<E5_id>575</E5_id>
	<E5_lv>1</E5_lv>
	<E6_id>575</E6_id>
	<E6_lv>1</E6_lv>
	<Geth>17</Geth>
	<Experience>160</Experience>
</mst_mapenemy2>
<mst_mapenemy2>
	<Id>1230105</Id>
	<Maparea_id>12</Maparea_id>
	<Mapinfo_no>3</Mapinfo_no>
	<Enemy_list_id>12301</Enemy_list_id>
	<Boss>0</Boss>
	<Deck_id>5</Deck_id>
	<Deck_name>任務部隊 II群</Deck_name>
	<Formation_id>3</Formation_id>
	<E1_id>579</E1_id>
	<E1_lv>1</E1_lv>
	<E2_id>527</E2_id>
	<E2_lv>1</E2_lv>
	<E3_id>591</E3_id>
	<E3_lv>1</E3_lv>
	<E4_id>575</E4_id>
	<E4_lv>1</E4_lv>
	<E5_id>501</E5_id>
	<E5_lv>1</E5_lv>
	<E6_id>501</E6_id>
	<E6_lv>1</E6_lv>
	<Geth>16</Geth>
	<Experience>140</Experience>
</mst_mapenemy2>
<mst_mapenemy2>
	<Id>1230106</Id>
	<Maparea_id>12</Maparea_id>
	<Mapinfo_no>3</Mapinfo_no>
	<Enemy_list_id>12301</Enemy_list_id>
	<Boss>0</Boss>
	<Deck_id>6</Deck_id>
	<Deck_name>任務部隊 II群</Deck_name>
	<Formation_id>3</Formation_id>
	<E1_id>528</E1_id>
	<E1_lv>1</E1_lv>
	<E2_id>527</E2_id>
	<E2_lv>1</E2_lv>
	<E3_id>591</E3_id>
	<E3_lv>1</E3_lv>
	<E4_id>575</E4_id>
	<E4_lv>1</E4_lv>
	<E5_id>501</E5_id>
	<E5_lv>1</E5_lv>
	<E6_id>501</E6_id>
	<E6_lv>1</E6_lv>
	<Geth>15</Geth>
	<Experience>130</Experience>
</mst_mapenemy2>
<mst_mapenemy2>
	<Id>1230107</Id>
	<Maparea_id>12</Maparea_id>
	<Mapinfo_no>3</Mapinfo_no>
	<Enemy_list_id>12301</Enemy_list_id>
	<Boss>0</Boss>
	<Deck_id>7</Deck_id>
	<Deck_name>任務部隊 II群</Deck_name>
	<Formation_id>3</Formation_id>
	<E1_id>528</E1_id>
	<E1_lv>1</E1_lv>
	<E2_id>591</E2_id>
	<E2_lv>1</E2_lv>
	<E3_id>575</E3_id>
	<E3_lv>1</E3_lv>
	<E4_id>501</E4_id>
	<E4_lv>1</E4_lv>
	<E5_id>501</E5_id>
	<E5_lv>1</E5_lv>
	<E6_id>501</E6_id>
	<E6_lv>1</E6_lv>
	<Geth>14</Geth>
	<Experience>120</Experience>
</mst_mapenemy2>
<mst_mapenemy2>
	<Id>1230108</Id>
	<Maparea_id>12</Maparea_id>
	<Mapinfo_no>3</Mapinfo_no>
	<Enemy_list_id>12301</Enemy_list_id>
	<Boss>0</Boss>
	<Deck_id>8</Deck_id>
	<Deck_name>任務部隊 II群</Deck_name>
	<Formation_id>3</Formation_id>
	<E1_id>528</E1_id>
	<E1_lv>1</E1_lv>
	<E2_id>519</E2_id>
	<E2_lv>1</E2_lv>
	<E3_id>575</E3_id>
	<E3_lv>1</E3_lv>
	<E4_id>501</E4_id>
	<E4_lv>1</E4_lv>
	<E5_id>501</E5_id>
	<E5_lv>1</E5_lv>
	<E6_id>501</E6_id>
	<E6_lv>1</E6_lv>
	<Geth>13</Geth>
	<Experience>110</Experience>
</mst_mapenemy2>
<mst_mapenemy2>
	<Id>1230109</Id>
	<Maparea_id>12</Maparea_id>
	<Mapinfo_no>3</Mapinfo_no>
	<Enemy_list_id>12301</Enemy_list_id>
	<Boss>0</Boss>
	<Deck_id>9</Deck_id>
	<Deck_name>任務部隊 II群</Deck_name>
	<Formation_id>3</Formation_id>
	<E1_id>525</E1_id>
	<E1_lv>1</E1_lv>
	<E2_id>575</E2_id>
	<E2_lv>1</E2_lv>
	<E3_id>501</E3_id>
	<E3_lv>1</E3_lv>
	<E4_id>501</E4_id>
	<E4_lv>1</E4_lv>
	<E5_id>501</E5_id>
	<E5_lv>1</E5_lv>
	<E6_id>501</E6_id>
	<E6_lv>1</E6_lv>
	<Geth>12</Geth>
	<Experience>100</Experience>
</mst_mapenemy2>
<mst_mapenemy2>
	<Id>1230201</Id>
	<Maparea_id>12</Maparea_id>
	<Mapinfo_no>3</Mapinfo_no>
	<Enemy_list_id>12302</Enemy_list_id>
	<Boss>0</Boss>
	<Deck_id>1</Deck_id>
	<Deck_name>任務部隊 I群</Deck_name>
	<Formation_id>3</Formation_id>
	<E1_id>579</E1_id>
	<E1_lv>1</E1_lv>
	<E2_id>543</E2_id>
	<E2_lv>1</E2_lv>
	<E3_id>591</E3_id>
	<E3_lv>1</E3_lv>
	<E4_id>591</E4_id>
	<E4_lv>1</E4_lv>
	<E5_id>576</E5_id>
	<E5_lv>1</E5_lv>
	<E6_id>576</E6_id>
	<E6_lv>1</E6_lv>
	<Geth>20</Geth>
	<Experience>240</Experience>
</mst_mapenemy2>
<mst_mapenemy2>
	<Id>1230202</Id>
	<Maparea_id>12</Maparea_id>
	<Mapinfo_no>3</Mapinfo_no>
	<Enemy_list_id>12302</Enemy_list_id>
	<Boss>0</Boss>
	<Deck_id>2</Deck_id>
	<Deck_name>任務部隊 I群</Deck_name>
	<Formation_id>3</Formation_id>
	<E1_id>579</E1_id>
	<E1_lv>1</E1_lv>
	<E2_id>543</E2_id>
	<E2_lv>1</E2_lv>
	<E3_id>591</E3_id>
	<E3_lv>1</E3_lv>
	<E4_id>576</E4_id>
	<E4_lv>1</E4_lv>
	<E5_id>576</E5_id>
	<E5_lv>1</E5_lv>
	<E6_id>575</E6_id>
	<E6_lv>1</E6_lv>
	<Geth>19</Geth>
	<Experience>220</Experience>
</mst_mapenemy2>
<mst_mapenemy2>
	<Id>1230203</Id>
	<Maparea_id>12</Maparea_id>
	<Mapinfo_no>3</Mapinfo_no>
	<Enemy_list_id>12302</Enemy_list_id>
	<Boss>0</Boss>
	<Deck_id>3</Deck_id>
	<Deck_name>任務部隊 I群</Deck_name>
	<Formation_id>3</Formation_id>
	<E1_id>579</E1_id>
	<E1_lv>1</E1_lv>
	<E2_id>543</E2_id>
	<E2_lv>1</E2_lv>
	<E3_id>591</E3_id>
	<E3_lv>1</E3_lv>
	<E4_id>576</E4_id>
	<E4_lv>1</E4_lv>
	<E5_id>575</E5_id>
	<E5_lv>1</E5_lv>
	<E6_id>575</E6_id>
	<E6_lv>1</E6_lv>
	<Geth>18</Geth>
	<Experience>210</Experience>
</mst_mapenemy2>
<mst_mapenemy2>
	<Id>1230204</Id>
	<Maparea_id>12</Maparea_id>
	<Mapinfo_no>3</Mapinfo_no>
	<Enemy_list_id>12302</Enemy_list_id>
	<Boss>0</Boss>
	<Deck_id>4</Deck_id>
	<Deck_name>任務部隊 I群</Deck_name>
	<Formation_id>3</Formation_id>
	<E1_id>579</E1_id>
	<E1_lv>1</E1_lv>
	<E2_id>543</E2_id>
	<E2_lv>1</E2_lv>
	<E3_id>591</E3_id>
	<E3_lv>1</E3_lv>
	<E4_id>575</E4_id>
	<E4_lv>1</E4_lv>
	<E5_id>575</E5_id>
	<E5_lv>1</E5_lv>
	<E6_id>575</E6_id>
	<E6_lv>1</E6_lv>
	<Geth>17</Geth>
	<Experience>200</Experience>
</mst_mapenemy2>
<mst_mapenemy2>
	<Id>1230205</Id>
	<Maparea_id>12</Maparea_id>
	<Mapinfo_no>3</Mapinfo_no>
	<Enemy_list_id>12302</Enemy_list_id>
	<Boss>0</Boss>
	<Deck_id>5</Deck_id>
	<Deck_name>任務部隊 I群</Deck_name>
	<Formation_id>3</Formation_id>
	<E1_id>528</E1_id>
	<E1_lv>1</E1_lv>
	<E2_id>543</E2_id>
	<E2_lv>1</E2_lv>
	<E3_id>591</E3_id>
	<E3_lv>1</E3_lv>
	<E4_id>575</E4_id>
	<E4_lv>1</E4_lv>
	<E5_id>575</E5_id>
	<E5_lv>1</E5_lv>
	<E6_id>575</E6_id>
	<E6_lv>1</E6_lv>
	<Geth>16</Geth>
	<Experience>180</Experience>
</mst_mapenemy2>
<mst_mapenemy2>
	<Id>1230206</Id>
	<Maparea_id>12</Maparea_id>
	<Mapinfo_no>3</Mapinfo_no>
	<Enemy_list_id>12302</Enemy_list_id>
	<Boss>0</Boss>
	<Deck_id>6</Deck_id>
	<Deck_name>任務部隊 I群</Deck_name>
	<Formation_id>3</Formation_id>
	<E1_id>528</E1_id>
	<E1_lv>1</E1_lv>
	<E2_id>543</E2_id>
	<E2_lv>1</E2_lv>
	<E3_id>591</E3_id>
	<E3_lv>1</E3_lv>
	<E4_id>575</E4_id>
	<E4_lv>1</E4_lv>
	<E5_id>501</E5_id>
	<E5_lv>1</E5_lv>
	<E6_id>501</E6_id>
	<E6_lv>1</E6_lv>
	<Geth>15</Geth>
	<Experience>160</Experience>
</mst_mapenemy2>
<mst_mapenemy2>
	<Id>1230207</Id>
	<Maparea_id>12</Maparea_id>
	<Mapinfo_no>3</Mapinfo_no>
	<Enemy_list_id>12302</Enemy_list_id>
	<Boss>0</Boss>
	<Deck_id>7</Deck_id>
	<Deck_name>任務部隊 I群</Deck_name>
	<Formation_id>3</Formation_id>
	<E1_id>528</E1_id>
	<E1_lv>1</E1_lv>
	<E2_id>542</E2_id>
	<E2_lv>1</E2_lv>
	<E3_id>591</E3_id>
	<E3_lv>1</E3_lv>
	<E4_id>575</E4_id>
	<E4_lv>1</E4_lv>
	<E5_id>501</E5_id>
	<E5_lv>1</E5_lv>
	<E6_id>501</E6_id>
	<E6_lv>1</E6_lv>
	<Geth>14</Geth>
	<Experience>150</Experience>
</mst_mapenemy2>
<mst_mapenemy2>
	<Id>1230208</Id>
	<Maparea_id>12</Maparea_id>
	<Mapinfo_no>3</Mapinfo_no>
	<Enemy_list_id>12302</Enemy_list_id>
	<Boss>0</Boss>
	<Deck_id>8</Deck_id>
	<Deck_name>任務部隊 I群</Deck_name>
	<Formation_id>3</Formation_id>
	<E1_id>528</E1_id>
	<E1_lv>1</E1_lv>
	<E2_id>542</E2_id>
	<E2_lv>1</E2_lv>
	<E3_id>575</E3_id>
	<E3_lv>1</E3_lv>
	<E4_id>501</E4_id>
	<E4_lv>1</E4_lv>
	<E5_id>501</E5_id>
	<E5_lv>1</E5_lv>
	<E6_id>501</E6_id>
	<E6_lv>1</E6_lv>
	<Geth>13</Geth>
	<Experience>130</Experience>
</mst_mapenemy2>
<mst_mapenemy2>
	<Id>1230209</Id>
	<Maparea_id>12</Maparea_id>
	<Mapinfo_no>3</Mapinfo_no>
	<Enemy_list_id>12302</Enemy_list_id>
	<Boss>0</Boss>
	<Deck_id>9</Deck_id>
	<Deck_name>任務部隊 I群</Deck_name>
	<Formation_id>3</Formation_id>
	<E1_id>525</E1_id>
	<E1_lv>1</E1_lv>
	<E2_id>542</E2_id>
	<E2_lv>1</E2_lv>
	<E3_id>501</E3_id>
	<E3_lv>1</E3_lv>
	<E4_id>501</E4_id>
	<E4_lv>1</E4_lv>
	<E5_id>501</E5_id>
	<E5_lv>1</E5_lv>
	<E6_id>501</E6_id>
	<E6_lv>1</E6_lv>
	<Geth>12</Geth>
	<Experience>120</Experience>
</mst_mapenemy2>
<mst_mapenemy2>
	<Id>1230301</Id>
	<Maparea_id>12</Maparea_id>
	<Mapinfo_no>3</Mapinfo_no>
	<Enemy_list_id>12303</Enemy_list_id>
	<Boss>0</Boss>
	<Deck_id>1</Deck_id>
	<Deck_name>任務部隊 E群</Deck_name>
	<Formation_id>3</Formation_id>
	<E1_id>586</E1_id>
	<E1_lv>1</E1_lv>
	<E2_id>527</E2_id>
	<E2_lv>1</E2_lv>
	<E3_id>592</E3_id>
	<E3_lv>1</E3_lv>
	<E4_id>592</E4_id>
	<E4_lv>1</E4_lv>
	<E5_id>576</E5_id>
	<E5_lv>1</E5_lv>
	<E6_id>576</E6_id>
	<E6_lv>1</E6_lv>
	<Geth>8</Geth>
	<Experience>400</Experience>
</mst_mapenemy2>
<mst_mapenemy2>
	<Id>1230302</Id>
	<Maparea_id>12</Maparea_id>
	<Mapinfo_no>3</Mapinfo_no>
	<Enemy_list_id>12303</Enemy_list_id>
	<Boss>0</Boss>
	<Deck_id>2</Deck_id>
	<Deck_name>任務部隊 E群</Deck_name>
	<Formation_id>3</Formation_id>
	<E1_id>586</E1_id>
	<E1_lv>1</E1_lv>
	<E2_id>527</E2_id>
	<E2_lv>1</E2_lv>
	<E3_id>592</E3_id>
	<E3_lv>1</E3_lv>
	<E4_id>576</E4_id>
	<E4_lv>1</E4_lv>
	<E5_id>576</E5_id>
	<E5_lv>1</E5_lv>
	<E6_id>576</E6_id>
	<E6_lv>1</E6_lv>
	<Geth>8</Geth>
	<Experience>360</Experience>
</mst_mapenemy2>
<mst_mapenemy2>
	<Id>1230303</Id>
	<Maparea_id>12</Maparea_id>
	<Mapinfo_no>3</Mapinfo_no>
	<Enemy_list_id>12303</Enemy_list_id>
	<Boss>0</Boss>
	<Deck_id>3</Deck_id>
	<Deck_name>任務部隊 E群</Deck_name>
	<Formation_id>3</Formation_id>
	<E1_id>586</E1_id>
	<E1_lv>1</E1_lv>
	<E2_id>527</E2_id>
	<E2_lv>1</E2_lv>
	<E3_id>592</E3_id>
	<E3_lv>1</E3_lv>
	<E4_id>575</E4_id>
	<E4_lv>1</E4_lv>
	<E5_id>575</E5_id>
	<E5_lv>1</E5_lv>
	<E6_id>575</E6_id>
	<E6_lv>1</E6_lv>
	<Geth>8</Geth>
	<Experience>330</Experience>
</mst_mapenemy2>
<mst_mapenemy2>
	<Id>1230304</Id>
	<Maparea_id>12</Maparea_id>
	<Mapinfo_no>3</Mapinfo_no>
	<Enemy_list_id>12303</Enemy_list_id>
	<Boss>0</Boss>
	<Deck_id>4</Deck_id>
	<Deck_name>任務部隊 E群</Deck_name>
	<Formation_id>3</Formation_id>
	<E1_id>586</E1_id>
	<E1_lv>1</E1_lv>
	<E2_id>527</E2_id>
	<E2_lv>1</E2_lv>
	<E3_id>591</E3_id>
	<E3_lv>1</E3_lv>
	<E4_id>575</E4_id>
	<E4_lv>1</E4_lv>
	<E5_id>575</E5_id>
	<E5_lv>1</E5_lv>
	<E6_id>575</E6_id>
	<E6_lv>1</E6_lv>
	<Geth>7</Geth>
	<Experience>300</Experience>
</mst_mapenemy2>
<mst_mapenemy2>
	<Id>1230305</Id>
	<Maparea_id>12</Maparea_id>
	<Mapinfo_no>3</Mapinfo_no>
	<Enemy_list_id>12303</Enemy_list_id>
	<Boss>0</Boss>
	<Deck_id>5</Deck_id>
	<Deck_name>任務部隊 E群</Deck_name>
	<Formation_id>3</Formation_id>
	<E1_id>586</E1_id>
	<E1_lv>1</E1_lv>
	<E2_id>527</E2_id>
	<E2_lv>1</E2_lv>
	<E3_id>591</E3_id>
	<E3_lv>1</E3_lv>
	<E4_id>575</E4_id>
	<E4_lv>1</E4_lv>
	<E5_id>501</E5_id>
	<E5_lv>1</E5_lv>
	<E6_id>501</E6_id>
	<E6_lv>1</E6_lv>
	<Geth>7</Geth>
	<Experience>280</Experience>
</mst_mapenemy2>
<mst_mapenemy2>
	<Id>1230306</Id>
	<Maparea_id>12</Maparea_id>
	<Mapinfo_no>3</Mapinfo_no>
	<Enemy_list_id>12303</Enemy_list_id>
	<Boss>0</Boss>
	<Deck_id>6</Deck_id>
	<Deck_name>任務部隊 E群</Deck_name>
	<Formation_id>3</Formation_id>
	<E1_id>586</E1_id>
	<E1_lv>1</E1_lv>
	<E2_id>591</E2_id>
	<E2_lv>1</E2_lv>
	<E3_id>575</E3_id>
	<E3_lv>1</E3_lv>
	<E4_id>501</E4_id>
	<E4_lv>1</E4_lv>
	<E5_id>501</E5_id>
	<E5_lv>1</E5_lv>
	<E6_id>501</E6_id>
	<E6_lv>1</E6_lv>
	<Geth>7</Geth>
	<Experience>260</Experience>
</mst_mapenemy2>
<mst_mapenemy2>
	<Id>1230307</Id>
	<Maparea_id>12</Maparea_id>
	<Mapinfo_no>3</Mapinfo_no>
	<Enemy_list_id>12303</Enemy_list_id>
	<Boss>0</Boss>
	<Deck_id>7</Deck_id>
	<Deck_name>任務部隊 E群</Deck_name>
	<Formation_id>3</Formation_id>
	<E1_id>586</E1_id>
	<E1_lv>1</E1_lv>
	<E2_id>591</E2_id>
	<E2_lv>1</E2_lv>
	<E3_id>575</E3_id>
	<E3_lv>1</E3_lv>
	<E4_id>501</E4_id>
	<E4_lv>1</E4_lv>
	<E5_id>501</E5_id>
	<E5_lv>1</E5_lv>
	<E6_id>0</E6_id>
	<E6_lv>0</E6_lv>
	<Geth>6</Geth>
	<Experience>240</Experience>
</mst_mapenemy2>
<mst_mapenemy2>
	<Id>1230308</Id>
	<Maparea_id>12</Maparea_id>
	<Mapinfo_no>3</Mapinfo_no>
	<Enemy_list_id>12303</Enemy_list_id>
	<Boss>0</Boss>
	<Deck_id>8</Deck_id>
	<Deck_name>任務部隊 E群</Deck_name>
	<Formation_id>3</Formation_id>
	<E1_id>586</E1_id>
	<E1_lv>1</E1_lv>
	<E2_id>575</E2_id>
	<E2_lv>1</E2_lv>
	<E3_id>501</E3_id>
	<E3_lv>1</E3_lv>
	<E4_id>501</E4_id>
	<E4_lv>1</E4_lv>
	<E5_id>501</E5_id>
	<E5_lv>1</E5_lv>
	<E6_id>0</E6_id>
	<E6_lv>0</E6_lv>
	<Geth>6</Geth>
	<Experience>220</Experience>
</mst_mapenemy2>
<mst_mapenemy2>
	<Id>1230309</Id>
	<Maparea_id>12</Maparea_id>
	<Mapinfo_no>3</Mapinfo_no>
	<Enemy_list_id>12303</Enemy_list_id>
	<Boss>0</Boss>
	<Deck_id>9</Deck_id>
	<Deck_name>任務部隊 E群</Deck_name>
	<Formation_id>3</Formation_id>
	<E1_id>586</E1_id>
	<E1_lv>1</E1_lv>
	<E2_id>501</E2_id>
	<E2_lv>1</E2_lv>
	<E3_id>501</E3_id>
	<E3_lv>1</E3_lv>
	<E4_id>501</E4_id>
	<E4_lv>1</E4_lv>
	<E5_id>0</E5_id>
	<E5_lv>0</E5_lv>
	<E6_id>0</E6_id>
	<E6_lv>0</E6_lv>
	<Geth>6</Geth>
	<Experience>200</Experience>
</mst_mapenemy2>
<mst_mapenemy2>
	<Id>1230401</Id>
	<Maparea_id>12</Maparea_id>
	<Mapinfo_no>3</Mapinfo_no>
	<Enemy_list_id>12304</Enemy_list_id>
	<Boss>0</Boss>
	<Deck_id>1</Deck_id>
	<Deck_name>MI島警戒潜水艦</Deck_name>
	<Formation_id>4</Formation_id>
	<E1_id>535</E1_id>
	<E1_lv>50</E1_lv>
	<E2_id>533</E2_id>
	<E2_lv>50</E2_lv>
	<E3_id>533</E3_id>
	<E3_lv>50</E3_lv>
	<E4_id>533</E4_id>
	<E4_lv>50</E4_lv>
	<E5_id>0</E5_id>
	<E5_lv>0</E5_lv>
	<E6_id>0</E6_id>
	<E6_lv>0</E6_lv>
	<Geth>26</Geth>
	<Experience>180</Experience>
</mst_mapenemy2>
<mst_mapenemy2>
	<Id>1230402</Id>
	<Maparea_id>12</Maparea_id>
	<Mapinfo_no>3</Mapinfo_no>
	<Enemy_list_id>12304</Enemy_list_id>
	<Boss>0</Boss>
	<Deck_id>2</Deck_id>
	<Deck_name>MI島警戒潜水艦</Deck_name>
	<Formation_id>5</Formation_id>
	<E1_id>535</E1_id>
	<E1_lv>50</E1_lv>
	<E2_id>533</E2_id>
	<E2_lv>50</E2_lv>
	<E3_id>533</E3_id>
	<E3_lv>50</E3_lv>
	<E4_id>533</E4_id>
	<E4_lv>50</E4_lv>
	<E5_id>0</E5_id>
	<E5_lv>0</E5_lv>
	<E6_id>0</E6_id>
	<E6_lv>0</E6_lv>
	<Geth>25</Geth>
	<Experience>180</Experience>
</mst_mapenemy2>
<mst_mapenemy2>
	<Id>1230403</Id>
	<Maparea_id>12</Maparea_id>
	<Mapinfo_no>3</Mapinfo_no>
	<Enemy_list_id>12304</Enemy_list_id>
	<Boss>0</Boss>
	<Deck_id>3</Deck_id>
	<Deck_name>MI島警戒潜水艦</Deck_name>
	<Formation_id>4</Formation_id>
	<E1_id>535</E1_id>
	<E1_lv>50</E1_lv>
	<E2_id>533</E2_id>
	<E2_lv>50</E2_lv>
	<E3_id>533</E3_id>
	<E3_lv>50</E3_lv>
	<E4_id>0</E4_id>
	<E4_lv>0</E4_lv>
	<E5_id>0</E5_id>
	<E5_lv>0</E5_lv>
	<E6_id>0</E6_id>
	<E6_lv>0</E6_lv>
	<Geth>24</Geth>
	<Experience>150</Experience>
</mst_mapenemy2>
<mst_mapenemy2>
	<Id>1230404</Id>
	<Maparea_id>12</Maparea_id>
	<Mapinfo_no>3</Mapinfo_no>
	<Enemy_list_id>12304</Enemy_list_id>
	<Boss>0</Boss>
	<Deck_id>4</Deck_id>
	<Deck_name>MI島警戒潜水艦</Deck_name>
	<Formation_id>5</Formation_id>
	<E1_id>535</E1_id>
	<E1_lv>50</E1_lv>
	<E2_id>533</E2_id>
	<E2_lv>50</E2_lv>
	<E3_id>533</E3_id>
	<E3_lv>50</E3_lv>
	<E4_id>0</E4_id>
	<E4_lv>0</E4_lv>
	<E5_id>0</E5_id>
	<E5_lv>0</E5_lv>
	<E6_id>0</E6_id>
	<E6_lv>0</E6_lv>
	<Geth>23</Geth>
	<Experience>150</Experience>
</mst_mapenemy2>
<mst_mapenemy2>
	<Id>1230405</Id>
	<Maparea_id>12</Maparea_id>
	<Mapinfo_no>3</Mapinfo_no>
	<Enemy_list_id>12304</Enemy_list_id>
	<Boss>0</Boss>
	<Deck_id>5</Deck_id>
	<Deck_name>MI島警戒潜水艦</Deck_name>
	<Formation_id>4</Formation_id>
	<E1_id>533</E1_id>
	<E1_lv>50</E1_lv>
	<E2_id>533</E2_id>
	<E2_lv>50</E2_lv>
	<E3_id>533</E3_id>
	<E3_lv>50</E3_lv>
	<E4_id>0</E4_id>
	<E4_lv>0</E4_lv>
	<E5_id>0</E5_id>
	<E5_lv>0</E5_lv>
	<E6_id>0</E6_id>
	<E6_lv>0</E6_lv>
	<Geth>22</Geth>
	<Experience>130</Experience>
</mst_mapenemy2>
<mst_mapenemy2>
	<Id>1230406</Id>
	<Maparea_id>12</Maparea_id>
	<Mapinfo_no>3</Mapinfo_no>
	<Enemy_list_id>12304</Enemy_list_id>
	<Boss>0</Boss>
	<Deck_id>6</Deck_id>
	<Deck_name>MI島警戒潜水艦</Deck_name>
	<Formation_id>5</Formation_id>
	<E1_id>533</E1_id>
	<E1_lv>50</E1_lv>
	<E2_id>533</E2_id>
	<E2_lv>50</E2_lv>
	<E3_id>533</E3_id>
	<E3_lv>50</E3_lv>
	<E4_id>0</E4_id>
	<E4_lv>0</E4_lv>
	<E5_id>0</E5_id>
	<E5_lv>0</E5_lv>
	<E6_id>0</E6_id>
	<E6_lv>0</E6_lv>
	<Geth>21</Geth>
	<Experience>130</Experience>
</mst_mapenemy2>
<mst_mapenemy2>
	<Id>1230407</Id>
	<Maparea_id>12</Maparea_id>
	<Mapinfo_no>3</Mapinfo_no>
	<Enemy_list_id>12304</Enemy_list_id>
	<Boss>0</Boss>
	<Deck_id>7</Deck_id>
	<Deck_name>MI島警戒潜水艦</Deck_name>
	<Formation_id>4</Formation_id>
	<E1_id>533</E1_id>
	<E1_lv>50</E1_lv>
	<E2_id>533</E2_id>
	<E2_lv>50</E2_lv>
	<E3_id>531</E3_id>
	<E3_lv>50</E3_lv>
	<E4_id>0</E4_id>
	<E4_lv>0</E4_lv>
	<E5_id>0</E5_id>
	<E5_lv>0</E5_lv>
	<E6_id>0</E6_id>
	<E6_lv>0</E6_lv>
	<Geth>21</Geth>
	<Experience>120</Experience>
</mst_mapenemy2>
<mst_mapenemy2>
	<Id>1230408</Id>
	<Maparea_id>12</Maparea_id>
	<Mapinfo_no>3</Mapinfo_no>
	<Enemy_list_id>12304</Enemy_list_id>
	<Boss>0</Boss>
	<Deck_id>8</Deck_id>
	<Deck_name>MI島警戒潜水艦</Deck_name>
	<Formation_id>5</Formation_id>
	<E1_id>533</E1_id>
	<E1_lv>50</E1_lv>
	<E2_id>533</E2_id>
	<E2_lv>50</E2_lv>
	<E3_id>531</E3_id>
	<E3_lv>50</E3_lv>
	<E4_id>0</E4_id>
	<E4_lv>0</E4_lv>
	<E5_id>0</E5_id>
	<E5_lv>0</E5_lv>
	<E6_id>0</E6_id>
	<E6_lv>0</E6_lv>
	<Geth>20</Geth>
	<Experience>120</Experience>
</mst_mapenemy2>
<mst_mapenemy2>
	<Id>1230409</Id>
	<Maparea_id>12</Maparea_id>
	<Mapinfo_no>3</Mapinfo_no>
	<Enemy_list_id>12304</Enemy_list_id>
	<Boss>0</Boss>
	<Deck_id>9</Deck_id>
	<Deck_name>MI島警戒潜水艦</Deck_name>
	<Formation_id>4</Formation_id>
	<E1_id>533</E1_id>
	<E1_lv>50</E1_lv>
	<E2_id>531</E2_id>
	<E2_lv>50</E2_lv>
	<E3_id>531</E3_id>
	<E3_lv>50</E3_lv>
	<E4_id>0</E4_id>
	<E4_lv>0</E4_lv>
	<E5_id>0</E5_id>
	<E5_lv>0</E5_lv>
	<E6_id>0</E6_id>
	<E6_lv>0</E6_lv>
	<Geth>20</Geth>
	<Experience>110</Experience>
</mst_mapenemy2>
<mst_mapenemy2>
	<Id>1230501</Id>
	<Maparea_id>12</Maparea_id>
	<Mapinfo_no>3</Mapinfo_no>
	<Enemy_list_id>12305</Enemy_list_id>
	<Boss>0</Boss>
	<Deck_id>1</Deck_id>
	<Deck_name>MI島防衛艦隊</Deck_name>
	<Formation_id>2</Formation_id>
	<E1_id>557</E1_id>
	<E1_lv>1</E1_lv>
	<E2_id>527</E2_id>
	<E2_lv>1</E2_lv>
	<E3_id>527</E3_id>
	<E3_lv>1</E3_lv>
	<E4_id>576</E4_id>
	<E4_lv>1</E4_lv>
	<E5_id>576</E5_id>
	<E5_lv>1</E5_lv>
	<E6_id>576</E6_id>
	<E6_lv>1</E6_lv>
	<Geth>1</Geth>
	<Experience>300</Experience>
</mst_mapenemy2>
<mst_mapenemy2>
	<Id>1230502</Id>
	<Maparea_id>12</Maparea_id>
	<Mapinfo_no>3</Mapinfo_no>
	<Enemy_list_id>12305</Enemy_list_id>
	<Boss>0</Boss>
	<Deck_id>2</Deck_id>
	<Deck_name>MI島防衛艦隊</Deck_name>
	<Formation_id>2</Formation_id>
	<E1_id>557</E1_id>
	<E1_lv>1</E1_lv>
	<E2_id>527</E2_id>
	<E2_lv>1</E2_lv>
	<E3_id>527</E3_id>
	<E3_lv>1</E3_lv>
	<E4_id>575</E4_id>
	<E4_lv>1</E4_lv>
	<E5_id>575</E5_id>
	<E5_lv>1</E5_lv>
	<E6_id>575</E6_id>
	<E6_lv>1</E6_lv>
	<Geth>1</Geth>
	<Experience>270</Experience>
</mst_mapenemy2>
<mst_mapenemy2>
	<Id>1230503</Id>
	<Maparea_id>12</Maparea_id>
	<Mapinfo_no>3</Mapinfo_no>
	<Enemy_list_id>12305</Enemy_list_id>
	<Boss>0</Boss>
	<Deck_id>3</Deck_id>
	<Deck_name>MI島防衛艦隊</Deck_name>
	<Formation_id>2</Formation_id>
	<E1_id>567</E1_id>
	<E1_lv>1</E1_lv>
	<E2_id>527</E2_id>
	<E2_lv>1</E2_lv>
	<E3_id>527</E3_id>
	<E3_lv>1</E3_lv>
	<E4_id>575</E4_id>
	<E4_lv>1</E4_lv>
	<E5_id>575</E5_id>
	<E5_lv>1</E5_lv>
	<E6_id>575</E6_id>
	<E6_lv>1</E6_lv>
	<Geth>2</Geth>
	<Experience>200</Experience>
</mst_mapenemy2>
<mst_mapenemy2>
	<Id>1230504</Id>
	<Maparea_id>12</Maparea_id>
	<Mapinfo_no>3</Mapinfo_no>
	<Enemy_list_id>12305</Enemy_list_id>
	<Boss>0</Boss>
	<Deck_id>4</Deck_id>
	<Deck_name>MI島防衛艦隊</Deck_name>
	<Formation_id>2</Formation_id>
	<E1_id>529</E1_id>
	<E1_lv>1</E1_lv>
	<E2_id>527</E2_id>
	<E2_lv>1</E2_lv>
	<E3_id>527</E3_id>
	<E3_lv>1</E3_lv>
	<E4_id>575</E4_id>
	<E4_lv>1</E4_lv>
	<E5_id>575</E5_id>
	<E5_lv>1</E5_lv>
	<E6_id>575</E6_id>
	<E6_lv>1</E6_lv>
	<Geth>2</Geth>
	<Experience>180</Experience>
</mst_mapenemy2>
<mst_mapenemy2>
	<Id>1230505</Id>
	<Maparea_id>12</Maparea_id>
	<Mapinfo_no>3</Mapinfo_no>
	<Enemy_list_id>12305</Enemy_list_id>
	<Boss>0</Boss>
	<Deck_id>5</Deck_id>
	<Deck_name>MI島防衛艦隊</Deck_name>
	<Formation_id>2</Formation_id>
	<E1_id>529</E1_id>
	<E1_lv>1</E1_lv>
	<E2_id>527</E2_id>
	<E2_lv>1</E2_lv>
	<E3_id>527</E3_id>
	<E3_lv>1</E3_lv>
	<E4_id>575</E4_id>
	<E4_lv>1</E4_lv>
	<E5_id>501</E5_id>
	<E5_lv>1</E5_lv>
	<E6_id>501</E6_id>
	<E6_lv>1</E6_lv>
	<Geth>2</Geth>
	<Experience>160</Experience>
</mst_mapenemy2>
<mst_mapenemy2>
	<Id>1230506</Id>
	<Maparea_id>12</Maparea_id>
	<Mapinfo_no>3</Mapinfo_no>
	<Enemy_list_id>12305</Enemy_list_id>
	<Boss>0</Boss>
	<Deck_id>6</Deck_id>
	<Deck_name>MI島防衛艦隊</Deck_name>
	<Formation_id>2</Formation_id>
	<E1_id>529</E1_id>
	<E1_lv>1</E1_lv>
	<E2_id>527</E2_id>
	<E2_lv>1</E2_lv>
	<E3_id>522</E3_id>
	<E3_lv>1</E3_lv>
	<E4_id>575</E4_id>
	<E4_lv>1</E4_lv>
	<E5_id>501</E5_id>
	<E5_lv>1</E5_lv>
	<E6_id>501</E6_id>
	<E6_lv>1</E6_lv>
	<Geth>2</Geth>
	<Experience>140</Experience>
</mst_mapenemy2>
<mst_mapenemy2>
	<Id>1230507</Id>
	<Maparea_id>12</Maparea_id>
	<Mapinfo_no>3</Mapinfo_no>
	<Enemy_list_id>12305</Enemy_list_id>
	<Boss>0</Boss>
	<Deck_id>7</Deck_id>
	<Deck_name>MI島防衛艦隊</Deck_name>
	<Formation_id>2</Formation_id>
	<E1_id>529</E1_id>
	<E1_lv>1</E1_lv>
	<E2_id>522</E2_id>
	<E2_lv>1</E2_lv>
	<E3_id>522</E3_id>
	<E3_lv>1</E3_lv>
	<E4_id>575</E4_id>
	<E4_lv>1</E4_lv>
	<E5_id>501</E5_id>
	<E5_lv>1</E5_lv>
	<E6_id>501</E6_id>
	<E6_lv>1</E6_lv>
	<Geth>2</Geth>
	<Experience>120</Experience>
</mst_mapenemy2>
<mst_mapenemy2>
	<Id>1230508</Id>
	<Maparea_id>12</Maparea_id>
	<Mapinfo_no>3</Mapinfo_no>
	<Enemy_list_id>12305</Enemy_list_id>
	<Boss>0</Boss>
	<Deck_id>8</Deck_id>
	<Deck_name>MI島防衛艦隊</Deck_name>
	<Formation_id>2</Formation_id>
	<E1_id>524</E1_id>
	<E1_lv>1</E1_lv>
	<E2_id>522</E2_id>
	<E2_lv>1</E2_lv>
	<E3_id>522</E3_id>
	<E3_lv>1</E3_lv>
	<E4_id>575</E4_id>
	<E4_lv>1</E4_lv>
	<E5_id>501</E5_id>
	<E5_lv>1</E5_lv>
	<E6_id>501</E6_id>
	<E6_lv>1</E6_lv>
	<Geth>3</Geth>
	<Experience>110</Experience>
</mst_mapenemy2>
<mst_mapenemy2>
	<Id>1230509</Id>
	<Maparea_id>12</Maparea_id>
	<Mapinfo_no>3</Mapinfo_no>
	<Enemy_list_id>12305</Enemy_list_id>
	<Boss>0</Boss>
	<Deck_id>9</Deck_id>
	<Deck_name>MI島防衛艦隊</Deck_name>
	<Formation_id>2</Formation_id>
	<E1_id>524</E1_id>
	<E1_lv>1</E1_lv>
	<E2_id>522</E2_id>
	<E2_lv>1</E2_lv>
	<E3_id>522</E3_id>
	<E3_lv>1</E3_lv>
	<E4_id>501</E4_id>
	<E4_lv>1</E4_lv>
	<E5_id>501</E5_id>
	<E5_lv>1</E5_lv>
	<E6_id>501</E6_id>
	<E6_lv>1</E6_lv>
	<Geth>3</Geth>
	<Experience>100</Experience>
</mst_mapenemy2>
<mst_mapenemy2>
	<Id>1230601</Id>
	<Maparea_id>12</Maparea_id>
	<Mapinfo_no>3</Mapinfo_no>
	<Enemy_list_id>12306</Enemy_list_id>
	<Boss>0</Boss>
	<Deck_id>1</Deck_id>
	<Deck_name>任務部隊 H群</Deck_name>
	<Formation_id>3</Formation_id>
	<E1_id>586</E1_id>
	<E1_lv>1</E1_lv>
	<E2_id>527</E2_id>
	<E2_lv>1</E2_lv>
	<E3_id>527</E3_id>
	<E3_lv>1</E3_lv>
	<E4_id>592</E4_id>
	<E4_lv>1</E4_lv>
	<E5_id>576</E5_id>
	<E5_lv>1</E5_lv>
	<E6_id>576</E6_id>
	<E6_lv>1</E6_lv>
	<Geth>0</Geth>
	<Experience>400</Experience>
</mst_mapenemy2>
<mst_mapenemy2>
	<Id>1230602</Id>
	<Maparea_id>12</Maparea_id>
	<Mapinfo_no>3</Mapinfo_no>
	<Enemy_list_id>12306</Enemy_list_id>
	<Boss>0</Boss>
	<Deck_id>2</Deck_id>
	<Deck_name>任務部隊 H群</Deck_name>
	<Formation_id>3</Formation_id>
	<E1_id>586</E1_id>
	<E1_lv>1</E1_lv>
	<E2_id>527</E2_id>
	<E2_lv>1</E2_lv>
	<E3_id>527</E3_id>
	<E3_lv>1</E3_lv>
	<E4_id>592</E4_id>
	<E4_lv>1</E4_lv>
	<E5_id>575</E5_id>
	<E5_lv>1</E5_lv>
	<E6_id>575</E6_id>
	<E6_lv>1</E6_lv>
	<Geth>0</Geth>
	<Experience>380</Experience>
</mst_mapenemy2>
<mst_mapenemy2>
	<Id>1230603</Id>
	<Maparea_id>12</Maparea_id>
	<Mapinfo_no>3</Mapinfo_no>
	<Enemy_list_id>12306</Enemy_list_id>
	<Boss>0</Boss>
	<Deck_id>3</Deck_id>
	<Deck_name>任務部隊 H群</Deck_name>
	<Formation_id>3</Formation_id>
	<E1_id>586</E1_id>
	<E1_lv>1</E1_lv>
	<E2_id>527</E2_id>
	<E2_lv>1</E2_lv>
	<E3_id>527</E3_id>
	<E3_lv>1</E3_lv>
	<E4_id>591</E4_id>
	<E4_lv>1</E4_lv>
	<E5_id>575</E5_id>
	<E5_lv>1</E5_lv>
	<E6_id>575</E6_id>
	<E6_lv>1</E6_lv>
	<Geth>0</Geth>
	<Experience>350</Experience>
</mst_mapenemy2>
<mst_mapenemy2>
	<Id>1230604</Id>
	<Maparea_id>12</Maparea_id>
	<Mapinfo_no>3</Mapinfo_no>
	<Enemy_list_id>12306</Enemy_list_id>
	<Boss>0</Boss>
	<Deck_id>4</Deck_id>
	<Deck_name>任務部隊 H群</Deck_name>
	<Formation_id>3</Formation_id>
	<E1_id>586</E1_id>
	<E1_lv>1</E1_lv>
	<E2_id>527</E2_id>
	<E2_lv>1</E2_lv>
	<E3_id>522</E3_id>
	<E3_lv>1</E3_lv>
	<E4_id>591</E4_id>
	<E4_lv>1</E4_lv>
	<E5_id>575</E5_id>
	<E5_lv>1</E5_lv>
	<E6_id>575</E6_id>
	<E6_lv>1</E6_lv>
	<Geth>0</Geth>
	<Experience>330</Experience>
</mst_mapenemy2>
<mst_mapenemy2>
	<Id>1230605</Id>
	<Maparea_id>12</Maparea_id>
	<Mapinfo_no>3</Mapinfo_no>
	<Enemy_list_id>12306</Enemy_list_id>
	<Boss>0</Boss>
	<Deck_id>5</Deck_id>
	<Deck_name>任務部隊 H群</Deck_name>
	<Formation_id>3</Formation_id>
	<E1_id>586</E1_id>
	<E1_lv>1</E1_lv>
	<E2_id>522</E2_id>
	<E2_lv>1</E2_lv>
	<E3_id>522</E3_id>
	<E3_lv>1</E3_lv>
	<E4_id>591</E4_id>
	<E4_lv>1</E4_lv>
	<E5_id>575</E5_id>
	<E5_lv>1</E5_lv>
	<E6_id>575</E6_id>
	<E6_lv>1</E6_lv>
	<Geth>0</Geth>
	<Experience>310</Experience>
</mst_mapenemy2>
<mst_mapenemy2>
	<Id>1230606</Id>
	<Maparea_id>12</Maparea_id>
	<Mapinfo_no>3</Mapinfo_no>
	<Enemy_list_id>12306</Enemy_list_id>
	<Boss>0</Boss>
	<Deck_id>6</Deck_id>
	<Deck_name>任務部隊 H群</Deck_name>
	<Formation_id>3</Formation_id>
	<E1_id>586</E1_id>
	<E1_lv>1</E1_lv>
	<E2_id>522</E2_id>
	<E2_lv>1</E2_lv>
	<E3_id>522</E3_id>
	<E3_lv>1</E3_lv>
	<E4_id>591</E4_id>
	<E4_lv>1</E4_lv>
	<E5_id>501</E5_id>
	<E5_lv>1</E5_lv>
	<E6_id>501</E6_id>
	<E6_lv>1</E6_lv>
	<Geth>1</Geth>
	<Experience>290</Experience>
</mst_mapenemy2>
<mst_mapenemy2>
	<Id>1230607</Id>
	<Maparea_id>12</Maparea_id>
	<Mapinfo_no>3</Mapinfo_no>
	<Enemy_list_id>12306</Enemy_list_id>
	<Boss>0</Boss>
	<Deck_id>7</Deck_id>
	<Deck_name>任務部隊 H群</Deck_name>
	<Formation_id>3</Formation_id>
	<E1_id>586</E1_id>
	<E1_lv>1</E1_lv>
	<E2_id>522</E2_id>
	<E2_lv>1</E2_lv>
	<E3_id>591</E3_id>
	<E3_lv>1</E3_lv>
	<E4_id>501</E4_id>
	<E4_lv>1</E4_lv>
	<E5_id>501</E5_id>
	<E5_lv>1</E5_lv>
	<E6_id>501</E6_id>
	<E6_lv>1</E6_lv>
	<Geth>1</Geth>
	<Experience>270</Experience>
</mst_mapenemy2>
<mst_mapenemy2>
	<Id>1230608</Id>
	<Maparea_id>12</Maparea_id>
	<Mapinfo_no>3</Mapinfo_no>
	<Enemy_list_id>12306</Enemy_list_id>
	<Boss>0</Boss>
	<Deck_id>8</Deck_id>
	<Deck_name>任務部隊 H群</Deck_name>
	<Formation_id>3</Formation_id>
	<E1_id>586</E1_id>
	<E1_lv>1</E1_lv>
	<E2_id>522</E2_id>
	<E2_lv>1</E2_lv>
	<E3_id>501</E3_id>
	<E3_lv>1</E3_lv>
	<E4_id>501</E4_id>
	<E4_lv>1</E4_lv>
	<E5_id>501</E5_id>
	<E5_lv>1</E5_lv>
	<E6_id>501</E6_id>
	<E6_lv>1</E6_lv>
	<Geth>2</Geth>
	<Experience>250</Experience>
</mst_mapenemy2>
<mst_mapenemy2>
	<Id>1230609</Id>
	<Maparea_id>12</Maparea_id>
	<Mapinfo_no>3</Mapinfo_no>
	<Enemy_list_id>12306</Enemy_list_id>
	<Boss>0</Boss>
	<Deck_id>9</Deck_id>
	<Deck_name>任務部隊 H群</Deck_name>
	<Formation_id>3</Formation_id>
	<E1_id>586</E1_id>
	<E1_lv>1</E1_lv>
	<E2_id>522</E2_id>
	<E2_lv>1</E2_lv>
	<E3_id>501</E3_id>
	<E3_lv>1</E3_lv>
	<E4_id>501</E4_id>
	<E4_lv>1</E4_lv>
	<E5_id>0</E5_id>
	<E5_lv>0</E5_lv>
	<E6_id>0</E6_id>
	<E6_lv>0</E6_lv>
	<Geth>2</Geth>
	<Experience>230</Experience>
</mst_mapenemy2>
<mst_mapenemy2>
	<Id>1230701</Id>
	<Maparea_id>12</Maparea_id>
	<Mapinfo_no>3</Mapinfo_no>
	<Enemy_list_id>12307</Enemy_list_id>
	<Boss>0</Boss>
	<Deck_id>1</Deck_id>
	<Deck_name>MI島哨戒部隊</Deck_name>
	<Formation_id>1</Formation_id>
	<E1_id>555</E1_id>
	<E1_lv>1</E1_lv>
	<E2_id>554</E2_id>
	<E2_lv>1</E2_lv>
	<E3_id>576</E3_id>
	<E3_lv>1</E3_lv>
	<E4_id>576</E4_id>
	<E4_lv>1</E4_lv>
	<E5_id>575</E5_id>
	<E5_lv>1</E5_lv>
	<E6_id>575</E6_id>
	<E6_lv>1</E6_lv>
	<Geth>7</Geth>
	<Experience>130</Experience>
</mst_mapenemy2>
<mst_mapenemy2>
	<Id>1230702</Id>
	<Maparea_id>12</Maparea_id>
	<Mapinfo_no>3</Mapinfo_no>
	<Enemy_list_id>12307</Enemy_list_id>
	<Boss>0</Boss>
	<Deck_id>2</Deck_id>
	<Deck_name>MI島哨戒部隊</Deck_name>
	<Formation_id>1</Formation_id>
	<E1_id>555</E1_id>
	<E1_lv>1</E1_lv>
	<E2_id>554</E2_id>
	<E2_lv>1</E2_lv>
	<E3_id>576</E3_id>
	<E3_lv>1</E3_lv>
	<E4_id>575</E4_id>
	<E4_lv>1</E4_lv>
	<E5_id>575</E5_id>
	<E5_lv>1</E5_lv>
	<E6_id>575</E6_id>
	<E6_lv>1</E6_lv>
	<Geth>7</Geth>
	<Experience>130</Experience>
</mst_mapenemy2>
<mst_mapenemy2>
	<Id>1230703</Id>
	<Maparea_id>12</Maparea_id>
	<Mapinfo_no>3</Mapinfo_no>
	<Enemy_list_id>12307</Enemy_list_id>
	<Boss>0</Boss>
	<Deck_id>3</Deck_id>
	<Deck_name>MI島哨戒部隊</Deck_name>
	<Formation_id>1</Formation_id>
	<E1_id>555</E1_id>
	<E1_lv>1</E1_lv>
	<E2_id>554</E2_id>
	<E2_lv>1</E2_lv>
	<E3_id>575</E3_id>
	<E3_lv>1</E3_lv>
	<E4_id>575</E4_id>
	<E4_lv>1</E4_lv>
	<E5_id>575</E5_id>
	<E5_lv>1</E5_lv>
	<E6_id>575</E6_id>
	<E6_lv>1</E6_lv>
	<Geth>7</Geth>
	<Experience>110</Experience>
</mst_mapenemy2>
<mst_mapenemy2>
	<Id>1230704</Id>
	<Maparea_id>12</Maparea_id>
	<Mapinfo_no>3</Mapinfo_no>
	<Enemy_list_id>12307</Enemy_list_id>
	<Boss>0</Boss>
	<Deck_id>4</Deck_id>
	<Deck_name>MI島哨戒部隊</Deck_name>
	<Formation_id>2</Formation_id>
	<E1_id>555</E1_id>
	<E1_lv>1</E1_lv>
	<E2_id>554</E2_id>
	<E2_lv>1</E2_lv>
	<E3_id>575</E3_id>
	<E3_lv>1</E3_lv>
	<E4_id>575</E4_id>
	<E4_lv>1</E4_lv>
	<E5_id>575</E5_id>
	<E5_lv>1</E5_lv>
	<E6_id>575</E6_id>
	<E6_lv>1</E6_lv>
	<Geth>7</Geth>
	<Experience>110</Experience>
</mst_mapenemy2>
<mst_mapenemy2>
	<Id>1230705</Id>
	<Maparea_id>12</Maparea_id>
	<Mapinfo_no>3</Mapinfo_no>
	<Enemy_list_id>12307</Enemy_list_id>
	<Boss>0</Boss>
	<Deck_id>5</Deck_id>
	<Deck_name>MI島哨戒部隊</Deck_name>
	<Formation_id>1</Formation_id>
	<E1_id>555</E1_id>
	<E1_lv>1</E1_lv>
	<E2_id>554</E2_id>
	<E2_lv>1</E2_lv>
	<E3_id>575</E3_id>
	<E3_lv>1</E3_lv>
	<E4_id>575</E4_id>
	<E4_lv>1</E4_lv>
	<E5_id>501</E5_id>
	<E5_lv>1</E5_lv>
	<E6_id>501</E6_id>
	<E6_lv>1</E6_lv>
	<Geth>7</Geth>
	<Experience>90</Experience>
</mst_mapenemy2>
<mst_mapenemy2>
	<Id>1230706</Id>
	<Maparea_id>12</Maparea_id>
	<Mapinfo_no>3</Mapinfo_no>
	<Enemy_list_id>12307</Enemy_list_id>
	<Boss>0</Boss>
	<Deck_id>6</Deck_id>
	<Deck_name>MI島哨戒部隊</Deck_name>
	<Formation_id>2</Formation_id>
	<E1_id>555</E1_id>
	<E1_lv>1</E1_lv>
	<E2_id>554</E2_id>
	<E2_lv>1</E2_lv>
	<E3_id>575</E3_id>
	<E3_lv>1</E3_lv>
	<E4_id>575</E4_id>
	<E4_lv>1</E4_lv>
	<E5_id>501</E5_id>
	<E5_lv>1</E5_lv>
	<E6_id>501</E6_id>
	<E6_lv>1</E6_lv>
	<Geth>7</Geth>
	<Experience>90</Experience>
</mst_mapenemy2>
<mst_mapenemy2>
	<Id>1230707</Id>
	<Maparea_id>12</Maparea_id>
	<Mapinfo_no>3</Mapinfo_no>
	<Enemy_list_id>12307</Enemy_list_id>
	<Boss>0</Boss>
	<Deck_id>7</Deck_id>
	<Deck_name>MI島哨戒部隊</Deck_name>
	<Formation_id>1</Formation_id>
	<E1_id>555</E1_id>
	<E1_lv>1</E1_lv>
	<E2_id>518</E2_id>
	<E2_lv>1</E2_lv>
	<E3_id>575</E3_id>
	<E3_lv>1</E3_lv>
	<E4_id>575</E4_id>
	<E4_lv>1</E4_lv>
	<E5_id>501</E5_id>
	<E5_lv>1</E5_lv>
	<E6_id>501</E6_id>
	<E6_lv>1</E6_lv>
	<Geth>7</Geth>
	<Experience>80</Experience>
</mst_mapenemy2>
<mst_mapenemy2>
	<Id>1230708</Id>
	<Maparea_id>12</Maparea_id>
	<Mapinfo_no>3</Mapinfo_no>
	<Enemy_list_id>12307</Enemy_list_id>
	<Boss>0</Boss>
	<Deck_id>8</Deck_id>
	<Deck_name>MI島哨戒部隊</Deck_name>
	<Formation_id>2</Formation_id>
	<E1_id>555</E1_id>
	<E1_lv>1</E1_lv>
	<E2_id>518</E2_id>
	<E2_lv>1</E2_lv>
	<E3_id>575</E3_id>
	<E3_lv>1</E3_lv>
	<E4_id>575</E4_id>
	<E4_lv>1</E4_lv>
	<E5_id>501</E5_id>
	<E5_lv>1</E5_lv>
	<E6_id>501</E6_id>
	<E6_lv>1</E6_lv>
	<Geth>7</Geth>
	<Experience>80</Experience>
</mst_mapenemy2>
<mst_mapenemy2>
	<Id>1230709</Id>
	<Maparea_id>12</Maparea_id>
	<Mapinfo_no>3</Mapinfo_no>
	<Enemy_list_id>12307</Enemy_list_id>
	<Boss>0</Boss>
	<Deck_id>9</Deck_id>
	<Deck_name>MI島哨戒部隊</Deck_name>
	<Formation_id>2</Formation_id>
	<E1_id>555</E1_id>
	<E1_lv>1</E1_lv>
	<E2_id>518</E2_id>
	<E2_lv>1</E2_lv>
	<E3_id>575</E3_id>
	<E3_lv>1</E3_lv>
	<E4_id>501</E4_id>
	<E4_lv>1</E4_lv>
	<E5_id>501</E5_id>
	<E5_lv>1</E5_lv>
	<E6_id>501</E6_id>
	<E6_lv>1</E6_lv>
	<Geth>7</Geth>
	<Experience>70</Experience>
</mst_mapenemy2>
<mst_mapenemy2>
	<Id>1230801</Id>
	<Maparea_id>12</Maparea_id>
	<Mapinfo_no>3</Mapinfo_no>
	<Enemy_list_id>12308</Enemy_list_id>
	<Boss>0</Boss>
	<Deck_id>1</Deck_id>
	<Deck_name>任務部隊 Y群</Deck_name>
	<Formation_id>3</Formation_id>
	<E1_id>586</E1_id>
	<E1_lv>1</E1_lv>
	<E2_id>527</E2_id>
	<E2_lv>1</E2_lv>
	<E3_id>592</E3_id>
	<E3_lv>1</E3_lv>
	<E4_id>576</E4_id>
	<E4_lv>1</E4_lv>
	<E5_id>576</E5_id>
	<E5_lv>1</E5_lv>
	<E6_id>576</E6_id>
	<E6_lv>1</E6_lv>
	<Geth>0</Geth>
	<Experience>390</Experience>
</mst_mapenemy2>
<mst_mapenemy2>
	<Id>1230802</Id>
	<Maparea_id>12</Maparea_id>
	<Mapinfo_no>3</Mapinfo_no>
	<Enemy_list_id>12308</Enemy_list_id>
	<Boss>0</Boss>
	<Deck_id>2</Deck_id>
	<Deck_name>任務部隊 Y群</Deck_name>
	<Formation_id>3</Formation_id>
	<E1_id>586</E1_id>
	<E1_lv>1</E1_lv>
	<E2_id>527</E2_id>
	<E2_lv>1</E2_lv>
	<E3_id>592</E3_id>
	<E3_lv>1</E3_lv>
	<E4_id>576</E4_id>
	<E4_lv>1</E4_lv>
	<E5_id>576</E5_id>
	<E5_lv>1</E5_lv>
	<E6_id>0</E6_id>
	<E6_lv>0</E6_lv>
	<Geth>0</Geth>
	<Experience>350</Experience>
</mst_mapenemy2>
<mst_mapenemy2>
	<Id>1230803</Id>
	<Maparea_id>12</Maparea_id>
	<Mapinfo_no>3</Mapinfo_no>
	<Enemy_list_id>12308</Enemy_list_id>
	<Boss>0</Boss>
	<Deck_id>3</Deck_id>
	<Deck_name>任務部隊 Y群</Deck_name>
	<Formation_id>3</Formation_id>
	<E1_id>586</E1_id>
	<E1_lv>1</E1_lv>
	<E2_id>527</E2_id>
	<E2_lv>1</E2_lv>
	<E3_id>592</E3_id>
	<E3_lv>1</E3_lv>
	<E4_id>575</E4_id>
	<E4_lv>1</E4_lv>
	<E5_id>575</E5_id>
	<E5_lv>1</E5_lv>
	<E6_id>0</E6_id>
	<E6_lv>0</E6_lv>
	<Geth>0</Geth>
	<Experience>330</Experience>
</mst_mapenemy2>
<mst_mapenemy2>
	<Id>1230804</Id>
	<Maparea_id>12</Maparea_id>
	<Mapinfo_no>3</Mapinfo_no>
	<Enemy_list_id>12308</Enemy_list_id>
	<Boss>0</Boss>
	<Deck_id>4</Deck_id>
	<Deck_name>任務部隊 Y群</Deck_name>
	<Formation_id>3</Formation_id>
	<E1_id>586</E1_id>
	<E1_lv>1</E1_lv>
	<E2_id>527</E2_id>
	<E2_lv>1</E2_lv>
	<E3_id>591</E3_id>
	<E3_lv>1</E3_lv>
	<E4_id>575</E4_id>
	<E4_lv>1</E4_lv>
	<E5_id>575</E5_id>
	<E5_lv>1</E5_lv>
	<E6_id>0</E6_id>
	<E6_lv>0</E6_lv>
	<Geth>0</Geth>
	<Experience>300</Experience>
</mst_mapenemy2>
<mst_mapenemy2>
	<Id>1230805</Id>
	<Maparea_id>12</Maparea_id>
	<Mapinfo_no>3</Mapinfo_no>
	<Enemy_list_id>12308</Enemy_list_id>
	<Boss>0</Boss>
	<Deck_id>5</Deck_id>
	<Deck_name>任務部隊 Y群</Deck_name>
	<Formation_id>3</Formation_id>
	<E1_id>586</E1_id>
	<E1_lv>1</E1_lv>
	<E2_id>522</E2_id>
	<E2_lv>1</E2_lv>
	<E3_id>591</E3_id>
	<E3_lv>1</E3_lv>
	<E4_id>575</E4_id>
	<E4_lv>1</E4_lv>
	<E5_id>575</E5_id>
	<E5_lv>1</E5_lv>
	<E6_id>0</E6_id>
	<E6_lv>0</E6_lv>
	<Geth>1</Geth>
	<Experience>280</Experience>
</mst_mapenemy2>
<mst_mapenemy2>
	<Id>1230806</Id>
	<Maparea_id>12</Maparea_id>
	<Mapinfo_no>3</Mapinfo_no>
	<Enemy_list_id>12308</Enemy_list_id>
	<Boss>0</Boss>
	<Deck_id>6</Deck_id>
	<Deck_name>任務部隊 Y群</Deck_name>
	<Formation_id>3</Formation_id>
	<E1_id>586</E1_id>
	<E1_lv>1</E1_lv>
	<E2_id>522</E2_id>
	<E2_lv>1</E2_lv>
	<E3_id>591</E3_id>
	<E3_lv>1</E3_lv>
	<E4_id>501</E4_id>
	<E4_lv>1</E4_lv>
	<E5_id>501</E5_id>
	<E5_lv>1</E5_lv>
	<E6_id>0</E6_id>
	<E6_lv>0</E6_lv>
	<Geth>1</Geth>
	<Experience>260</Experience>
</mst_mapenemy2>
<mst_mapenemy2>
	<Id>1230807</Id>
	<Maparea_id>12</Maparea_id>
	<Mapinfo_no>3</Mapinfo_no>
	<Enemy_list_id>12308</Enemy_list_id>
	<Boss>0</Boss>
	<Deck_id>7</Deck_id>
	<Deck_name>任務部隊 Y群</Deck_name>
	<Formation_id>3</Formation_id>
	<E1_id>586</E1_id>
	<E1_lv>1</E1_lv>
	<E2_id>522</E2_id>
	<E2_lv>1</E2_lv>
	<E3_id>575</E3_id>
	<E3_lv>1</E3_lv>
	<E4_id>501</E4_id>
	<E4_lv>1</E4_lv>
	<E5_id>501</E5_id>
	<E5_lv>1</E5_lv>
	<E6_id>0</E6_id>
	<E6_lv>0</E6_lv>
	<Geth>1</Geth>
	<Experience>240</Experience>
</mst_mapenemy2>
<mst_mapenemy2>
	<Id>1230808</Id>
	<Maparea_id>12</Maparea_id>
	<Mapinfo_no>3</Mapinfo_no>
	<Enemy_list_id>12308</Enemy_list_id>
	<Boss>0</Boss>
	<Deck_id>8</Deck_id>
	<Deck_name>任務部隊 Y群</Deck_name>
	<Formation_id>3</Formation_id>
	<E1_id>586</E1_id>
	<E1_lv>1</E1_lv>
	<E2_id>522</E2_id>
	<E2_lv>1</E2_lv>
	<E3_id>501</E3_id>
	<E3_lv>1</E3_lv>
	<E4_id>501</E4_id>
	<E4_lv>1</E4_lv>
	<E5_id>0</E5_id>
	<E5_lv>0</E5_lv>
	<E6_id>0</E6_id>
	<E6_lv>0</E6_lv>
	<Geth>2</Geth>
	<Experience>220</Experience>
</mst_mapenemy2>
<mst_mapenemy2>
	<Id>1230809</Id>
	<Maparea_id>12</Maparea_id>
	<Mapinfo_no>3</Mapinfo_no>
	<Enemy_list_id>12308</Enemy_list_id>
	<Boss>0</Boss>
	<Deck_id>9</Deck_id>
	<Deck_name>任務部隊 Y群</Deck_name>
	<Formation_id>3</Formation_id>
	<E1_id>586</E1_id>
	<E1_lv>1</E1_lv>
	<E2_id>501</E2_id>
	<E2_lv>1</E2_lv>
	<E3_id>501</E3_id>
	<E3_lv>1</E3_lv>
	<E4_id>0</E4_id>
	<E4_lv>0</E4_lv>
	<E5_id>0</E5_id>
	<E5_lv>0</E5_lv>
	<E6_id>0</E6_id>
	<E6_lv>0</E6_lv>
	<Geth>2</Geth>
	<Experience>220</Experience>
</mst_mapenemy2>
<mst_mapenemy2>
	<Id>1230901</Id>
	<Maparea_id>12</Maparea_id>
	<Mapinfo_no>3</Mapinfo_no>
	<Enemy_list_id>12309</Enemy_list_id>
	<Boss>1</Boss>
	<Deck_id>1</Deck_id>
	<Deck_name>MI島基地守備隊</Deck_name>
	<Formation_id>3</Formation_id>
	<E1_id>608</E1_id>
	<E1_lv>1</E1_lv>
	<E2_id>536</E2_id>
	<E2_lv>1</E2_lv>
	<E3_id>537</E3_id>
	<E3_lv>1</E3_lv>
	<E4_id>538</E4_id>
	<E4_lv>1</E4_lv>
	<E5_id>558</E5_id>
	<E5_lv>1</E5_lv>
	<E6_id>558</E6_id>
	<E6_lv>1</E6_lv>
	<Geth>0</Geth>
	<Experience>330</Experience>
</mst_mapenemy2>
<mst_mapenemy2>
	<Id>1230902</Id>
	<Maparea_id>12</Maparea_id>
	<Mapinfo_no>3</Mapinfo_no>
	<Enemy_list_id>12309</Enemy_list_id>
	<Boss>1</Boss>
	<Deck_id>2</Deck_id>
	<Deck_name>MI島基地守備隊</Deck_name>
	<Formation_id>3</Formation_id>
	<E1_id>607</E1_id>
	<E1_lv>1</E1_lv>
	<E2_id>536</E2_id>
	<E2_lv>1</E2_lv>
	<E3_id>537</E3_id>
	<E3_lv>1</E3_lv>
	<E4_id>538</E4_id>
	<E4_lv>1</E4_lv>
	<E5_id>558</E5_id>
	<E5_lv>1</E5_lv>
	<E6_id>558</E6_id>
	<E6_lv>1</E6_lv>
	<Geth>0</Geth>
	<Experience>320</Experience>
</mst_mapenemy2>
<mst_mapenemy2>
	<Id>1230903</Id>
	<Maparea_id>12</Maparea_id>
	<Mapinfo_no>3</Mapinfo_no>
	<Enemy_list_id>12309</Enemy_list_id>
	<Boss>1</Boss>
	<Deck_id>3</Deck_id>
	<Deck_name>MI島基地守備隊</Deck_name>
	<Formation_id>3</Formation_id>
	<E1_id>606</E1_id>
	<E1_lv>1</E1_lv>
	<E2_id>536</E2_id>
	<E2_lv>1</E2_lv>
	<E3_id>537</E3_id>
	<E3_lv>1</E3_lv>
	<E4_id>538</E4_id>
	<E4_lv>1</E4_lv>
	<E5_id>558</E5_id>
	<E5_lv>1</E5_lv>
	<E6_id>558</E6_id>
	<E6_lv>1</E6_lv>
	<Geth>0</Geth>
	<Experience>310</Experience>
</mst_mapenemy2>
<mst_mapenemy2>
	<Id>1230904</Id>
	<Maparea_id>12</Maparea_id>
	<Mapinfo_no>3</Mapinfo_no>
	<Enemy_list_id>12309</Enemy_list_id>
	<Boss>1</Boss>
	<Deck_id>4</Deck_id>
	<Deck_name>MI島基地守備隊</Deck_name>
	<Formation_id>3</Formation_id>
	<E1_id>605</E1_id>
	<E1_lv>1</E1_lv>
	<E2_id>536</E2_id>
	<E2_lv>1</E2_lv>
	<E3_id>537</E3_id>
	<E3_lv>1</E3_lv>
	<E4_id>538</E4_id>
	<E4_lv>1</E4_lv>
	<E5_id>558</E5_id>
	<E5_lv>1</E5_lv>
	<E6_id>558</E6_id>
	<E6_lv>1</E6_lv>
	<Geth>0</Geth>
	<Experience>300</Experience>
</mst_mapenemy2>
<mst_mapenemy2>
	<Id>1230905</Id>
	<Maparea_id>12</Maparea_id>
	<Mapinfo_no>3</Mapinfo_no>
	<Enemy_list_id>12309</Enemy_list_id>
	<Boss>1</Boss>
	<Deck_id>5</Deck_id>
	<Deck_name>MI島基地守備隊</Deck_name>
	<Formation_id>3</Formation_id>
	<E1_id>605</E1_id>
	<E1_lv>1</E1_lv>
	<E2_id>536</E2_id>
	<E2_lv>1</E2_lv>
	<E3_id>537</E3_id>
	<E3_lv>1</E3_lv>
	<E4_id>538</E4_id>
	<E4_lv>1</E4_lv>
	<E5_id>526</E5_id>
	<E5_lv>1</E5_lv>
	<E6_id>526</E6_id>
	<E6_lv>1</E6_lv>
	<Geth>1</Geth>
	<Experience>290</Experience>
</mst_mapenemy2>
<mst_mapenemy2>
	<Id>1230906</Id>
	<Maparea_id>12</Maparea_id>
	<Mapinfo_no>3</Mapinfo_no>
	<Enemy_list_id>12309</Enemy_list_id>
	<Boss>1</Boss>
	<Deck_id>6</Deck_id>
	<Deck_name>MI島基地守備隊</Deck_name>
	<Formation_id>3</Formation_id>
	<E1_id>574</E1_id>
	<E1_lv>1</E1_lv>
	<E2_id>536</E2_id>
	<E2_lv>1</E2_lv>
	<E3_id>537</E3_id>
	<E3_lv>1</E3_lv>
	<E4_id>538</E4_id>
	<E4_lv>1</E4_lv>
	<E5_id>513</E5_id>
	<E5_lv>1</E5_lv>
	<E6_id>513</E6_id>
	<E6_lv>1</E6_lv>
	<Geth>1</Geth>
	<Experience>280</Experience>
</mst_mapenemy2>
<mst_mapenemy2>
	<Id>1230907</Id>
	<Maparea_id>12</Maparea_id>
	<Mapinfo_no>3</Mapinfo_no>
	<Enemy_list_id>12309</Enemy_list_id>
	<Boss>1</Boss>
	<Deck_id>7</Deck_id>
	<Deck_name>MI島基地守備隊</Deck_name>
	<Formation_id>3</Formation_id>
	<E1_id>574</E1_id>
	<E1_lv>1</E1_lv>
	<E2_id>536</E2_id>
	<E2_lv>1</E2_lv>
	<E3_id>537</E3_id>
	<E3_lv>1</E3_lv>
	<E4_id>513</E4_id>
	<E4_lv>1</E4_lv>
	<E5_id>513</E5_id>
	<E5_lv>1</E5_lv>
	<E6_id>0</E6_id>
	<E6_lv>0</E6_lv>
	<Geth>1</Geth>
	<Experience>270</Experience>
</mst_mapenemy2>
<mst_mapenemy2>
	<Id>1230908</Id>
	<Maparea_id>12</Maparea_id>
	<Mapinfo_no>3</Mapinfo_no>
	<Enemy_list_id>12309</Enemy_list_id>
	<Boss>1</Boss>
	<Deck_id>8</Deck_id>
	<Deck_name>MI島基地守備隊</Deck_name>
	<Formation_id>3</Formation_id>
	<E1_id>574</E1_id>
	<E1_lv>1</E1_lv>
	<E2_id>513</E2_id>
	<E2_lv>1</E2_lv>
	<E3_id>513</E3_id>
	<E3_lv>1</E3_lv>
	<E4_id>0</E4_id>
	<E4_lv>0</E4_lv>
	<E5_id>0</E5_id>
	<E5_lv>0</E5_lv>
	<E6_id>0</E6_id>
	<E6_lv>0</E6_lv>
	<Geth>2</Geth>
	<Experience>240</Experience>
</mst_mapenemy2>
<mst_mapenemy2>
	<Id>1230909</Id>
	<Maparea_id>12</Maparea_id>
	<Mapinfo_no>3</Mapinfo_no>
	<Enemy_list_id>12309</Enemy_list_id>
	<Boss>1</Boss>
	<Deck_id>9</Deck_id>
	<Deck_name>MI島基地守備隊</Deck_name>
	<Formation_id>3</Formation_id>
	<E1_id>574</E1_id>
	<E1_lv>1</E1_lv>
	<E2_id>513</E2_id>
	<E2_lv>1</E2_lv>
	<E3_id>0</E3_id>
	<E3_lv>0</E3_lv>
	<E4_id>0</E4_id>
	<E4_lv>0</E4_lv>
	<E5_id>0</E5_id>
	<E5_lv>0</E5_lv>
	<E6_id>0</E6_id>
	<E6_lv>0</E6_lv>
	<Geth>3</Geth>
	<Experience>230</Experience>
</mst_mapenemy2>
</mst_mapenemy2_data>
