<?xml version="1.0" encoding="utf-8"?>
<mst_mapenemy2_data xmlns:i="http://www.w3.org/2001/XMLSchema-instance">
<mst_mapenemy2>
	<Id>1530101</Id>
	<Maparea_id>15</Maparea_id>
	<Mapinfo_no>3</Mapinfo_no>
	<Enemy_list_id>15301</Enemy_list_id>
	<Boss>0</Boss>
	<Deck_id>1</Deck_id>
	<Deck_name>西海岸潜水艦哨戒線A</Deck_name>
	<Formation_id>4</Formation_id>
	<E1_id>572</E1_id>
	<E1_lv>50</E1_lv>
	<E2_id>571</E2_id>
	<E2_lv>50</E2_lv>
	<E3_id>533</E3_id>
	<E3_lv>50</E3_lv>
	<E4_id>533</E4_id>
	<E4_lv>50</E4_lv>
	<E5_id>0</E5_id>
	<E5_lv>0</E5_lv>
	<E6_id>0</E6_id>
	<E6_lv>0</E6_lv>
	<Geth>40</Geth>
	<Experience>220</Experience>
</mst_mapenemy2>
<mst_mapenemy2>
	<Id>1530102</Id>
	<Maparea_id>15</Maparea_id>
	<Mapinfo_no>3</Mapinfo_no>
	<Enemy_list_id>15301</Enemy_list_id>
	<Boss>0</Boss>
	<Deck_id>2</Deck_id>
	<Deck_name>西海岸潜水艦哨戒線A</Deck_name>
	<Formation_id>4</Formation_id>
	<E1_id>572</E1_id>
	<E1_lv>50</E1_lv>
	<E2_id>571</E2_id>
	<E2_lv>50</E2_lv>
	<E3_id>533</E3_id>
	<E3_lv>50</E3_lv>
	<E4_id>532</E4_id>
	<E4_lv>50</E4_lv>
	<E5_id>0</E5_id>
	<E5_lv>0</E5_lv>
	<E6_id>0</E6_id>
	<E6_lv>0</E6_lv>
	<Geth>40</Geth>
	<Experience>210</Experience>
</mst_mapenemy2>
<mst_mapenemy2>
	<Id>1530103</Id>
	<Maparea_id>15</Maparea_id>
	<Mapinfo_no>3</Mapinfo_no>
	<Enemy_list_id>15301</Enemy_list_id>
	<Boss>0</Boss>
	<Deck_id>3</Deck_id>
	<Deck_name>西海岸潜水艦哨戒線A</Deck_name>
	<Formation_id>4</Formation_id>
	<E1_id>572</E1_id>
	<E1_lv>50</E1_lv>
	<E2_id>533</E2_id>
	<E2_lv>50</E2_lv>
	<E3_id>533</E3_id>
	<E3_lv>50</E3_lv>
	<E4_id>532</E4_id>
	<E4_lv>50</E4_lv>
	<E5_id>0</E5_id>
	<E5_lv>0</E5_lv>
	<E6_id>0</E6_id>
	<E6_lv>0</E6_lv>
	<Geth>40</Geth>
	<Experience>200</Experience>
</mst_mapenemy2>
<mst_mapenemy2>
	<Id>1530104</Id>
	<Maparea_id>15</Maparea_id>
	<Mapinfo_no>3</Mapinfo_no>
	<Enemy_list_id>15301</Enemy_list_id>
	<Boss>0</Boss>
	<Deck_id>4</Deck_id>
	<Deck_name>西海岸潜水艦哨戒線A</Deck_name>
	<Formation_id>4</Formation_id>
	<E1_id>572</E1_id>
	<E1_lv>50</E1_lv>
	<E2_id>533</E2_id>
	<E2_lv>50</E2_lv>
	<E3_id>532</E3_id>
	<E3_lv>50</E3_lv>
	<E4_id>532</E4_id>
	<E4_lv>50</E4_lv>
	<E5_id>0</E5_id>
	<E5_lv>0</E5_lv>
	<E6_id>0</E6_id>
	<E6_lv>0</E6_lv>
	<Geth>40</Geth>
	<Experience>190</Experience>
</mst_mapenemy2>
<mst_mapenemy2>
	<Id>1530105</Id>
	<Maparea_id>15</Maparea_id>
	<Mapinfo_no>3</Mapinfo_no>
	<Enemy_list_id>15301</Enemy_list_id>
	<Boss>0</Boss>
	<Deck_id>5</Deck_id>
	<Deck_name>西海岸潜水艦哨戒線A</Deck_name>
	<Formation_id>4</Formation_id>
	<E1_id>572</E1_id>
	<E1_lv>50</E1_lv>
	<E2_id>533</E2_id>
	<E2_lv>50</E2_lv>
	<E3_id>532</E3_id>
	<E3_lv>50</E3_lv>
	<E4_id>530</E4_id>
	<E4_lv>50</E4_lv>
	<E5_id>0</E5_id>
	<E5_lv>0</E5_lv>
	<E6_id>0</E6_id>
	<E6_lv>0</E6_lv>
	<Geth>40</Geth>
	<Experience>170</Experience>
</mst_mapenemy2>
<mst_mapenemy2>
	<Id>1530106</Id>
	<Maparea_id>15</Maparea_id>
	<Mapinfo_no>3</Mapinfo_no>
	<Enemy_list_id>15301</Enemy_list_id>
	<Boss>0</Boss>
	<Deck_id>6</Deck_id>
	<Deck_name>西海岸潜水艦哨戒線A</Deck_name>
	<Formation_id>4</Formation_id>
	<E1_id>572</E1_id>
	<E1_lv>50</E1_lv>
	<E2_id>533</E2_id>
	<E2_lv>50</E2_lv>
	<E3_id>530</E3_id>
	<E3_lv>50</E3_lv>
	<E4_id>530</E4_id>
	<E4_lv>50</E4_lv>
	<E5_id>0</E5_id>
	<E5_lv>0</E5_lv>
	<E6_id>0</E6_id>
	<E6_lv>0</E6_lv>
	<Geth>40</Geth>
	<Experience>160</Experience>
</mst_mapenemy2>
<mst_mapenemy2>
	<Id>1530107</Id>
	<Maparea_id>15</Maparea_id>
	<Mapinfo_no>3</Mapinfo_no>
	<Enemy_list_id>15301</Enemy_list_id>
	<Boss>0</Boss>
	<Deck_id>7</Deck_id>
	<Deck_name>西海岸潜水艦哨戒線A</Deck_name>
	<Formation_id>4</Formation_id>
	<E1_id>572</E1_id>
	<E1_lv>50</E1_lv>
	<E2_id>533</E2_id>
	<E2_lv>50</E2_lv>
	<E3_id>530</E3_id>
	<E3_lv>50</E3_lv>
	<E4_id>0</E4_id>
	<E4_lv>0</E4_lv>
	<E5_id>0</E5_id>
	<E5_lv>0</E5_lv>
	<E6_id>0</E6_id>
	<E6_lv>0</E6_lv>
	<Geth>40</Geth>
	<Experience>150</Experience>
</mst_mapenemy2>
<mst_mapenemy2>
	<Id>1530108</Id>
	<Maparea_id>15</Maparea_id>
	<Mapinfo_no>3</Mapinfo_no>
	<Enemy_list_id>15301</Enemy_list_id>
	<Boss>0</Boss>
	<Deck_id>8</Deck_id>
	<Deck_name>西海岸潜水艦哨戒線A</Deck_name>
	<Formation_id>4</Formation_id>
	<E1_id>572</E1_id>
	<E1_lv>50</E1_lv>
	<E2_id>531</E2_id>
	<E2_lv>50</E2_lv>
	<E3_id>530</E3_id>
	<E3_lv>50</E3_lv>
	<E4_id>0</E4_id>
	<E4_lv>0</E4_lv>
	<E5_id>0</E5_id>
	<E5_lv>0</E5_lv>
	<E6_id>0</E6_id>
	<E6_lv>0</E6_lv>
	<Geth>40</Geth>
	<Experience>140</Experience>
</mst_mapenemy2>
<mst_mapenemy2>
	<Id>1530109</Id>
	<Maparea_id>15</Maparea_id>
	<Mapinfo_no>3</Mapinfo_no>
	<Enemy_list_id>15301</Enemy_list_id>
	<Boss>0</Boss>
	<Deck_id>9</Deck_id>
	<Deck_name>西海岸潜水艦哨戒線A</Deck_name>
	<Formation_id>4</Formation_id>
	<E1_id>571</E1_id>
	<E1_lv>50</E1_lv>
	<E2_id>531</E2_id>
	<E2_lv>50</E2_lv>
	<E3_id>530</E3_id>
	<E3_lv>50</E3_lv>
	<E4_id>0</E4_id>
	<E4_lv>0</E4_lv>
	<E5_id>0</E5_id>
	<E5_lv>0</E5_lv>
	<E6_id>0</E6_id>
	<E6_lv>0</E6_lv>
	<Geth>40</Geth>
	<Experience>120</Experience>
</mst_mapenemy2>
<mst_mapenemy2>
	<Id>1530201</Id>
	<Maparea_id>15</Maparea_id>
	<Mapinfo_no>3</Mapinfo_no>
	<Enemy_list_id>15302</Enemy_list_id>
	<Boss>0</Boss>
	<Deck_id>1</Deck_id>
	<Deck_name>西海岸潜水艦哨戒線B</Deck_name>
	<Formation_id>4</Formation_id>
	<E1_id>572</E1_id>
	<E1_lv>50</E1_lv>
	<E2_id>533</E2_id>
	<E2_lv>50</E2_lv>
	<E3_id>533</E3_id>
	<E3_lv>50</E3_lv>
	<E4_id>533</E4_id>
	<E4_lv>50</E4_lv>
	<E5_id>0</E5_id>
	<E5_lv>0</E5_lv>
	<E6_id>0</E6_id>
	<E6_lv>0</E6_lv>
	<Geth>40</Geth>
	<Experience>200</Experience>
</mst_mapenemy2>
<mst_mapenemy2>
	<Id>1530202</Id>
	<Maparea_id>15</Maparea_id>
	<Mapinfo_no>3</Mapinfo_no>
	<Enemy_list_id>15302</Enemy_list_id>
	<Boss>0</Boss>
	<Deck_id>2</Deck_id>
	<Deck_name>西海岸潜水艦哨戒線B</Deck_name>
	<Formation_id>4</Formation_id>
	<E1_id>572</E1_id>
	<E1_lv>50</E1_lv>
	<E2_id>533</E2_id>
	<E2_lv>50</E2_lv>
	<E3_id>532</E3_id>
	<E3_lv>50</E3_lv>
	<E4_id>532</E4_id>
	<E4_lv>50</E4_lv>
	<E5_id>0</E5_id>
	<E5_lv>0</E5_lv>
	<E6_id>0</E6_id>
	<E6_lv>0</E6_lv>
	<Geth>40</Geth>
	<Experience>190</Experience>
</mst_mapenemy2>
<mst_mapenemy2>
	<Id>1530203</Id>
	<Maparea_id>15</Maparea_id>
	<Mapinfo_no>3</Mapinfo_no>
	<Enemy_list_id>15302</Enemy_list_id>
	<Boss>0</Boss>
	<Deck_id>3</Deck_id>
	<Deck_name>西海岸潜水艦哨戒線B</Deck_name>
	<Formation_id>4</Formation_id>
	<E1_id>572</E1_id>
	<E1_lv>50</E1_lv>
	<E2_id>533</E2_id>
	<E2_lv>50</E2_lv>
	<E3_id>531</E3_id>
	<E3_lv>50</E3_lv>
	<E4_id>531</E4_id>
	<E4_lv>50</E4_lv>
	<E5_id>0</E5_id>
	<E5_lv>0</E5_lv>
	<E6_id>0</E6_id>
	<E6_lv>0</E6_lv>
	<Geth>40</Geth>
	<Experience>170</Experience>
</mst_mapenemy2>
<mst_mapenemy2>
	<Id>1530204</Id>
	<Maparea_id>15</Maparea_id>
	<Mapinfo_no>3</Mapinfo_no>
	<Enemy_list_id>15302</Enemy_list_id>
	<Boss>0</Boss>
	<Deck_id>4</Deck_id>
	<Deck_name>西海岸潜水艦哨戒線B</Deck_name>
	<Formation_id>4</Formation_id>
	<E1_id>572</E1_id>
	<E1_lv>50</E1_lv>
	<E2_id>533</E2_id>
	<E2_lv>50</E2_lv>
	<E3_id>530</E3_id>
	<E3_lv>50</E3_lv>
	<E4_id>530</E4_id>
	<E4_lv>50</E4_lv>
	<E5_id>0</E5_id>
	<E5_lv>0</E5_lv>
	<E6_id>0</E6_id>
	<E6_lv>0</E6_lv>
	<Geth>40</Geth>
	<Experience>160</Experience>
</mst_mapenemy2>
<mst_mapenemy2>
	<Id>1530205</Id>
	<Maparea_id>15</Maparea_id>
	<Mapinfo_no>3</Mapinfo_no>
	<Enemy_list_id>15302</Enemy_list_id>
	<Boss>0</Boss>
	<Deck_id>5</Deck_id>
	<Deck_name>西海岸潜水艦哨戒線B</Deck_name>
	<Formation_id>4</Formation_id>
	<E1_id>572</E1_id>
	<E1_lv>50</E1_lv>
	<E2_id>532</E2_id>
	<E2_lv>50</E2_lv>
	<E3_id>530</E3_id>
	<E3_lv>50</E3_lv>
	<E4_id>530</E4_id>
	<E4_lv>50</E4_lv>
	<E5_id>0</E5_id>
	<E5_lv>0</E5_lv>
	<E6_id>0</E6_id>
	<E6_lv>0</E6_lv>
	<Geth>40</Geth>
	<Experience>150</Experience>
</mst_mapenemy2>
<mst_mapenemy2>
	<Id>1530206</Id>
	<Maparea_id>15</Maparea_id>
	<Mapinfo_no>3</Mapinfo_no>
	<Enemy_list_id>15302</Enemy_list_id>
	<Boss>0</Boss>
	<Deck_id>6</Deck_id>
	<Deck_name>西海岸潜水艦哨戒線B</Deck_name>
	<Formation_id>4</Formation_id>
	<E1_id>572</E1_id>
	<E1_lv>50</E1_lv>
	<E2_id>530</E2_id>
	<E2_lv>50</E2_lv>
	<E3_id>530</E3_id>
	<E3_lv>50</E3_lv>
	<E4_id>530</E4_id>
	<E4_lv>50</E4_lv>
	<E5_id>0</E5_id>
	<E5_lv>0</E5_lv>
	<E6_id>0</E6_id>
	<E6_lv>0</E6_lv>
	<Geth>40</Geth>
	<Experience>140</Experience>
</mst_mapenemy2>
<mst_mapenemy2>
	<Id>1530207</Id>
	<Maparea_id>15</Maparea_id>
	<Mapinfo_no>3</Mapinfo_no>
	<Enemy_list_id>15302</Enemy_list_id>
	<Boss>0</Boss>
	<Deck_id>7</Deck_id>
	<Deck_name>西海岸潜水艦哨戒線B</Deck_name>
	<Formation_id>4</Formation_id>
	<E1_id>572</E1_id>
	<E1_lv>50</E1_lv>
	<E2_id>530</E2_id>
	<E2_lv>50</E2_lv>
	<E3_id>530</E3_id>
	<E3_lv>50</E3_lv>
	<E4_id>0</E4_id>
	<E4_lv>0</E4_lv>
	<E5_id>0</E5_id>
	<E5_lv>0</E5_lv>
	<E6_id>0</E6_id>
	<E6_lv>0</E6_lv>
	<Geth>40</Geth>
	<Experience>130</Experience>
</mst_mapenemy2>
<mst_mapenemy2>
	<Id>1530208</Id>
	<Maparea_id>15</Maparea_id>
	<Mapinfo_no>3</Mapinfo_no>
	<Enemy_list_id>15302</Enemy_list_id>
	<Boss>0</Boss>
	<Deck_id>8</Deck_id>
	<Deck_name>西海岸潜水艦哨戒線B</Deck_name>
	<Formation_id>4</Formation_id>
	<E1_id>571</E1_id>
	<E1_lv>50</E1_lv>
	<E2_id>530</E2_id>
	<E2_lv>50</E2_lv>
	<E3_id>530</E3_id>
	<E3_lv>50</E3_lv>
	<E4_id>0</E4_id>
	<E4_lv>0</E4_lv>
	<E5_id>0</E5_id>
	<E5_lv>0</E5_lv>
	<E6_id>0</E6_id>
	<E6_lv>0</E6_lv>
	<Geth>40</Geth>
	<Experience>120</Experience>
</mst_mapenemy2>
<mst_mapenemy2>
	<Id>1530209</Id>
	<Maparea_id>15</Maparea_id>
	<Mapinfo_no>3</Mapinfo_no>
	<Enemy_list_id>15302</Enemy_list_id>
	<Boss>0</Boss>
	<Deck_id>9</Deck_id>
	<Deck_name>西海岸潜水艦哨戒線B</Deck_name>
	<Formation_id>4</Formation_id>
	<E1_id>570</E1_id>
	<E1_lv>50</E1_lv>
	<E2_id>530</E2_id>
	<E2_lv>50</E2_lv>
	<E3_id>530</E3_id>
	<E3_lv>50</E3_lv>
	<E4_id>0</E4_id>
	<E4_lv>0</E4_lv>
	<E5_id>0</E5_id>
	<E5_lv>0</E5_lv>
	<E6_id>0</E6_id>
	<E6_lv>0</E6_lv>
	<Geth>40</Geth>
	<Experience>100</Experience>
</mst_mapenemy2>
<mst_mapenemy2>
	<Id>1530301</Id>
	<Maparea_id>15</Maparea_id>
	<Mapinfo_no>3</Mapinfo_no>
	<Enemy_list_id>15303</Enemy_list_id>
	<Boss>0</Boss>
	<Deck_id>1</Deck_id>
	<Deck_name>緊急展開護衛空母群</Deck_name>
	<Formation_id>3</Formation_id>
	<E1_id>560</E1_id>
	<E1_lv>1</E1_lv>
	<E2_id>560</E2_id>
	<E2_lv>1</E2_lv>
	<E3_id>560</E3_id>
	<E3_lv>1</E3_lv>
	<E4_id>592</E4_id>
	<E4_lv>1</E4_lv>
	<E5_id>576</E5_id>
	<E5_lv>1</E5_lv>
	<E6_id>576</E6_id>
	<E6_lv>1</E6_lv>
	<Geth>20</Geth>
	<Experience>210</Experience>
</mst_mapenemy2>
<mst_mapenemy2>
	<Id>1530302</Id>
	<Maparea_id>15</Maparea_id>
	<Mapinfo_no>3</Mapinfo_no>
	<Enemy_list_id>15303</Enemy_list_id>
	<Boss>0</Boss>
	<Deck_id>2</Deck_id>
	<Deck_name>緊急展開護衛空母群</Deck_name>
	<Formation_id>3</Formation_id>
	<E1_id>560</E1_id>
	<E1_lv>1</E1_lv>
	<E2_id>560</E2_id>
	<E2_lv>1</E2_lv>
	<E3_id>523</E3_id>
	<E3_lv>1</E3_lv>
	<E4_id>592</E4_id>
	<E4_lv>1</E4_lv>
	<E5_id>576</E5_id>
	<E5_lv>1</E5_lv>
	<E6_id>576</E6_id>
	<E6_lv>1</E6_lv>
	<Geth>20</Geth>
	<Experience>200</Experience>
</mst_mapenemy2>
<mst_mapenemy2>
	<Id>1530303</Id>
	<Maparea_id>15</Maparea_id>
	<Mapinfo_no>3</Mapinfo_no>
	<Enemy_list_id>15303</Enemy_list_id>
	<Boss>0</Boss>
	<Deck_id>3</Deck_id>
	<Deck_name>緊急展開護衛空母群</Deck_name>
	<Formation_id>3</Formation_id>
	<E1_id>560</E1_id>
	<E1_lv>1</E1_lv>
	<E2_id>560</E2_id>
	<E2_lv>1</E2_lv>
	<E3_id>523</E3_id>
	<E3_lv>1</E3_lv>
	<E4_id>591</E4_id>
	<E4_lv>1</E4_lv>
	<E5_id>576</E5_id>
	<E5_lv>1</E5_lv>
	<E6_id>576</E6_id>
	<E6_lv>1</E6_lv>
	<Geth>19</Geth>
	<Experience>180</Experience>
</mst_mapenemy2>
<mst_mapenemy2>
	<Id>1530304</Id>
	<Maparea_id>15</Maparea_id>
	<Mapinfo_no>3</Mapinfo_no>
	<Enemy_list_id>15303</Enemy_list_id>
	<Boss>0</Boss>
	<Deck_id>4</Deck_id>
	<Deck_name>緊急展開護衛空母群</Deck_name>
	<Formation_id>3</Formation_id>
	<E1_id>560</E1_id>
	<E1_lv>1</E1_lv>
	<E2_id>523</E2_id>
	<E2_lv>1</E2_lv>
	<E3_id>523</E3_id>
	<E3_lv>1</E3_lv>
	<E4_id>591</E4_id>
	<E4_lv>1</E4_lv>
	<E5_id>576</E5_id>
	<E5_lv>1</E5_lv>
	<E6_id>576</E6_id>
	<E6_lv>1</E6_lv>
	<Geth>19</Geth>
	<Experience>160</Experience>
</mst_mapenemy2>
<mst_mapenemy2>
	<Id>1530305</Id>
	<Maparea_id>15</Maparea_id>
	<Mapinfo_no>3</Mapinfo_no>
	<Enemy_list_id>15303</Enemy_list_id>
	<Boss>0</Boss>
	<Deck_id>5</Deck_id>
	<Deck_name>緊急展開護衛空母群</Deck_name>
	<Formation_id>3</Formation_id>
	<E1_id>560</E1_id>
	<E1_lv>1</E1_lv>
	<E2_id>523</E2_id>
	<E2_lv>1</E2_lv>
	<E3_id>523</E3_id>
	<E3_lv>1</E3_lv>
	<E4_id>591</E4_id>
	<E4_lv>1</E4_lv>
	<E5_id>502</E5_id>
	<E5_lv>1</E5_lv>
	<E6_id>502</E6_id>
	<E6_lv>1</E6_lv>
	<Geth>18</Geth>
	<Experience>140</Experience>
</mst_mapenemy2>
<mst_mapenemy2>
	<Id>1530306</Id>
	<Maparea_id>15</Maparea_id>
	<Mapinfo_no>3</Mapinfo_no>
	<Enemy_list_id>15303</Enemy_list_id>
	<Boss>0</Boss>
	<Deck_id>6</Deck_id>
	<Deck_name>緊急展開護衛空母群</Deck_name>
	<Formation_id>3</Formation_id>
	<E1_id>560</E1_id>
	<E1_lv>1</E1_lv>
	<E2_id>523</E2_id>
	<E2_lv>1</E2_lv>
	<E3_id>523</E3_id>
	<E3_lv>1</E3_lv>
	<E4_id>518</E4_id>
	<E4_lv>1</E4_lv>
	<E5_id>502</E5_id>
	<E5_lv>1</E5_lv>
	<E6_id>502</E6_id>
	<E6_lv>1</E6_lv>
	<Geth>18</Geth>
	<Experience>130</Experience>
</mst_mapenemy2>
<mst_mapenemy2>
	<Id>1530307</Id>
	<Maparea_id>15</Maparea_id>
	<Mapinfo_no>3</Mapinfo_no>
	<Enemy_list_id>15303</Enemy_list_id>
	<Boss>0</Boss>
	<Deck_id>7</Deck_id>
	<Deck_name>緊急展開護衛空母群</Deck_name>
	<Formation_id>3</Formation_id>
	<E1_id>523</E1_id>
	<E1_lv>1</E1_lv>
	<E2_id>523</E2_id>
	<E2_lv>1</E2_lv>
	<E3_id>523</E3_id>
	<E3_lv>1</E3_lv>
	<E4_id>518</E4_id>
	<E4_lv>1</E4_lv>
	<E5_id>502</E5_id>
	<E5_lv>1</E5_lv>
	<E6_id>502</E6_id>
	<E6_lv>1</E6_lv>
	<Geth>17</Geth>
	<Experience>120</Experience>
</mst_mapenemy2>
<mst_mapenemy2>
	<Id>1530308</Id>
	<Maparea_id>15</Maparea_id>
	<Mapinfo_no>3</Mapinfo_no>
	<Enemy_list_id>15303</Enemy_list_id>
	<Boss>0</Boss>
	<Deck_id>8</Deck_id>
	<Deck_name>緊急展開護衛空母群</Deck_name>
	<Formation_id>3</Formation_id>
	<E1_id>523</E1_id>
	<E1_lv>1</E1_lv>
	<E2_id>523</E2_id>
	<E2_lv>1</E2_lv>
	<E3_id>510</E3_id>
	<E3_lv>1</E3_lv>
	<E4_id>518</E4_id>
	<E4_lv>1</E4_lv>
	<E5_id>502</E5_id>
	<E5_lv>1</E5_lv>
	<E6_id>502</E6_id>
	<E6_lv>1</E6_lv>
	<Geth>16</Geth>
	<Experience>110</Experience>
</mst_mapenemy2>
<mst_mapenemy2>
	<Id>1530309</Id>
	<Maparea_id>15</Maparea_id>
	<Mapinfo_no>3</Mapinfo_no>
	<Enemy_list_id>15303</Enemy_list_id>
	<Boss>0</Boss>
	<Deck_id>9</Deck_id>
	<Deck_name>緊急展開護衛空母群</Deck_name>
	<Formation_id>3</Formation_id>
	<E1_id>523</E1_id>
	<E1_lv>1</E1_lv>
	<E2_id>510</E2_id>
	<E2_lv>1</E2_lv>
	<E3_id>510</E3_id>
	<E3_lv>1</E3_lv>
	<E4_id>518</E4_id>
	<E4_lv>1</E4_lv>
	<E5_id>502</E5_id>
	<E5_lv>1</E5_lv>
	<E6_id>502</E6_id>
	<E6_lv>1</E6_lv>
	<Geth>15</Geth>
	<Experience>100</Experience>
</mst_mapenemy2>
<mst_mapenemy2>
	<Id>1530401</Id>
	<Maparea_id>15</Maparea_id>
	<Mapinfo_no>3</Mapinfo_no>
	<Enemy_list_id>15304</Enemy_list_id>
	<Boss>0</Boss>
	<Deck_id>1</Deck_id>
	<Deck_name>緊急編成巡洋艦戦隊</Deck_name>
	<Formation_id>1</Formation_id>
	<E1_id>566</E1_id>
	<E1_lv>1</E1_lv>
	<E2_id>555</E2_id>
	<E2_lv>1</E2_lv>
	<E3_id>554</E3_id>
	<E3_lv>1</E3_lv>
	<E4_id>592</E4_id>
	<E4_lv>1</E4_lv>
	<E5_id>577</E5_id>
	<E5_lv>1</E5_lv>
	<E6_id>577</E6_id>
	<E6_lv>1</E6_lv>
	<Geth>20</Geth>
	<Experience>220</Experience>
</mst_mapenemy2>
<mst_mapenemy2>
	<Id>1530402</Id>
	<Maparea_id>15</Maparea_id>
	<Mapinfo_no>3</Mapinfo_no>
	<Enemy_list_id>15304</Enemy_list_id>
	<Boss>0</Boss>
	<Deck_id>2</Deck_id>
	<Deck_name>緊急編成巡洋艦戦隊</Deck_name>
	<Formation_id>1</Formation_id>
	<E1_id>566</E1_id>
	<E1_lv>1</E1_lv>
	<E2_id>555</E2_id>
	<E2_lv>1</E2_lv>
	<E3_id>554</E3_id>
	<E3_lv>1</E3_lv>
	<E4_id>592</E4_id>
	<E4_lv>1</E4_lv>
	<E5_id>576</E5_id>
	<E5_lv>1</E5_lv>
	<E6_id>576</E6_id>
	<E6_lv>1</E6_lv>
	<Geth>20</Geth>
	<Experience>200</Experience>
</mst_mapenemy2>
<mst_mapenemy2>
	<Id>1530403</Id>
	<Maparea_id>15</Maparea_id>
	<Mapinfo_no>3</Mapinfo_no>
	<Enemy_list_id>15304</Enemy_list_id>
	<Boss>0</Boss>
	<Deck_id>3</Deck_id>
	<Deck_name>緊急編成巡洋艦戦隊</Deck_name>
	<Formation_id>1</Formation_id>
	<E1_id>566</E1_id>
	<E1_lv>1</E1_lv>
	<E2_id>555</E2_id>
	<E2_lv>1</E2_lv>
	<E3_id>554</E3_id>
	<E3_lv>1</E3_lv>
	<E4_id>591</E4_id>
	<E4_lv>1</E4_lv>
	<E5_id>576</E5_id>
	<E5_lv>1</E5_lv>
	<E6_id>576</E6_id>
	<E6_lv>1</E6_lv>
	<Geth>20</Geth>
	<Experience>180</Experience>
</mst_mapenemy2>
<mst_mapenemy2>
	<Id>1530404</Id>
	<Maparea_id>15</Maparea_id>
	<Mapinfo_no>3</Mapinfo_no>
	<Enemy_list_id>15304</Enemy_list_id>
	<Boss>0</Boss>
	<Deck_id>4</Deck_id>
	<Deck_name>緊急編成巡洋艦戦隊</Deck_name>
	<Formation_id>1</Formation_id>
	<E1_id>527</E1_id>
	<E1_lv>1</E1_lv>
	<E2_id>555</E2_id>
	<E2_lv>1</E2_lv>
	<E3_id>554</E3_id>
	<E3_lv>1</E3_lv>
	<E4_id>591</E4_id>
	<E4_lv>1</E4_lv>
	<E5_id>576</E5_id>
	<E5_lv>1</E5_lv>
	<E6_id>576</E6_id>
	<E6_lv>1</E6_lv>
	<Geth>18</Geth>
	<Experience>160</Experience>
</mst_mapenemy2>
<mst_mapenemy2>
	<Id>1530405</Id>
	<Maparea_id>15</Maparea_id>
	<Mapinfo_no>3</Mapinfo_no>
	<Enemy_list_id>15304</Enemy_list_id>
	<Boss>0</Boss>
	<Deck_id>5</Deck_id>
	<Deck_name>緊急編成巡洋艦戦隊</Deck_name>
	<Formation_id>2</Formation_id>
	<E1_id>527</E1_id>
	<E1_lv>1</E1_lv>
	<E2_id>555</E2_id>
	<E2_lv>1</E2_lv>
	<E3_id>554</E3_id>
	<E3_lv>1</E3_lv>
	<E4_id>591</E4_id>
	<E4_lv>1</E4_lv>
	<E5_id>576</E5_id>
	<E5_lv>1</E5_lv>
	<E6_id>576</E6_id>
	<E6_lv>1</E6_lv>
	<Geth>16</Geth>
	<Experience>160</Experience>
</mst_mapenemy2>
<mst_mapenemy2>
	<Id>1530406</Id>
	<Maparea_id>15</Maparea_id>
	<Mapinfo_no>3</Mapinfo_no>
	<Enemy_list_id>15304</Enemy_list_id>
	<Boss>0</Boss>
	<Deck_id>6</Deck_id>
	<Deck_name>緊急編成巡洋艦戦隊</Deck_name>
	<Formation_id>1</Formation_id>
	<E1_id>527</E1_id>
	<E1_lv>1</E1_lv>
	<E2_id>555</E2_id>
	<E2_lv>1</E2_lv>
	<E3_id>518</E3_id>
	<E3_lv>1</E3_lv>
	<E4_id>591</E4_id>
	<E4_lv>1</E4_lv>
	<E5_id>576</E5_id>
	<E5_lv>1</E5_lv>
	<E6_id>576</E6_id>
	<E6_lv>1</E6_lv>
	<Geth>14</Geth>
	<Experience>140</Experience>
</mst_mapenemy2>
<mst_mapenemy2>
	<Id>1530407</Id>
	<Maparea_id>15</Maparea_id>
	<Mapinfo_no>3</Mapinfo_no>
	<Enemy_list_id>15304</Enemy_list_id>
	<Boss>0</Boss>
	<Deck_id>7</Deck_id>
	<Deck_name>緊急編成巡洋艦戦隊</Deck_name>
	<Formation_id>2</Formation_id>
	<E1_id>527</E1_id>
	<E1_lv>1</E1_lv>
	<E2_id>555</E2_id>
	<E2_lv>1</E2_lv>
	<E3_id>518</E3_id>
	<E3_lv>1</E3_lv>
	<E4_id>591</E4_id>
	<E4_lv>1</E4_lv>
	<E5_id>576</E5_id>
	<E5_lv>1</E5_lv>
	<E6_id>576</E6_id>
	<E6_lv>1</E6_lv>
	<Geth>14</Geth>
	<Experience>140</Experience>
</mst_mapenemy2>
<mst_mapenemy2>
	<Id>1530408</Id>
	<Maparea_id>15</Maparea_id>
	<Mapinfo_no>3</Mapinfo_no>
	<Enemy_list_id>15304</Enemy_list_id>
	<Boss>0</Boss>
	<Deck_id>8</Deck_id>
	<Deck_name>緊急編成巡洋艦戦隊</Deck_name>
	<Formation_id>2</Formation_id>
	<E1_id>527</E1_id>
	<E1_lv>1</E1_lv>
	<E2_id>519</E2_id>
	<E2_lv>1</E2_lv>
	<E3_id>518</E3_id>
	<E3_lv>1</E3_lv>
	<E4_id>576</E4_id>
	<E4_lv>1</E4_lv>
	<E5_id>502</E5_id>
	<E5_lv>1</E5_lv>
	<E6_id>502</E6_id>
	<E6_lv>1</E6_lv>
	<Geth>12</Geth>
	<Experience>90</Experience>
</mst_mapenemy2>
<mst_mapenemy2>
	<Id>1530409</Id>
	<Maparea_id>15</Maparea_id>
	<Mapinfo_no>3</Mapinfo_no>
	<Enemy_list_id>15304</Enemy_list_id>
	<Boss>0</Boss>
	<Deck_id>9</Deck_id>
	<Deck_name>緊急編成巡洋艦戦隊</Deck_name>
	<Formation_id>2</Formation_id>
	<E1_id>522</E1_id>
	<E1_lv>1</E1_lv>
	<E2_id>518</E2_id>
	<E2_lv>1</E2_lv>
	<E3_id>576</E3_id>
	<E3_lv>1</E3_lv>
	<E4_id>502</E4_id>
	<E4_lv>1</E4_lv>
	<E5_id>502</E5_id>
	<E5_lv>1</E5_lv>
	<E6_id>0</E6_id>
	<E6_lv>0</E6_lv>
	<Geth>12</Geth>
	<Experience>70</Experience>
</mst_mapenemy2>
<mst_mapenemy2>
	<Id>1530501</Id>
	<Maparea_id>15</Maparea_id>
	<Mapinfo_no>3</Mapinfo_no>
	<Enemy_list_id>15305</Enemy_list_id>
	<Boss>0</Boss>
	<Deck_id>1</Deck_id>
	<Deck_name>臨時編成任務群 第I波</Deck_name>
	<Formation_id>3</Formation_id>
	<E1_id>618</E1_id>
	<E1_lv>1</E1_lv>
	<E2_id>579</E2_id>
	<E2_lv>1</E2_lv>
	<E3_id>579</E3_id>
	<E3_lv>1</E3_lv>
	<E4_id>592</E4_id>
	<E4_lv>1</E4_lv>
	<E5_id>577</E5_id>
	<E5_lv>1</E5_lv>
	<E6_id>577</E6_id>
	<E6_lv>1</E6_lv>
	<Geth>15</Geth>
	<Experience>320</Experience>
</mst_mapenemy2>
<mst_mapenemy2>
	<Id>1530502</Id>
	<Maparea_id>15</Maparea_id>
	<Mapinfo_no>3</Mapinfo_no>
	<Enemy_list_id>15305</Enemy_list_id>
	<Boss>0</Boss>
	<Deck_id>2</Deck_id>
	<Deck_name>臨時編成任務群 第I波</Deck_name>
	<Formation_id>3</Formation_id>
	<E1_id>618</E1_id>
	<E1_lv>1</E1_lv>
	<E2_id>579</E2_id>
	<E2_lv>1</E2_lv>
	<E3_id>560</E3_id>
	<E3_lv>1</E3_lv>
	<E4_id>592</E4_id>
	<E4_lv>1</E4_lv>
	<E5_id>576</E5_id>
	<E5_lv>1</E5_lv>
	<E6_id>576</E6_id>
	<E6_lv>1</E6_lv>
	<Geth>15</Geth>
	<Experience>280</Experience>
</mst_mapenemy2>
<mst_mapenemy2>
	<Id>1530503</Id>
	<Maparea_id>15</Maparea_id>
	<Mapinfo_no>3</Mapinfo_no>
	<Enemy_list_id>15305</Enemy_list_id>
	<Boss>0</Boss>
	<Deck_id>3</Deck_id>
	<Deck_name>臨時編成任務群 第I波</Deck_name>
	<Formation_id>3</Formation_id>
	<E1_id>617</E1_id>
	<E1_lv>1</E1_lv>
	<E2_id>560</E2_id>
	<E2_lv>1</E2_lv>
	<E3_id>560</E3_id>
	<E3_lv>1</E3_lv>
	<E4_id>592</E4_id>
	<E4_lv>1</E4_lv>
	<E5_id>576</E5_id>
	<E5_lv>1</E5_lv>
	<E6_id>576</E6_id>
	<E6_lv>1</E6_lv>
	<Geth>15</Geth>
	<Experience>250</Experience>
</mst_mapenemy2>
<mst_mapenemy2>
	<Id>1530504</Id>
	<Maparea_id>15</Maparea_id>
	<Mapinfo_no>3</Mapinfo_no>
	<Enemy_list_id>15305</Enemy_list_id>
	<Boss>0</Boss>
	<Deck_id>4</Deck_id>
	<Deck_name>臨時編成任務群 第I波</Deck_name>
	<Formation_id>3</Formation_id>
	<E1_id>617</E1_id>
	<E1_lv>1</E1_lv>
	<E2_id>560</E2_id>
	<E2_lv>1</E2_lv>
	<E3_id>560</E3_id>
	<E3_lv>1</E3_lv>
	<E4_id>591</E4_id>
	<E4_lv>1</E4_lv>
	<E5_id>576</E5_id>
	<E5_lv>1</E5_lv>
	<E6_id>576</E6_id>
	<E6_lv>1</E6_lv>
	<Geth>14</Geth>
	<Experience>230</Experience>
</mst_mapenemy2>
<mst_mapenemy2>
	<Id>1530505</Id>
	<Maparea_id>15</Maparea_id>
	<Mapinfo_no>3</Mapinfo_no>
	<Enemy_list_id>15305</Enemy_list_id>
	<Boss>0</Boss>
	<Deck_id>5</Deck_id>
	<Deck_name>臨時編成任務群 第I波</Deck_name>
	<Formation_id>3</Formation_id>
	<E1_id>616</E1_id>
	<E1_lv>1</E1_lv>
	<E2_id>560</E2_id>
	<E2_lv>1</E2_lv>
	<E3_id>560</E3_id>
	<E3_lv>1</E3_lv>
	<E4_id>591</E4_id>
	<E4_lv>1</E4_lv>
	<E5_id>576</E5_id>
	<E5_lv>1</E5_lv>
	<E6_id>576</E6_id>
	<E6_lv>1</E6_lv>
	<Geth>14</Geth>
	<Experience>220</Experience>
</mst_mapenemy2>
<mst_mapenemy2>
	<Id>1530506</Id>
	<Maparea_id>15</Maparea_id>
	<Mapinfo_no>3</Mapinfo_no>
	<Enemy_list_id>15305</Enemy_list_id>
	<Boss>0</Boss>
	<Deck_id>6</Deck_id>
	<Deck_name>臨時編成任務群 第I波</Deck_name>
	<Formation_id>3</Formation_id>
	<E1_id>616</E1_id>
	<E1_lv>1</E1_lv>
	<E2_id>523</E2_id>
	<E2_lv>1</E2_lv>
	<E3_id>523</E3_id>
	<E3_lv>1</E3_lv>
	<E4_id>591</E4_id>
	<E4_lv>1</E4_lv>
	<E5_id>576</E5_id>
	<E5_lv>1</E5_lv>
	<E6_id>576</E6_id>
	<E6_lv>1</E6_lv>
	<Geth>14</Geth>
	<Experience>200</Experience>
</mst_mapenemy2>
<mst_mapenemy2>
	<Id>1530507</Id>
	<Maparea_id>15</Maparea_id>
	<Mapinfo_no>3</Mapinfo_no>
	<Enemy_list_id>15305</Enemy_list_id>
	<Boss>0</Boss>
	<Deck_id>7</Deck_id>
	<Deck_name>臨時編成任務群 第I波</Deck_name>
	<Formation_id>3</Formation_id>
	<E1_id>528</E1_id>
	<E1_lv>1</E1_lv>
	<E2_id>523</E2_id>
	<E2_lv>1</E2_lv>
	<E3_id>523</E3_id>
	<E3_lv>1</E3_lv>
	<E4_id>591</E4_id>
	<E4_lv>1</E4_lv>
	<E5_id>576</E5_id>
	<E5_lv>1</E5_lv>
	<E6_id>576</E6_id>
	<E6_lv>1</E6_lv>
	<Geth>13</Geth>
	<Experience>180</Experience>
</mst_mapenemy2>
<mst_mapenemy2>
	<Id>1530508</Id>
	<Maparea_id>15</Maparea_id>
	<Mapinfo_no>3</Mapinfo_no>
	<Enemy_list_id>15305</Enemy_list_id>
	<Boss>0</Boss>
	<Deck_id>8</Deck_id>
	<Deck_name>臨時編成任務群 第I波</Deck_name>
	<Formation_id>3</Formation_id>
	<E1_id>523</E1_id>
	<E1_lv>1</E1_lv>
	<E2_id>523</E2_id>
	<E2_lv>1</E2_lv>
	<E3_id>523</E3_id>
	<E3_lv>1</E3_lv>
	<E4_id>591</E4_id>
	<E4_lv>1</E4_lv>
	<E5_id>502</E5_id>
	<E5_lv>1</E5_lv>
	<E6_id>502</E6_id>
	<E6_lv>1</E6_lv>
	<Geth>13</Geth>
	<Experience>160</Experience>
</mst_mapenemy2>
<mst_mapenemy2>
	<Id>1530509</Id>
	<Maparea_id>15</Maparea_id>
	<Mapinfo_no>3</Mapinfo_no>
	<Enemy_list_id>15305</Enemy_list_id>
	<Boss>0</Boss>
	<Deck_id>9</Deck_id>
	<Deck_name>臨時編成任務群 第I波</Deck_name>
	<Formation_id>3</Formation_id>
	<E1_id>523</E1_id>
	<E1_lv>1</E1_lv>
	<E2_id>523</E2_id>
	<E2_lv>1</E2_lv>
	<E3_id>591</E3_id>
	<E3_lv>1</E3_lv>
	<E4_id>502</E4_id>
	<E4_lv>1</E4_lv>
	<E5_id>502</E5_id>
	<E5_lv>1</E5_lv>
	<E6_id>0</E6_id>
	<E6_lv>0</E6_lv>
	<Geth>13</Geth>
	<Experience>140</Experience>
</mst_mapenemy2>
<mst_mapenemy2>
	<Id>1530601</Id>
	<Maparea_id>15</Maparea_id>
	<Mapinfo_no>3</Mapinfo_no>
	<Enemy_list_id>15306</Enemy_list_id>
	<Boss>0</Boss>
	<Deck_id>1</Deck_id>
	<Deck_name>緊急展開重水雷戦隊</Deck_name>
	<Formation_id>1</Formation_id>
	<E1_id>602</E1_id>
	<E1_lv>1</E1_lv>
	<E2_id>559</E2_id>
	<E2_lv>1</E2_lv>
	<E3_id>559</E3_id>
	<E3_lv>1</E3_lv>
	<E4_id>555</E4_id>
	<E4_lv>1</E4_lv>
	<E5_id>597</E5_id>
	<E5_lv>1</E5_lv>
	<E6_id>597</E6_id>
	<E6_lv>1</E6_lv>
	<Geth>10</Geth>
	<Experience>290</Experience>
</mst_mapenemy2>
<mst_mapenemy2>
	<Id>1530602</Id>
	<Maparea_id>15</Maparea_id>
	<Mapinfo_no>3</Mapinfo_no>
	<Enemy_list_id>15306</Enemy_list_id>
	<Boss>0</Boss>
	<Deck_id>2</Deck_id>
	<Deck_name>緊急展開重水雷戦隊</Deck_name>
	<Formation_id>2</Formation_id>
	<E1_id>601</E1_id>
	<E1_lv>1</E1_lv>
	<E2_id>559</E2_id>
	<E2_lv>1</E2_lv>
	<E3_id>559</E3_id>
	<E3_lv>1</E3_lv>
	<E4_id>555</E4_id>
	<E4_lv>1</E4_lv>
	<E5_id>577</E5_id>
	<E5_lv>1</E5_lv>
	<E6_id>577</E6_id>
	<E6_lv>1</E6_lv>
	<Geth>10</Geth>
	<Experience>240</Experience>
</mst_mapenemy2>
<mst_mapenemy2>
	<Id>1530603</Id>
	<Maparea_id>15</Maparea_id>
	<Mapinfo_no>3</Mapinfo_no>
	<Enemy_list_id>15306</Enemy_list_id>
	<Boss>0</Boss>
	<Deck_id>3</Deck_id>
	<Deck_name>緊急展開重水雷戦隊</Deck_name>
	<Formation_id>1</Formation_id>
	<E1_id>601</E1_id>
	<E1_lv>1</E1_lv>
	<E2_id>559</E2_id>
	<E2_lv>1</E2_lv>
	<E3_id>559</E3_id>
	<E3_lv>1</E3_lv>
	<E4_id>555</E4_id>
	<E4_lv>1</E4_lv>
	<E5_id>576</E5_id>
	<E5_lv>1</E5_lv>
	<E6_id>576</E6_id>
	<E6_lv>1</E6_lv>
	<Geth>10</Geth>
	<Experience>220</Experience>
</mst_mapenemy2>
<mst_mapenemy2>
	<Id>1530604</Id>
	<Maparea_id>15</Maparea_id>
	<Mapinfo_no>3</Mapinfo_no>
	<Enemy_list_id>15306</Enemy_list_id>
	<Boss>0</Boss>
	<Deck_id>4</Deck_id>
	<Deck_name>緊急展開重水雷戦隊</Deck_name>
	<Formation_id>2</Formation_id>
	<E1_id>555</E1_id>
	<E1_lv>1</E1_lv>
	<E2_id>554</E2_id>
	<E2_lv>1</E2_lv>
	<E3_id>559</E3_id>
	<E3_lv>1</E3_lv>
	<E4_id>559</E4_id>
	<E4_lv>1</E4_lv>
	<E5_id>576</E5_id>
	<E5_lv>1</E5_lv>
	<E6_id>576</E6_id>
	<E6_lv>1</E6_lv>
	<Geth>9</Geth>
	<Experience>190</Experience>
</mst_mapenemy2>
<mst_mapenemy2>
	<Id>1530605</Id>
	<Maparea_id>15</Maparea_id>
	<Mapinfo_no>3</Mapinfo_no>
	<Enemy_list_id>15306</Enemy_list_id>
	<Boss>0</Boss>
	<Deck_id>5</Deck_id>
	<Deck_name>緊急展開重水雷戦隊</Deck_name>
	<Formation_id>1</Formation_id>
	<E1_id>555</E1_id>
	<E1_lv>1</E1_lv>
	<E2_id>554</E2_id>
	<E2_lv>1</E2_lv>
	<E3_id>521</E3_id>
	<E3_lv>1</E3_lv>
	<E4_id>521</E4_id>
	<E4_lv>1</E4_lv>
	<E5_id>576</E5_id>
	<E5_lv>1</E5_lv>
	<E6_id>576</E6_id>
	<E6_lv>1</E6_lv>
	<Geth>9</Geth>
	<Experience>160</Experience>
</mst_mapenemy2>
<mst_mapenemy2>
	<Id>1530606</Id>
	<Maparea_id>15</Maparea_id>
	<Mapinfo_no>3</Mapinfo_no>
	<Enemy_list_id>15306</Enemy_list_id>
	<Boss>0</Boss>
	<Deck_id>6</Deck_id>
	<Deck_name>緊急展開重水雷戦隊</Deck_name>
	<Formation_id>2</Formation_id>
	<E1_id>555</E1_id>
	<E1_lv>1</E1_lv>
	<E2_id>518</E2_id>
	<E2_lv>1</E2_lv>
	<E3_id>521</E3_id>
	<E3_lv>1</E3_lv>
	<E4_id>521</E4_id>
	<E4_lv>1</E4_lv>
	<E5_id>576</E5_id>
	<E5_lv>1</E5_lv>
	<E6_id>576</E6_id>
	<E6_lv>1</E6_lv>
	<Geth>9</Geth>
	<Experience>140</Experience>
</mst_mapenemy2>
<mst_mapenemy2>
	<Id>1530607</Id>
	<Maparea_id>15</Maparea_id>
	<Mapinfo_no>3</Mapinfo_no>
	<Enemy_list_id>15306</Enemy_list_id>
	<Boss>0</Boss>
	<Deck_id>7</Deck_id>
	<Deck_name>緊急展開重水雷戦隊</Deck_name>
	<Formation_id>1</Formation_id>
	<E1_id>519</E1_id>
	<E1_lv>1</E1_lv>
	<E2_id>518</E2_id>
	<E2_lv>1</E2_lv>
	<E3_id>521</E3_id>
	<E3_lv>1</E3_lv>
	<E4_id>521</E4_id>
	<E4_lv>1</E4_lv>
	<E5_id>576</E5_id>
	<E5_lv>1</E5_lv>
	<E6_id>576</E6_id>
	<E6_lv>1</E6_lv>
	<Geth>8</Geth>
	<Experience>120</Experience>
</mst_mapenemy2>
<mst_mapenemy2>
	<Id>1530608</Id>
	<Maparea_id>15</Maparea_id>
	<Mapinfo_no>3</Mapinfo_no>
	<Enemy_list_id>15306</Enemy_list_id>
	<Boss>0</Boss>
	<Deck_id>8</Deck_id>
	<Deck_name>緊急展開重水雷戦隊</Deck_name>
	<Formation_id>2</Formation_id>
	<E1_id>519</E1_id>
	<E1_lv>1</E1_lv>
	<E2_id>521</E2_id>
	<E2_lv>1</E2_lv>
	<E3_id>521</E3_id>
	<E3_lv>1</E3_lv>
	<E4_id>576</E4_id>
	<E4_lv>1</E4_lv>
	<E5_id>502</E5_id>
	<E5_lv>1</E5_lv>
	<E6_id>502</E6_id>
	<E6_lv>1</E6_lv>
	<Geth>8</Geth>
	<Experience>100</Experience>
</mst_mapenemy2>
<mst_mapenemy2>
	<Id>1530609</Id>
	<Maparea_id>15</Maparea_id>
	<Mapinfo_no>3</Mapinfo_no>
	<Enemy_list_id>15306</Enemy_list_id>
	<Boss>0</Boss>
	<Deck_id>9</Deck_id>
	<Deck_name>緊急展開重水雷戦隊</Deck_name>
	<Formation_id>2</Formation_id>
	<E1_id>518</E1_id>
	<E1_lv>1</E1_lv>
	<E2_id>521</E2_id>
	<E2_lv>1</E2_lv>
	<E3_id>521</E3_id>
	<E3_lv>1</E3_lv>
	<E4_id>502</E4_id>
	<E4_lv>1</E4_lv>
	<E5_id>502</E5_id>
	<E5_lv>1</E5_lv>
	<E6_id>0</E6_id>
	<E6_lv>0</E6_lv>
	<Geth>8</Geth>
	<Experience>80</Experience>
</mst_mapenemy2>
<mst_mapenemy2>
	<Id>1530701</Id>
	<Maparea_id>15</Maparea_id>
	<Mapinfo_no>3</Mapinfo_no>
	<Enemy_list_id>15307</Enemy_list_id>
	<Boss>0</Boss>
	<Deck_id>1</Deck_id>
	<Deck_name>臨時編成任務群 第II波</Deck_name>
	<Formation_id>3</Formation_id>
	<E1_id>618</E1_id>
	<E1_lv>1</E1_lv>
	<E2_id>579</E2_id>
	<E2_lv>1</E2_lv>
	<E3_id>579</E3_id>
	<E3_lv>1</E3_lv>
	<E4_id>592</E4_id>
	<E4_lv>1</E4_lv>
	<E5_id>577</E5_id>
	<E5_lv>1</E5_lv>
	<E6_id>577</E6_id>
	<E6_lv>1</E6_lv>
	<Geth>0</Geth>
	<Experience>350</Experience>
</mst_mapenemy2>
<mst_mapenemy2>
	<Id>1530702</Id>
	<Maparea_id>15</Maparea_id>
	<Mapinfo_no>3</Mapinfo_no>
	<Enemy_list_id>15307</Enemy_list_id>
	<Boss>0</Boss>
	<Deck_id>2</Deck_id>
	<Deck_name>臨時編成任務群 第II波</Deck_name>
	<Formation_id>3</Formation_id>
	<E1_id>618</E1_id>
	<E1_lv>1</E1_lv>
	<E2_id>579</E2_id>
	<E2_lv>1</E2_lv>
	<E3_id>560</E3_id>
	<E3_lv>1</E3_lv>
	<E4_id>592</E4_id>
	<E4_lv>1</E4_lv>
	<E5_id>576</E5_id>
	<E5_lv>1</E5_lv>
	<E6_id>576</E6_id>
	<E6_lv>1</E6_lv>
	<Geth>0</Geth>
	<Experience>300</Experience>
</mst_mapenemy2>
<mst_mapenemy2>
	<Id>1530703</Id>
	<Maparea_id>15</Maparea_id>
	<Mapinfo_no>3</Mapinfo_no>
	<Enemy_list_id>15307</Enemy_list_id>
	<Boss>0</Boss>
	<Deck_id>3</Deck_id>
	<Deck_name>臨時編成任務群 第II波</Deck_name>
	<Formation_id>3</Formation_id>
	<E1_id>617</E1_id>
	<E1_lv>1</E1_lv>
	<E2_id>560</E2_id>
	<E2_lv>1</E2_lv>
	<E3_id>560</E3_id>
	<E3_lv>1</E3_lv>
	<E4_id>592</E4_id>
	<E4_lv>1</E4_lv>
	<E5_id>576</E5_id>
	<E5_lv>1</E5_lv>
	<E6_id>576</E6_id>
	<E6_lv>1</E6_lv>
	<Geth>0</Geth>
	<Experience>270</Experience>
</mst_mapenemy2>
<mst_mapenemy2>
	<Id>1530704</Id>
	<Maparea_id>15</Maparea_id>
	<Mapinfo_no>3</Mapinfo_no>
	<Enemy_list_id>15307</Enemy_list_id>
	<Boss>0</Boss>
	<Deck_id>4</Deck_id>
	<Deck_name>臨時編成任務群 第II波</Deck_name>
	<Formation_id>3</Formation_id>
	<E1_id>617</E1_id>
	<E1_lv>1</E1_lv>
	<E2_id>560</E2_id>
	<E2_lv>1</E2_lv>
	<E3_id>560</E3_id>
	<E3_lv>1</E3_lv>
	<E4_id>591</E4_id>
	<E4_lv>1</E4_lv>
	<E5_id>576</E5_id>
	<E5_lv>1</E5_lv>
	<E6_id>576</E6_id>
	<E6_lv>1</E6_lv>
	<Geth>1</Geth>
	<Experience>250</Experience>
</mst_mapenemy2>
<mst_mapenemy2>
	<Id>1530705</Id>
	<Maparea_id>15</Maparea_id>
	<Mapinfo_no>3</Mapinfo_no>
	<Enemy_list_id>15307</Enemy_list_id>
	<Boss>0</Boss>
	<Deck_id>5</Deck_id>
	<Deck_name>臨時編成任務群 第II波</Deck_name>
	<Formation_id>3</Formation_id>
	<E1_id>616</E1_id>
	<E1_lv>1</E1_lv>
	<E2_id>560</E2_id>
	<E2_lv>1</E2_lv>
	<E3_id>560</E3_id>
	<E3_lv>1</E3_lv>
	<E4_id>591</E4_id>
	<E4_lv>1</E4_lv>
	<E5_id>576</E5_id>
	<E5_lv>1</E5_lv>
	<E6_id>576</E6_id>
	<E6_lv>1</E6_lv>
	<Geth>1</Geth>
	<Experience>240</Experience>
</mst_mapenemy2>
<mst_mapenemy2>
	<Id>1530706</Id>
	<Maparea_id>15</Maparea_id>
	<Mapinfo_no>3</Mapinfo_no>
	<Enemy_list_id>15307</Enemy_list_id>
	<Boss>0</Boss>
	<Deck_id>6</Deck_id>
	<Deck_name>臨時編成任務群 第II波</Deck_name>
	<Formation_id>3</Formation_id>
	<E1_id>616</E1_id>
	<E1_lv>1</E1_lv>
	<E2_id>523</E2_id>
	<E2_lv>1</E2_lv>
	<E3_id>523</E3_id>
	<E3_lv>1</E3_lv>
	<E4_id>591</E4_id>
	<E4_lv>1</E4_lv>
	<E5_id>576</E5_id>
	<E5_lv>1</E5_lv>
	<E6_id>576</E6_id>
	<E6_lv>1</E6_lv>
	<Geth>2</Geth>
	<Experience>220</Experience>
</mst_mapenemy2>
<mst_mapenemy2>
	<Id>1530707</Id>
	<Maparea_id>15</Maparea_id>
	<Mapinfo_no>3</Mapinfo_no>
	<Enemy_list_id>15307</Enemy_list_id>
	<Boss>0</Boss>
	<Deck_id>7</Deck_id>
	<Deck_name>臨時編成任務群 第II波</Deck_name>
	<Formation_id>3</Formation_id>
	<E1_id>528</E1_id>
	<E1_lv>1</E1_lv>
	<E2_id>523</E2_id>
	<E2_lv>1</E2_lv>
	<E3_id>523</E3_id>
	<E3_lv>1</E3_lv>
	<E4_id>591</E4_id>
	<E4_lv>1</E4_lv>
	<E5_id>576</E5_id>
	<E5_lv>1</E5_lv>
	<E6_id>576</E6_id>
	<E6_lv>1</E6_lv>
	<Geth>2</Geth>
	<Experience>200</Experience>
</mst_mapenemy2>
<mst_mapenemy2>
	<Id>1530708</Id>
	<Maparea_id>15</Maparea_id>
	<Mapinfo_no>3</Mapinfo_no>
	<Enemy_list_id>15307</Enemy_list_id>
	<Boss>0</Boss>
	<Deck_id>8</Deck_id>
	<Deck_name>臨時編成任務群 第II波</Deck_name>
	<Formation_id>3</Formation_id>
	<E1_id>523</E1_id>
	<E1_lv>1</E1_lv>
	<E2_id>523</E2_id>
	<E2_lv>1</E2_lv>
	<E3_id>523</E3_id>
	<E3_lv>1</E3_lv>
	<E4_id>591</E4_id>
	<E4_lv>1</E4_lv>
	<E5_id>502</E5_id>
	<E5_lv>1</E5_lv>
	<E6_id>502</E6_id>
	<E6_lv>1</E6_lv>
	<Geth>3</Geth>
	<Experience>170</Experience>
</mst_mapenemy2>
<mst_mapenemy2>
	<Id>1530709</Id>
	<Maparea_id>15</Maparea_id>
	<Mapinfo_no>3</Mapinfo_no>
	<Enemy_list_id>15307</Enemy_list_id>
	<Boss>0</Boss>
	<Deck_id>9</Deck_id>
	<Deck_name>臨時編成任務群 第II波</Deck_name>
	<Formation_id>3</Formation_id>
	<E1_id>523</E1_id>
	<E1_lv>1</E1_lv>
	<E2_id>523</E2_id>
	<E2_lv>1</E2_lv>
	<E3_id>591</E3_id>
	<E3_lv>1</E3_lv>
	<E4_id>502</E4_id>
	<E4_lv>1</E4_lv>
	<E5_id>502</E5_id>
	<E5_lv>1</E5_lv>
	<E6_id>0</E6_id>
	<E6_lv>0</E6_lv>
	<Geth>4</Geth>
	<Experience>150</Experience>
</mst_mapenemy2>
<mst_mapenemy2>
	<Id>1530801</Id>
	<Maparea_id>15</Maparea_id>
	<Mapinfo_no>3</Mapinfo_no>
	<Enemy_list_id>15308</Enemy_list_id>
	<Boss>0</Boss>
	<Deck_id>1</Deck_id>
	<Deck_name>深海後方西海岸基地</Deck_name>
	<Formation_id>3</Formation_id>
	<E1_id>605</E1_id>
	<E1_lv>1</E1_lv>
	<E2_id>558</E2_id>
	<E2_lv>1</E2_lv>
	<E3_id>558</E3_id>
	<E3_lv>1</E3_lv>
	<E4_id>558</E4_id>
	<E4_lv>1</E4_lv>
	<E5_id>578</E5_id>
	<E5_lv>1</E5_lv>
	<E6_id>578</E6_id>
	<E6_lv>1</E6_lv>
	<Geth>0</Geth>
	<Experience>400</Experience>
</mst_mapenemy2>
<mst_mapenemy2>
	<Id>1530802</Id>
	<Maparea_id>15</Maparea_id>
	<Mapinfo_no>3</Mapinfo_no>
	<Enemy_list_id>15308</Enemy_list_id>
	<Boss>0</Boss>
	<Deck_id>2</Deck_id>
	<Deck_name>深海後方西海岸基地</Deck_name>
	<Formation_id>3</Formation_id>
	<E1_id>605</E1_id>
	<E1_lv>1</E1_lv>
	<E2_id>558</E2_id>
	<E2_lv>1</E2_lv>
	<E3_id>558</E3_id>
	<E3_lv>1</E3_lv>
	<E4_id>558</E4_id>
	<E4_lv>1</E4_lv>
	<E5_id>577</E5_id>
	<E5_lv>1</E5_lv>
	<E6_id>577</E6_id>
	<E6_lv>1</E6_lv>
	<Geth>0</Geth>
	<Experience>380</Experience>
</mst_mapenemy2>
<mst_mapenemy2>
	<Id>1530803</Id>
	<Maparea_id>15</Maparea_id>
	<Mapinfo_no>3</Mapinfo_no>
	<Enemy_list_id>15308</Enemy_list_id>
	<Boss>0</Boss>
	<Deck_id>3</Deck_id>
	<Deck_name>深海後方西海岸基地</Deck_name>
	<Formation_id>3</Formation_id>
	<E1_id>605</E1_id>
	<E1_lv>1</E1_lv>
	<E2_id>558</E2_id>
	<E2_lv>1</E2_lv>
	<E3_id>558</E3_id>
	<E3_lv>1</E3_lv>
	<E4_id>558</E4_id>
	<E4_lv>1</E4_lv>
	<E5_id>576</E5_id>
	<E5_lv>1</E5_lv>
	<E6_id>576</E6_id>
	<E6_lv>1</E6_lv>
	<Geth>0</Geth>
	<Experience>360</Experience>
</mst_mapenemy2>
<mst_mapenemy2>
	<Id>1530804</Id>
	<Maparea_id>15</Maparea_id>
	<Mapinfo_no>3</Mapinfo_no>
	<Enemy_list_id>15308</Enemy_list_id>
	<Boss>0</Boss>
	<Deck_id>4</Deck_id>
	<Deck_name>深海後方西海岸基地</Deck_name>
	<Formation_id>3</Formation_id>
	<E1_id>605</E1_id>
	<E1_lv>1</E1_lv>
	<E2_id>558</E2_id>
	<E2_lv>1</E2_lv>
	<E3_id>558</E3_id>
	<E3_lv>1</E3_lv>
	<E4_id>558</E4_id>
	<E4_lv>1</E4_lv>
	<E5_id>502</E5_id>
	<E5_lv>1</E5_lv>
	<E6_id>502</E6_id>
	<E6_lv>1</E6_lv>
	<Geth>0</Geth>
	<Experience>340</Experience>
</mst_mapenemy2>
<mst_mapenemy2>
	<Id>1530805</Id>
	<Maparea_id>15</Maparea_id>
	<Mapinfo_no>3</Mapinfo_no>
	<Enemy_list_id>15308</Enemy_list_id>
	<Boss>0</Boss>
	<Deck_id>5</Deck_id>
	<Deck_name>深海後方西海岸基地</Deck_name>
	<Formation_id>3</Formation_id>
	<E1_id>605</E1_id>
	<E1_lv>1</E1_lv>
	<E2_id>526</E2_id>
	<E2_lv>1</E2_lv>
	<E3_id>526</E3_id>
	<E3_lv>1</E3_lv>
	<E4_id>526</E4_id>
	<E4_lv>1</E4_lv>
	<E5_id>502</E5_id>
	<E5_lv>1</E5_lv>
	<E6_id>502</E6_id>
	<E6_lv>1</E6_lv>
	<Geth>1</Geth>
	<Experience>320</Experience>
</mst_mapenemy2>
<mst_mapenemy2>
	<Id>1530806</Id>
	<Maparea_id>15</Maparea_id>
	<Mapinfo_no>3</Mapinfo_no>
	<Enemy_list_id>15308</Enemy_list_id>
	<Boss>0</Boss>
	<Deck_id>6</Deck_id>
	<Deck_name>深海後方西海岸基地</Deck_name>
	<Formation_id>3</Formation_id>
	<E1_id>605</E1_id>
	<E1_lv>1</E1_lv>
	<E2_id>513</E2_id>
	<E2_lv>1</E2_lv>
	<E3_id>513</E3_id>
	<E3_lv>1</E3_lv>
	<E4_id>513</E4_id>
	<E4_lv>1</E4_lv>
	<E5_id>0</E5_id>
	<E5_lv>0</E5_lv>
	<E6_id>0</E6_id>
	<E6_lv>0</E6_lv>
	<Geth>1</Geth>
	<Experience>300</Experience>
</mst_mapenemy2>
<mst_mapenemy2>
	<Id>1530807</Id>
	<Maparea_id>15</Maparea_id>
	<Mapinfo_no>3</Mapinfo_no>
	<Enemy_list_id>15308</Enemy_list_id>
	<Boss>0</Boss>
	<Deck_id>7</Deck_id>
	<Deck_name>深海後方西海岸基地</Deck_name>
	<Formation_id>3</Formation_id>
	<E1_id>573</E1_id>
	<E1_lv>1</E1_lv>
	<E2_id>513</E2_id>
	<E2_lv>1</E2_lv>
	<E3_id>513</E3_id>
	<E3_lv>1</E3_lv>
	<E4_id>513</E4_id>
	<E4_lv>1</E4_lv>
	<E5_id>0</E5_id>
	<E5_lv>0</E5_lv>
	<E6_id>0</E6_id>
	<E6_lv>0</E6_lv>
	<Geth>2</Geth>
	<Experience>270</Experience>
</mst_mapenemy2>
<mst_mapenemy2>
	<Id>1530808</Id>
	<Maparea_id>15</Maparea_id>
	<Mapinfo_no>3</Mapinfo_no>
	<Enemy_list_id>15308</Enemy_list_id>
	<Boss>0</Boss>
	<Deck_id>8</Deck_id>
	<Deck_name>深海後方西海岸基地</Deck_name>
	<Formation_id>3</Formation_id>
	<E1_id>573</E1_id>
	<E1_lv>1</E1_lv>
	<E2_id>513</E2_id>
	<E2_lv>1</E2_lv>
	<E3_id>513</E3_id>
	<E3_lv>1</E3_lv>
	<E4_id>0</E4_id>
	<E4_lv>0</E4_lv>
	<E5_id>0</E5_id>
	<E5_lv>0</E5_lv>
	<E6_id>0</E6_id>
	<E6_lv>0</E6_lv>
	<Geth>3</Geth>
	<Experience>250</Experience>
</mst_mapenemy2>
<mst_mapenemy2>
	<Id>1530809</Id>
	<Maparea_id>15</Maparea_id>
	<Mapinfo_no>3</Mapinfo_no>
	<Enemy_list_id>15308</Enemy_list_id>
	<Boss>0</Boss>
	<Deck_id>9</Deck_id>
	<Deck_name>深海後方西海岸基地</Deck_name>
	<Formation_id>3</Formation_id>
	<E1_id>558</E1_id>
	<E1_lv>1</E1_lv>
	<E2_id>513</E2_id>
	<E2_lv>1</E2_lv>
	<E3_id>513</E3_id>
	<E3_lv>1</E3_lv>
	<E4_id>0</E4_id>
	<E4_lv>0</E4_lv>
	<E5_id>0</E5_id>
	<E5_lv>0</E5_lv>
	<E6_id>0</E6_id>
	<E6_lv>0</E6_lv>
	<Geth>4</Geth>
	<Experience>200</Experience>
</mst_mapenemy2>
<mst_mapenemy2>
	<Id>1530901</Id>
	<Maparea_id>15</Maparea_id>
	<Mapinfo_no>3</Mapinfo_no>
	<Enemy_list_id>15309</Enemy_list_id>
	<Boss>0</Boss>
	<Deck_id>1</Deck_id>
	<Deck_name>緊急展開水上打撃部隊</Deck_name>
	<Formation_id>1</Formation_id>
	<E1_id>557</E1_id>
	<E1_lv>1</E1_lv>
	<E2_id>529</E2_id>
	<E2_lv>1</E2_lv>
	<E3_id>529</E3_id>
	<E3_lv>1</E3_lv>
	<E4_id>560</E4_id>
	<E4_lv>1</E4_lv>
	<E5_id>577</E5_id>
	<E5_lv>1</E5_lv>
	<E6_id>577</E6_id>
	<E6_lv>1</E6_lv>
	<Geth>0</Geth>
	<Experience>350</Experience>
</mst_mapenemy2>
<mst_mapenemy2>
	<Id>1530902</Id>
	<Maparea_id>15</Maparea_id>
	<Mapinfo_no>3</Mapinfo_no>
	<Enemy_list_id>15309</Enemy_list_id>
	<Boss>0</Boss>
	<Deck_id>2</Deck_id>
	<Deck_name>緊急展開水上打撃部隊</Deck_name>
	<Formation_id>1</Formation_id>
	<E1_id>557</E1_id>
	<E1_lv>1</E1_lv>
	<E2_id>529</E2_id>
	<E2_lv>1</E2_lv>
	<E3_id>529</E3_id>
	<E3_lv>1</E3_lv>
	<E4_id>560</E4_id>
	<E4_lv>1</E4_lv>
	<E5_id>576</E5_id>
	<E5_lv>1</E5_lv>
	<E6_id>576</E6_id>
	<E6_lv>1</E6_lv>
	<Geth>0</Geth>
	<Experience>330</Experience>
</mst_mapenemy2>
<mst_mapenemy2>
	<Id>1530903</Id>
	<Maparea_id>15</Maparea_id>
	<Mapinfo_no>3</Mapinfo_no>
	<Enemy_list_id>15309</Enemy_list_id>
	<Boss>0</Boss>
	<Deck_id>3</Deck_id>
	<Deck_name>緊急展開水上打撃部隊</Deck_name>
	<Formation_id>1</Formation_id>
	<E1_id>557</E1_id>
	<E1_lv>1</E1_lv>
	<E2_id>529</E2_id>
	<E2_lv>1</E2_lv>
	<E3_id>529</E3_id>
	<E3_lv>1</E3_lv>
	<E4_id>523</E4_id>
	<E4_lv>1</E4_lv>
	<E5_id>576</E5_id>
	<E5_lv>1</E5_lv>
	<E6_id>576</E6_id>
	<E6_lv>1</E6_lv>
	<Geth>0</Geth>
	<Experience>310</Experience>
</mst_mapenemy2>
<mst_mapenemy2>
	<Id>1530904</Id>
	<Maparea_id>15</Maparea_id>
	<Mapinfo_no>3</Mapinfo_no>
	<Enemy_list_id>15309</Enemy_list_id>
	<Boss>0</Boss>
	<Deck_id>4</Deck_id>
	<Deck_name>緊急展開水上打撃部隊</Deck_name>
	<Formation_id>1</Formation_id>
	<E1_id>529</E1_id>
	<E1_lv>1</E1_lv>
	<E2_id>529</E2_id>
	<E2_lv>1</E2_lv>
	<E3_id>529</E3_id>
	<E3_lv>1</E3_lv>
	<E4_id>523</E4_id>
	<E4_lv>1</E4_lv>
	<E5_id>576</E5_id>
	<E5_lv>1</E5_lv>
	<E6_id>576</E6_id>
	<E6_lv>1</E6_lv>
	<Geth>1</Geth>
	<Experience>260</Experience>
</mst_mapenemy2>
<mst_mapenemy2>
	<Id>1530905</Id>
	<Maparea_id>15</Maparea_id>
	<Mapinfo_no>3</Mapinfo_no>
	<Enemy_list_id>15309</Enemy_list_id>
	<Boss>0</Boss>
	<Deck_id>5</Deck_id>
	<Deck_name>緊急展開水上打撃部隊</Deck_name>
	<Formation_id>1</Formation_id>
	<E1_id>529</E1_id>
	<E1_lv>1</E1_lv>
	<E2_id>529</E2_id>
	<E2_lv>1</E2_lv>
	<E3_id>524</E3_id>
	<E3_lv>1</E3_lv>
	<E4_id>523</E4_id>
	<E4_lv>1</E4_lv>
	<E5_id>576</E5_id>
	<E5_lv>1</E5_lv>
	<E6_id>576</E6_id>
	<E6_lv>1</E6_lv>
	<Geth>2</Geth>
	<Experience>240</Experience>
</mst_mapenemy2>
<mst_mapenemy2>
	<Id>1530906</Id>
	<Maparea_id>15</Maparea_id>
	<Mapinfo_no>3</Mapinfo_no>
	<Enemy_list_id>15309</Enemy_list_id>
	<Boss>0</Boss>
	<Deck_id>6</Deck_id>
	<Deck_name>緊急展開水上打撃部隊</Deck_name>
	<Formation_id>1</Formation_id>
	<E1_id>529</E1_id>
	<E1_lv>1</E1_lv>
	<E2_id>524</E2_id>
	<E2_lv>1</E2_lv>
	<E3_id>524</E3_id>
	<E3_lv>1</E3_lv>
	<E4_id>523</E4_id>
	<E4_lv>1</E4_lv>
	<E5_id>576</E5_id>
	<E5_lv>1</E5_lv>
	<E6_id>576</E6_id>
	<E6_lv>1</E6_lv>
	<Geth>3</Geth>
	<Experience>220</Experience>
</mst_mapenemy2>
<mst_mapenemy2>
	<Id>1530907</Id>
	<Maparea_id>15</Maparea_id>
	<Mapinfo_no>3</Mapinfo_no>
	<Enemy_list_id>15309</Enemy_list_id>
	<Boss>0</Boss>
	<Deck_id>7</Deck_id>
	<Deck_name>緊急展開水上打撃部隊</Deck_name>
	<Formation_id>1</Formation_id>
	<E1_id>529</E1_id>
	<E1_lv>1</E1_lv>
	<E2_id>524</E2_id>
	<E2_lv>1</E2_lv>
	<E3_id>524</E3_id>
	<E3_lv>1</E3_lv>
	<E4_id>510</E4_id>
	<E4_lv>1</E4_lv>
	<E5_id>576</E5_id>
	<E5_lv>1</E5_lv>
	<E6_id>576</E6_id>
	<E6_lv>1</E6_lv>
	<Geth>3</Geth>
	<Experience>200</Experience>
</mst_mapenemy2>
<mst_mapenemy2>
	<Id>1530908</Id>
	<Maparea_id>15</Maparea_id>
	<Mapinfo_no>3</Mapinfo_no>
	<Enemy_list_id>15309</Enemy_list_id>
	<Boss>0</Boss>
	<Deck_id>8</Deck_id>
	<Deck_name>緊急展開水上打撃部隊</Deck_name>
	<Formation_id>1</Formation_id>
	<E1_id>524</E1_id>
	<E1_lv>1</E1_lv>
	<E2_id>524</E2_id>
	<E2_lv>1</E2_lv>
	<E3_id>524</E3_id>
	<E3_lv>1</E3_lv>
	<E4_id>510</E4_id>
	<E4_lv>1</E4_lv>
	<E5_id>576</E5_id>
	<E5_lv>1</E5_lv>
	<E6_id>576</E6_id>
	<E6_lv>1</E6_lv>
	<Geth>4</Geth>
	<Experience>160</Experience>
</mst_mapenemy2>
<mst_mapenemy2>
	<Id>1530909</Id>
	<Maparea_id>15</Maparea_id>
	<Mapinfo_no>3</Mapinfo_no>
	<Enemy_list_id>15309</Enemy_list_id>
	<Boss>0</Boss>
	<Deck_id>9</Deck_id>
	<Deck_name>緊急展開水上打撃部隊</Deck_name>
	<Formation_id>1</Formation_id>
	<E1_id>524</E1_id>
	<E1_lv>1</E1_lv>
	<E2_id>524</E2_id>
	<E2_lv>1</E2_lv>
	<E3_id>524</E3_id>
	<E3_lv>1</E3_lv>
	<E4_id>505</E4_id>
	<E4_lv>1</E4_lv>
	<E5_id>502</E5_id>
	<E5_lv>1</E5_lv>
	<E6_id>502</E6_id>
	<E6_lv>1</E6_lv>
	<Geth>5</Geth>
	<Experience>140</Experience>
</mst_mapenemy2>
<mst_mapenemy2>
	<Id>1531001</Id>
	<Maparea_id>15</Maparea_id>
	<Mapinfo_no>3</Mapinfo_no>
	<Enemy_list_id>15310</Enemy_list_id>
	<Boss>1</Boss>
	<Deck_id>1</Deck_id>
	<Deck_name>西海岸深海後方拠点</Deck_name>
	<Formation_id>3</Formation_id>
	<E1_id>613</E1_id>
	<E1_lv>1</E1_lv>
	<E2_id>549</E2_id>
	<E2_lv>1</E2_lv>
	<E3_id>550</E3_id>
	<E3_lv>1</E3_lv>
	<E4_id>551</E4_id>
	<E4_lv>1</E4_lv>
	<E5_id>556</E5_id>
	<E5_lv>1</E5_lv>
	<E6_id>558</E6_id>
	<E6_lv>1</E6_lv>
	<Geth>0</Geth>
	<Experience>500</Experience>
</mst_mapenemy2>
<mst_mapenemy2>
	<Id>1531002</Id>
	<Maparea_id>15</Maparea_id>
	<Mapinfo_no>3</Mapinfo_no>
	<Enemy_list_id>15310</Enemy_list_id>
	<Boss>1</Boss>
	<Deck_id>2</Deck_id>
	<Deck_name>西海岸深海後方拠点</Deck_name>
	<Formation_id>3</Formation_id>
	<E1_id>613</E1_id>
	<E1_lv>1</E1_lv>
	<E2_id>549</E2_id>
	<E2_lv>1</E2_lv>
	<E3_id>550</E3_id>
	<E3_lv>1</E3_lv>
	<E4_id>551</E4_id>
	<E4_lv>1</E4_lv>
	<E5_id>556</E5_id>
	<E5_lv>1</E5_lv>
	<E6_id>558</E6_id>
	<E6_lv>1</E6_lv>
	<Geth>0</Geth>
	<Experience>480</Experience>
</mst_mapenemy2>
<mst_mapenemy2>
	<Id>1531003</Id>
	<Maparea_id>15</Maparea_id>
	<Mapinfo_no>3</Mapinfo_no>
	<Enemy_list_id>15310</Enemy_list_id>
	<Boss>1</Boss>
	<Deck_id>3</Deck_id>
	<Deck_name>西海岸深海後方拠点</Deck_name>
	<Formation_id>3</Formation_id>
	<E1_id>613</E1_id>
	<E1_lv>1</E1_lv>
	<E2_id>549</E2_id>
	<E2_lv>1</E2_lv>
	<E3_id>550</E3_id>
	<E3_lv>1</E3_lv>
	<E4_id>576</E4_id>
	<E4_lv>1</E4_lv>
	<E5_id>576</E5_id>
	<E5_lv>1</E5_lv>
	<E6_id>558</E6_id>
	<E6_lv>1</E6_lv>
	<Geth>0</Geth>
	<Experience>460</Experience>
</mst_mapenemy2>
<mst_mapenemy2>
	<Id>1531004</Id>
	<Maparea_id>15</Maparea_id>
	<Mapinfo_no>3</Mapinfo_no>
	<Enemy_list_id>15310</Enemy_list_id>
	<Boss>1</Boss>
	<Deck_id>4</Deck_id>
	<Deck_name>西海岸深海後方拠点</Deck_name>
	<Formation_id>3</Formation_id>
	<E1_id>613</E1_id>
	<E1_lv>1</E1_lv>
	<E2_id>549</E2_id>
	<E2_lv>1</E2_lv>
	<E3_id>550</E3_id>
	<E3_lv>1</E3_lv>
	<E4_id>576</E4_id>
	<E4_lv>1</E4_lv>
	<E5_id>576</E5_id>
	<E5_lv>1</E5_lv>
	<E6_id>526</E6_id>
	<E6_lv>1</E6_lv>
	<Geth>1</Geth>
	<Experience>440</Experience>
</mst_mapenemy2>
<mst_mapenemy2>
	<Id>1531005</Id>
	<Maparea_id>15</Maparea_id>
	<Mapinfo_no>3</Mapinfo_no>
	<Enemy_list_id>15310</Enemy_list_id>
	<Boss>1</Boss>
	<Deck_id>5</Deck_id>
	<Deck_name>西海岸深海後方拠点</Deck_name>
	<Formation_id>3</Formation_id>
	<E1_id>613</E1_id>
	<E1_lv>1</E1_lv>
	<E2_id>549</E2_id>
	<E2_lv>1</E2_lv>
	<E3_id>550</E3_id>
	<E3_lv>1</E3_lv>
	<E4_id>502</E4_id>
	<E4_lv>1</E4_lv>
	<E5_id>502</E5_id>
	<E5_lv>1</E5_lv>
	<E6_id>526</E6_id>
	<E6_lv>1</E6_lv>
	<Geth>1</Geth>
	<Experience>420</Experience>
</mst_mapenemy2>
<mst_mapenemy2>
	<Id>1531006</Id>
	<Maparea_id>15</Maparea_id>
	<Mapinfo_no>3</Mapinfo_no>
	<Enemy_list_id>15310</Enemy_list_id>
	<Boss>1</Boss>
	<Deck_id>6</Deck_id>
	<Deck_name>西海岸深海後方拠点</Deck_name>
	<Formation_id>3</Formation_id>
	<E1_id>613</E1_id>
	<E1_lv>1</E1_lv>
	<E2_id>550</E2_id>
	<E2_lv>1</E2_lv>
	<E3_id>502</E3_id>
	<E3_lv>1</E3_lv>
	<E4_id>502</E4_id>
	<E4_lv>1</E4_lv>
	<E5_id>526</E5_id>
	<E5_lv>1</E5_lv>
	<E6_id>0</E6_id>
	<E6_lv>0</E6_lv>
	<Geth>2</Geth>
	<Experience>400</Experience>
</mst_mapenemy2>
<mst_mapenemy2>
	<Id>1531007</Id>
	<Maparea_id>15</Maparea_id>
	<Mapinfo_no>3</Mapinfo_no>
	<Enemy_list_id>15310</Enemy_list_id>
	<Boss>1</Boss>
	<Deck_id>7</Deck_id>
	<Deck_name>西海岸深海後方拠点</Deck_name>
	<Formation_id>3</Formation_id>
	<E1_id>613</E1_id>
	<E1_lv>1</E1_lv>
	<E2_id>502</E2_id>
	<E2_lv>1</E2_lv>
	<E3_id>502</E3_id>
	<E3_lv>1</E3_lv>
	<E4_id>526</E4_id>
	<E4_lv>1</E4_lv>
	<E5_id>0</E5_id>
	<E5_lv>0</E5_lv>
	<E6_id>0</E6_id>
	<E6_lv>0</E6_lv>
	<Geth>2</Geth>
	<Experience>360</Experience>
</mst_mapenemy2>
<mst_mapenemy2>
	<Id>1531008</Id>
	<Maparea_id>15</Maparea_id>
	<Mapinfo_no>3</Mapinfo_no>
	<Enemy_list_id>15310</Enemy_list_id>
	<Boss>1</Boss>
	<Deck_id>8</Deck_id>
	<Deck_name>西海岸深海後方拠点</Deck_name>
	<Formation_id>3</Formation_id>
	<E1_id>613</E1_id>
	<E1_lv>1</E1_lv>
	<E2_id>502</E2_id>
	<E2_lv>1</E2_lv>
	<E3_id>502</E3_id>
	<E3_lv>1</E3_lv>
	<E4_id>0</E4_id>
	<E4_lv>0</E4_lv>
	<E5_id>0</E5_id>
	<E5_lv>0</E5_lv>
	<E6_id>0</E6_id>
	<E6_lv>0</E6_lv>
	<Geth>3</Geth>
	<Experience>330</Experience>
</mst_mapenemy2>
<mst_mapenemy2>
	<Id>1531009</Id>
	<Maparea_id>15</Maparea_id>
	<Mapinfo_no>3</Mapinfo_no>
	<Enemy_list_id>15310</Enemy_list_id>
	<Boss>1</Boss>
	<Deck_id>9</Deck_id>
	<Deck_name>西海岸深海後方拠点</Deck_name>
	<Formation_id>3</Formation_id>
	<E1_id>613</E1_id>
	<E1_lv>1</E1_lv>
	<E2_id>0</E2_id>
	<E2_lv>0</E2_lv>
	<E3_id>0</E3_id>
	<E3_lv>0</E3_lv>
	<E4_id>0</E4_id>
	<E4_lv>0</E4_lv>
	<E5_id>0</E5_id>
	<E5_lv>0</E5_lv>
	<E6_id>0</E6_id>
	<E6_lv>0</E6_lv>
	<Geth>4</Geth>
	<Experience>300</Experience>
</mst_mapenemy2>
</mst_mapenemy2_data>
