<?xml version="1.0" encoding="utf-8"?>
<mst_mapenemy2_data xmlns:i="http://www.w3.org/2001/XMLSchema-instance">
<mst_mapenemy2>
	<Id>1740101</Id>
	<Maparea_id>17</Maparea_id>
	<Mapinfo_no>4</Mapinfo_no>
	<Enemy_list_id>17401</Enemy_list_id>
	<Boss>0</Boss>
	<Deck_id>1</Deck_id>
	<Deck_name>深海残存前衛突撃戦隊</Deck_name>
	<Formation_id>1</Formation_id>
	<E1_id>602</E1_id>
	<E1_lv>1</E1_lv>
	<E2_id>562</E2_id>
	<E2_lv>1</E2_lv>
	<E3_id>555</E3_id>
	<E3_lv>1</E3_lv>
	<E4_id>598</E4_id>
	<E4_lv>1</E4_lv>
	<E5_id>623</E5_id>
	<E5_lv>1</E5_lv>
	<E6_id>623</E6_id>
	<E6_lv>1</E6_lv>
	<Geth>10</Geth>
	<Experience>500</Experience>
</mst_mapenemy2>
<mst_mapenemy2>
	<Id>1740102</Id>
	<Maparea_id>17</Maparea_id>
	<Mapinfo_no>4</Mapinfo_no>
	<Enemy_list_id>17401</Enemy_list_id>
	<Boss>0</Boss>
	<Deck_id>2</Deck_id>
	<Deck_name>深海残存前衛突撃戦隊</Deck_name>
	<Formation_id>4</Formation_id>
	<E1_id>602</E1_id>
	<E1_lv>1</E1_lv>
	<E2_id>561</E2_id>
	<E2_lv>1</E2_lv>
	<E3_id>555</E3_id>
	<E3_lv>1</E3_lv>
	<E4_id>597</E4_id>
	<E4_lv>1</E4_lv>
	<E5_id>623</E5_id>
	<E5_lv>1</E5_lv>
	<E6_id>623</E6_id>
	<E6_lv>1</E6_lv>
	<Geth>10</Geth>
	<Experience>380</Experience>
</mst_mapenemy2>
<mst_mapenemy2>
	<Id>1740103</Id>
	<Maparea_id>17</Maparea_id>
	<Mapinfo_no>4</Mapinfo_no>
	<Enemy_list_id>17401</Enemy_list_id>
	<Boss>0</Boss>
	<Deck_id>3</Deck_id>
	<Deck_name>深海残存前衛突撃戦隊</Deck_name>
	<Formation_id>4</Formation_id>
	<E1_id>601</E1_id>
	<E1_lv>1</E1_lv>
	<E2_id>555</E2_id>
	<E2_lv>1</E2_lv>
	<E3_id>555</E3_id>
	<E3_lv>1</E3_lv>
	<E4_id>597</E4_id>
	<E4_lv>1</E4_lv>
	<E5_id>623</E5_id>
	<E5_lv>1</E5_lv>
	<E6_id>623</E6_id>
	<E6_lv>1</E6_lv>
	<Geth>11</Geth>
	<Experience>360</Experience>
</mst_mapenemy2>
<mst_mapenemy2>
	<Id>1740104</Id>
	<Maparea_id>17</Maparea_id>
	<Mapinfo_no>4</Mapinfo_no>
	<Enemy_list_id>17401</Enemy_list_id>
	<Boss>0</Boss>
	<Deck_id>4</Deck_id>
	<Deck_name>深海残存前衛突撃戦隊</Deck_name>
	<Formation_id>4</Formation_id>
	<E1_id>597</E1_id>
	<E1_lv>1</E1_lv>
	<E2_id>555</E2_id>
	<E2_lv>1</E2_lv>
	<E3_id>555</E3_id>
	<E3_lv>1</E3_lv>
	<E4_id>554</E4_id>
	<E4_lv>1</E4_lv>
	<E5_id>623</E5_id>
	<E5_lv>1</E5_lv>
	<E6_id>623</E6_id>
	<E6_lv>1</E6_lv>
	<Geth>12</Geth>
	<Experience>340</Experience>
</mst_mapenemy2>
<mst_mapenemy2>
	<Id>1740105</Id>
	<Maparea_id>17</Maparea_id>
	<Mapinfo_no>4</Mapinfo_no>
	<Enemy_list_id>17401</Enemy_list_id>
	<Boss>0</Boss>
	<Deck_id>5</Deck_id>
	<Deck_name>深海残存前衛突撃戦隊</Deck_name>
	<Formation_id>4</Formation_id>
	<E1_id>597</E1_id>
	<E1_lv>1</E1_lv>
	<E2_id>555</E2_id>
	<E2_lv>1</E2_lv>
	<E3_id>555</E3_id>
	<E3_lv>1</E3_lv>
	<E4_id>554</E4_id>
	<E4_lv>1</E4_lv>
	<E5_id>622</E5_id>
	<E5_lv>1</E5_lv>
	<E6_id>622</E6_id>
	<E6_lv>1</E6_lv>
	<Geth>13</Geth>
	<Experience>320</Experience>
</mst_mapenemy2>
<mst_mapenemy2>
	<Id>1740106</Id>
	<Maparea_id>17</Maparea_id>
	<Mapinfo_no>4</Mapinfo_no>
	<Enemy_list_id>17401</Enemy_list_id>
	<Boss>0</Boss>
	<Deck_id>6</Deck_id>
	<Deck_name>深海残存前衛突撃戦隊</Deck_name>
	<Formation_id>4</Formation_id>
	<E1_id>597</E1_id>
	<E1_lv>1</E1_lv>
	<E2_id>555</E2_id>
	<E2_lv>1</E2_lv>
	<E3_id>555</E3_id>
	<E3_lv>1</E3_lv>
	<E4_id>554</E4_id>
	<E4_lv>1</E4_lv>
	<E5_id>621</E5_id>
	<E5_lv>1</E5_lv>
	<E6_id>621</E6_id>
	<E6_lv>1</E6_lv>
	<Geth>14</Geth>
	<Experience>300</Experience>
</mst_mapenemy2>
<mst_mapenemy2>
	<Id>1740201</Id>
	<Maparea_id>17</Maparea_id>
	<Mapinfo_no>4</Mapinfo_no>
	<Enemy_list_id>17402</Enemy_list_id>
	<Boss>0</Boss>
	<Deck_id>1</Deck_id>
	<Deck_name>深海棲艦残存潜水艦隊</Deck_name>
	<Formation_id>4</Formation_id>
	<E1_id>572</E1_id>
	<E1_lv>50</E1_lv>
	<E2_id>572</E2_id>
	<E2_lv>50</E2_lv>
	<E3_id>572</E3_id>
	<E3_lv>50</E3_lv>
	<E4_id>623</E4_id>
	<E4_lv>1</E4_lv>
	<E5_id>623</E5_id>
	<E5_lv>1</E5_lv>
	<E6_id>558</E6_id>
	<E6_lv>1</E6_lv>
	<Geth>5</Geth>
	<Experience>500</Experience>
</mst_mapenemy2>
<mst_mapenemy2>
	<Id>1740202</Id>
	<Maparea_id>17</Maparea_id>
	<Mapinfo_no>4</Mapinfo_no>
	<Enemy_list_id>17402</Enemy_list_id>
	<Boss>0</Boss>
	<Deck_id>2</Deck_id>
	<Deck_name>深海棲艦残存潜水艦隊</Deck_name>
	<Formation_id>4</Formation_id>
	<E1_id>572</E1_id>
	<E1_lv>50</E1_lv>
	<E2_id>572</E2_id>
	<E2_lv>50</E2_lv>
	<E3_id>571</E3_id>
	<E3_lv>50</E3_lv>
	<E4_id>623</E4_id>
	<E4_lv>1</E4_lv>
	<E5_id>623</E5_id>
	<E5_lv>1</E5_lv>
	<E6_id>558</E6_id>
	<E6_lv>1</E6_lv>
	<Geth>6</Geth>
	<Experience>480</Experience>
</mst_mapenemy2>
<mst_mapenemy2>
	<Id>1740203</Id>
	<Maparea_id>17</Maparea_id>
	<Mapinfo_no>4</Mapinfo_no>
	<Enemy_list_id>17402</Enemy_list_id>
	<Boss>0</Boss>
	<Deck_id>3</Deck_id>
	<Deck_name>深海棲艦残存潜水艦隊</Deck_name>
	<Formation_id>4</Formation_id>
	<E1_id>572</E1_id>
	<E1_lv>50</E1_lv>
	<E2_id>571</E2_id>
	<E2_lv>50</E2_lv>
	<E3_id>571</E3_id>
	<E3_lv>50</E3_lv>
	<E4_id>623</E4_id>
	<E4_lv>1</E4_lv>
	<E5_id>623</E5_id>
	<E5_lv>1</E5_lv>
	<E6_id>558</E6_id>
	<E6_lv>1</E6_lv>
	<Geth>7</Geth>
	<Experience>460</Experience>
</mst_mapenemy2>
<mst_mapenemy2>
	<Id>1740204</Id>
	<Maparea_id>17</Maparea_id>
	<Mapinfo_no>4</Mapinfo_no>
	<Enemy_list_id>17402</Enemy_list_id>
	<Boss>0</Boss>
	<Deck_id>4</Deck_id>
	<Deck_name>深海棲艦残存潜水艦隊</Deck_name>
	<Formation_id>4</Formation_id>
	<E1_id>572</E1_id>
	<E1_lv>50</E1_lv>
	<E2_id>571</E2_id>
	<E2_lv>50</E2_lv>
	<E3_id>533</E3_id>
	<E3_lv>50</E3_lv>
	<E4_id>623</E4_id>
	<E4_lv>1</E4_lv>
	<E5_id>623</E5_id>
	<E5_lv>1</E5_lv>
	<E6_id>558</E6_id>
	<E6_lv>1</E6_lv>
	<Geth>8</Geth>
	<Experience>440</Experience>
</mst_mapenemy2>
<mst_mapenemy2>
	<Id>1740205</Id>
	<Maparea_id>17</Maparea_id>
	<Mapinfo_no>4</Mapinfo_no>
	<Enemy_list_id>17402</Enemy_list_id>
	<Boss>0</Boss>
	<Deck_id>5</Deck_id>
	<Deck_name>深海棲艦残存潜水艦隊</Deck_name>
	<Formation_id>4</Formation_id>
	<E1_id>572</E1_id>
	<E1_lv>50</E1_lv>
	<E2_id>533</E2_id>
	<E2_lv>50</E2_lv>
	<E3_id>533</E3_id>
	<E3_lv>50</E3_lv>
	<E4_id>623</E4_id>
	<E4_lv>1</E4_lv>
	<E5_id>623</E5_id>
	<E5_lv>1</E5_lv>
	<E6_id>558</E6_id>
	<E6_lv>1</E6_lv>
	<Geth>9</Geth>
	<Experience>420</Experience>
</mst_mapenemy2>
<mst_mapenemy2>
	<Id>1740206</Id>
	<Maparea_id>17</Maparea_id>
	<Mapinfo_no>4</Mapinfo_no>
	<Enemy_list_id>17402</Enemy_list_id>
	<Boss>0</Boss>
	<Deck_id>6</Deck_id>
	<Deck_name>深海棲艦残存潜水艦隊</Deck_name>
	<Formation_id>4</Formation_id>
	<E1_id>572</E1_id>
	<E1_lv>50</E1_lv>
	<E2_id>532</E2_id>
	<E2_lv>50</E2_lv>
	<E3_id>532</E3_id>
	<E3_lv>50</E3_lv>
	<E4_id>623</E4_id>
	<E4_lv>1</E4_lv>
	<E5_id>623</E5_id>
	<E5_lv>1</E5_lv>
	<E6_id>558</E6_id>
	<E6_lv>1</E6_lv>
	<Geth>9</Geth>
	<Experience>400</Experience>
</mst_mapenemy2>
<mst_mapenemy2>
	<Id>1740301</Id>
	<Maparea_id>17</Maparea_id>
	<Mapinfo_no>4</Mapinfo_no>
	<Enemy_list_id>17403</Enemy_list_id>
	<Boss>0</Boss>
	<Deck_id>1</Deck_id>
	<Deck_name>深海棲艦最終機動部隊</Deck_name>
	<Formation_id>3</Formation_id>
	<E1_id>586</E1_id>
	<E1_lv>1</E1_lv>
	<E2_id>618</E2_id>
	<E2_lv>1</E2_lv>
	<E3_id>618</E3_id>
	<E3_lv>1</E3_lv>
	<E4_id>543</E4_id>
	<E4_lv>1</E4_lv>
	<E5_id>624</E5_id>
	<E5_lv>1</E5_lv>
	<E6_id>624</E6_id>
	<E6_lv>1</E6_lv>
	<Geth>0</Geth>
	<Experience>700</Experience>
</mst_mapenemy2>
<mst_mapenemy2>
	<Id>1740302</Id>
	<Maparea_id>17</Maparea_id>
	<Mapinfo_no>4</Mapinfo_no>
	<Enemy_list_id>17403</Enemy_list_id>
	<Boss>0</Boss>
	<Deck_id>2</Deck_id>
	<Deck_name>深海棲艦最終機動部隊</Deck_name>
	<Formation_id>3</Formation_id>
	<E1_id>586</E1_id>
	<E1_lv>1</E1_lv>
	<E2_id>617</E2_id>
	<E2_lv>1</E2_lv>
	<E3_id>617</E3_id>
	<E3_lv>1</E3_lv>
	<E4_id>543</E4_id>
	<E4_lv>1</E4_lv>
	<E5_id>624</E5_id>
	<E5_lv>1</E5_lv>
	<E6_id>624</E6_id>
	<E6_lv>1</E6_lv>
	<Geth>0</Geth>
	<Experience>660</Experience>
</mst_mapenemy2>
<mst_mapenemy2>
	<Id>1740303</Id>
	<Maparea_id>17</Maparea_id>
	<Mapinfo_no>4</Mapinfo_no>
	<Enemy_list_id>17403</Enemy_list_id>
	<Boss>0</Boss>
	<Deck_id>3</Deck_id>
	<Deck_name>深海棲艦最終機動部隊</Deck_name>
	<Formation_id>3</Formation_id>
	<E1_id>586</E1_id>
	<E1_lv>1</E1_lv>
	<E2_id>616</E2_id>
	<E2_lv>1</E2_lv>
	<E3_id>616</E3_id>
	<E3_lv>1</E3_lv>
	<E4_id>543</E4_id>
	<E4_lv>1</E4_lv>
	<E5_id>624</E5_id>
	<E5_lv>1</E5_lv>
	<E6_id>624</E6_id>
	<E6_lv>1</E6_lv>
	<Geth>1</Geth>
	<Experience>640</Experience>
</mst_mapenemy2>
<mst_mapenemy2>
	<Id>1740304</Id>
	<Maparea_id>17</Maparea_id>
	<Mapinfo_no>4</Mapinfo_no>
	<Enemy_list_id>17403</Enemy_list_id>
	<Boss>0</Boss>
	<Deck_id>4</Deck_id>
	<Deck_name>深海棲艦最終機動部隊</Deck_name>
	<Formation_id>3</Formation_id>
	<E1_id>586</E1_id>
	<E1_lv>1</E1_lv>
	<E2_id>616</E2_id>
	<E2_lv>1</E2_lv>
	<E3_id>616</E3_id>
	<E3_lv>1</E3_lv>
	<E4_id>543</E4_id>
	<E4_lv>1</E4_lv>
	<E5_id>623</E5_id>
	<E5_lv>1</E5_lv>
	<E6_id>623</E6_id>
	<E6_lv>1</E6_lv>
	<Geth>2</Geth>
	<Experience>620</Experience>
</mst_mapenemy2>
<mst_mapenemy2>
	<Id>1740305</Id>
	<Maparea_id>17</Maparea_id>
	<Mapinfo_no>4</Mapinfo_no>
	<Enemy_list_id>17403</Enemy_list_id>
	<Boss>0</Boss>
	<Deck_id>5</Deck_id>
	<Deck_name>深海棲艦最終機動部隊</Deck_name>
	<Formation_id>3</Formation_id>
	<E1_id>619</E1_id>
	<E1_lv>1</E1_lv>
	<E2_id>616</E2_id>
	<E2_lv>1</E2_lv>
	<E3_id>616</E3_id>
	<E3_lv>1</E3_lv>
	<E4_id>543</E4_id>
	<E4_lv>1</E4_lv>
	<E5_id>623</E5_id>
	<E5_lv>1</E5_lv>
	<E6_id>623</E6_id>
	<E6_lv>1</E6_lv>
	<Geth>3</Geth>
	<Experience>600</Experience>
</mst_mapenemy2>
<mst_mapenemy2>
	<Id>1740401</Id>
	<Maparea_id>17</Maparea_id>
	<Mapinfo_no>4</Mapinfo_no>
	<Enemy_list_id>17404</Enemy_list_id>
	<Boss>1</Boss>
	<Deck_id>1</Deck_id>
	<Deck_name>深海棲艦残存最終艦隊</Deck_name>
	<Formation_id>1</Formation_id>
	<E1_id>604</E1_id>
	<E1_lv>1</E1_lv>
	<E2_id>600</E2_id>
	<E2_lv>1</E2_lv>
	<E3_id>557</E3_id>
	<E3_lv>1</E3_lv>
	<E4_id>557</E4_id>
	<E4_lv>1</E4_lv>
	<E5_id>624</E5_id>
	<E5_lv>1</E5_lv>
	<E6_id>624</E6_id>
	<E6_lv>1</E6_lv>
	<Geth>0</Geth>
	<Experience>980</Experience>
</mst_mapenemy2>
<mst_mapenemy2>
	<Id>1740402</Id>
	<Maparea_id>17</Maparea_id>
	<Mapinfo_no>4</Mapinfo_no>
	<Enemy_list_id>17404</Enemy_list_id>
	<Boss>1</Boss>
	<Deck_id>2</Deck_id>
	<Deck_name>深海棲艦残存最終艦隊</Deck_name>
	<Formation_id>1</Formation_id>
	<E1_id>604</E1_id>
	<E1_lv>1</E1_lv>
	<E2_id>599</E2_id>
	<E2_lv>1</E2_lv>
	<E3_id>557</E3_id>
	<E3_lv>1</E3_lv>
	<E4_id>557</E4_id>
	<E4_lv>1</E4_lv>
	<E5_id>624</E5_id>
	<E5_lv>1</E5_lv>
	<E6_id>624</E6_id>
	<E6_lv>1</E6_lv>
	<Geth>0</Geth>
	<Experience>960</Experience>
</mst_mapenemy2>
<mst_mapenemy2>
	<Id>1740403</Id>
	<Maparea_id>17</Maparea_id>
	<Mapinfo_no>4</Mapinfo_no>
	<Enemy_list_id>17404</Enemy_list_id>
	<Boss>1</Boss>
	<Deck_id>3</Deck_id>
	<Deck_name>深海棲艦残存最終艦隊</Deck_name>
	<Formation_id>3</Formation_id>
	<E1_id>603</E1_id>
	<E1_lv>1</E1_lv>
	<E2_id>599</E2_id>
	<E2_lv>1</E2_lv>
	<E3_id>557</E3_id>
	<E3_lv>1</E3_lv>
	<E4_id>557</E4_id>
	<E4_lv>1</E4_lv>
	<E5_id>624</E5_id>
	<E5_lv>1</E5_lv>
	<E6_id>624</E6_id>
	<E6_lv>1</E6_lv>
	<Geth>1</Geth>
	<Experience>940</Experience>
</mst_mapenemy2>
<mst_mapenemy2>
	<Id>1740404</Id>
	<Maparea_id>17</Maparea_id>
	<Mapinfo_no>4</Mapinfo_no>
	<Enemy_list_id>17404</Enemy_list_id>
	<Boss>1</Boss>
	<Deck_id>4</Deck_id>
	<Deck_name>深海棲艦残存最終艦隊</Deck_name>
	<Formation_id>3</Formation_id>
	<E1_id>603</E1_id>
	<E1_lv>1</E1_lv>
	<E2_id>599</E2_id>
	<E2_lv>1</E2_lv>
	<E3_id>557</E3_id>
	<E3_lv>1</E3_lv>
	<E4_id>557</E4_id>
	<E4_lv>1</E4_lv>
	<E5_id>623</E5_id>
	<E5_lv>1</E5_lv>
	<E6_id>623</E6_id>
	<E6_lv>1</E6_lv>
	<Geth>2</Geth>
	<Experience>920</Experience>
</mst_mapenemy2>
<mst_mapenemy2>
	<Id>1740405</Id>
	<Maparea_id>17</Maparea_id>
	<Mapinfo_no>4</Mapinfo_no>
	<Enemy_list_id>17404</Enemy_list_id>
	<Boss>1</Boss>
	<Deck_id>5</Deck_id>
	<Deck_name>深海棲艦残存最終艦隊</Deck_name>
	<Formation_id>3</Formation_id>
	<E1_id>603</E1_id>
	<E1_lv>1</E1_lv>
	<E2_id>586</E2_id>
	<E2_lv>1</E2_lv>
	<E3_id>557</E3_id>
	<E3_lv>1</E3_lv>
	<E4_id>557</E4_id>
	<E4_lv>1</E4_lv>
	<E5_id>623</E5_id>
	<E5_lv>1</E5_lv>
	<E6_id>623</E6_id>
	<E6_lv>1</E6_lv>
	<Geth>3</Geth>
	<Experience>900</Experience>
</mst_mapenemy2>
</mst_mapenemy2_data>
