<?xml version="1.0" encoding="utf-8"?>
<mst_mapenemy2_data xmlns:i="http://www.w3.org/2001/XMLSchema-instance">
<mst_mapenemy2>
	<Id>1120101</Id>
	<Maparea_id>11</Maparea_id>
	<Mapinfo_no>2</Mapinfo_no>
	<Enemy_list_id>11201</Enemy_list_id>
	<Boss>0</Boss>
	<Deck_id>1</Deck_id>
	<Deck_name>前衛巡洋戦隊 B群</Deck_name>
	<Formation_id>1</Formation_id>
	<E1_id>527</E1_id>
	<E1_lv>1</E1_lv>
	<E2_id>527</E2_id>
	<E2_lv>1</E2_lv>
	<E3_id>555</E3_id>
	<E3_lv>1</E3_lv>
	<E4_id>554</E4_id>
	<E4_lv>1</E4_lv>
	<E5_id>577</E5_id>
	<E5_lv>1</E5_lv>
	<E6_id>577</E6_id>
	<E6_lv>1</E6_lv>
	<Geth>18</Geth>
	<Experience>130</Experience>
</mst_mapenemy2>
<mst_mapenemy2>
	<Id>1120102</Id>
	<Maparea_id>11</Maparea_id>
	<Mapinfo_no>2</Mapinfo_no>
	<Enemy_list_id>11201</Enemy_list_id>
	<Boss>0</Boss>
	<Deck_id>2</Deck_id>
	<Deck_name>前衛巡洋戦隊 B群</Deck_name>
	<Formation_id>1</Formation_id>
	<E1_id>527</E1_id>
	<E1_lv>1</E1_lv>
	<E2_id>527</E2_id>
	<E2_lv>1</E2_lv>
	<E3_id>555</E3_id>
	<E3_lv>1</E3_lv>
	<E4_id>554</E4_id>
	<E4_lv>1</E4_lv>
	<E5_id>576</E5_id>
	<E5_lv>1</E5_lv>
	<E6_id>576</E6_id>
	<E6_lv>1</E6_lv>
	<Geth>16</Geth>
	<Experience>120</Experience>
</mst_mapenemy2>
<mst_mapenemy2>
	<Id>1120103</Id>
	<Maparea_id>11</Maparea_id>
	<Mapinfo_no>2</Mapinfo_no>
	<Enemy_list_id>11201</Enemy_list_id>
	<Boss>0</Boss>
	<Deck_id>3</Deck_id>
	<Deck_name>前衛巡洋戦隊 B群</Deck_name>
	<Formation_id>2</Formation_id>
	<E1_id>527</E1_id>
	<E1_lv>1</E1_lv>
	<E2_id>527</E2_id>
	<E2_lv>1</E2_lv>
	<E3_id>555</E3_id>
	<E3_lv>1</E3_lv>
	<E4_id>554</E4_id>
	<E4_lv>1</E4_lv>
	<E5_id>576</E5_id>
	<E5_lv>1</E5_lv>
	<E6_id>576</E6_id>
	<E6_lv>1</E6_lv>
	<Geth>14</Geth>
	<Experience>120</Experience>
</mst_mapenemy2>
<mst_mapenemy2>
	<Id>1120104</Id>
	<Maparea_id>11</Maparea_id>
	<Mapinfo_no>2</Mapinfo_no>
	<Enemy_list_id>11201</Enemy_list_id>
	<Boss>0</Boss>
	<Deck_id>4</Deck_id>
	<Deck_name>前衛巡洋戦隊 B群</Deck_name>
	<Formation_id>1</Formation_id>
	<E1_id>527</E1_id>
	<E1_lv>1</E1_lv>
	<E2_id>527</E2_id>
	<E2_lv>1</E2_lv>
	<E3_id>555</E3_id>
	<E3_lv>1</E3_lv>
	<E4_id>554</E4_id>
	<E4_lv>1</E4_lv>
	<E5_id>575</E5_id>
	<E5_lv>1</E5_lv>
	<E6_id>575</E6_id>
	<E6_lv>1</E6_lv>
	<Geth>12</Geth>
	<Experience>110</Experience>
</mst_mapenemy2>
<mst_mapenemy2>
	<Id>1120105</Id>
	<Maparea_id>11</Maparea_id>
	<Mapinfo_no>2</Mapinfo_no>
	<Enemy_list_id>11201</Enemy_list_id>
	<Boss>0</Boss>
	<Deck_id>5</Deck_id>
	<Deck_name>前衛巡洋戦隊 B群</Deck_name>
	<Formation_id>2</Formation_id>
	<E1_id>527</E1_id>
	<E1_lv>1</E1_lv>
	<E2_id>527</E2_id>
	<E2_lv>1</E2_lv>
	<E3_id>555</E3_id>
	<E3_lv>1</E3_lv>
	<E4_id>554</E4_id>
	<E4_lv>1</E4_lv>
	<E5_id>575</E5_id>
	<E5_lv>1</E5_lv>
	<E6_id>575</E6_id>
	<E6_lv>1</E6_lv>
	<Geth>10</Geth>
	<Experience>110</Experience>
</mst_mapenemy2>
<mst_mapenemy2>
	<Id>1120106</Id>
	<Maparea_id>11</Maparea_id>
	<Mapinfo_no>2</Mapinfo_no>
	<Enemy_list_id>11201</Enemy_list_id>
	<Boss>0</Boss>
	<Deck_id>6</Deck_id>
	<Deck_name>前衛巡洋戦隊 B群</Deck_name>
	<Formation_id>1</Formation_id>
	<E1_id>527</E1_id>
	<E1_lv>1</E1_lv>
	<E2_id>527</E2_id>
	<E2_lv>1</E2_lv>
	<E3_id>555</E3_id>
	<E3_lv>1</E3_lv>
	<E4_id>518</E4_id>
	<E4_lv>1</E4_lv>
	<E5_id>501</E5_id>
	<E5_lv>1</E5_lv>
	<E6_id>501</E6_id>
	<E6_lv>1</E6_lv>
	<Geth>10</Geth>
	<Experience>80</Experience>
</mst_mapenemy2>
<mst_mapenemy2>
	<Id>1120107</Id>
	<Maparea_id>11</Maparea_id>
	<Mapinfo_no>2</Mapinfo_no>
	<Enemy_list_id>11201</Enemy_list_id>
	<Boss>0</Boss>
	<Deck_id>7</Deck_id>
	<Deck_name>前衛巡洋戦隊 B群</Deck_name>
	<Formation_id>2</Formation_id>
	<E1_id>527</E1_id>
	<E1_lv>1</E1_lv>
	<E2_id>527</E2_id>
	<E2_lv>1</E2_lv>
	<E3_id>555</E3_id>
	<E3_lv>1</E3_lv>
	<E4_id>518</E4_id>
	<E4_lv>1</E4_lv>
	<E5_id>501</E5_id>
	<E5_lv>1</E5_lv>
	<E6_id>501</E6_id>
	<E6_lv>1</E6_lv>
	<Geth>10</Geth>
	<Experience>80</Experience>
</mst_mapenemy2>
<mst_mapenemy2>
	<Id>1120108</Id>
	<Maparea_id>11</Maparea_id>
	<Mapinfo_no>2</Mapinfo_no>
	<Enemy_list_id>11201</Enemy_list_id>
	<Boss>0</Boss>
	<Deck_id>8</Deck_id>
	<Deck_name>前衛巡洋戦隊 B群</Deck_name>
	<Formation_id>1</Formation_id>
	<E1_id>522</E1_id>
	<E1_lv>1</E1_lv>
	<E2_id>522</E2_id>
	<E2_lv>1</E2_lv>
	<E3_id>519</E3_id>
	<E3_lv>1</E3_lv>
	<E4_id>505</E4_id>
	<E4_lv>1</E4_lv>
	<E5_id>501</E5_id>
	<E5_lv>1</E5_lv>
	<E6_id>501</E6_id>
	<E6_lv>1</E6_lv>
	<Geth>10</Geth>
	<Experience>70</Experience>
</mst_mapenemy2>
<mst_mapenemy2>
	<Id>1120109</Id>
	<Maparea_id>11</Maparea_id>
	<Mapinfo_no>2</Mapinfo_no>
	<Enemy_list_id>11201</Enemy_list_id>
	<Boss>0</Boss>
	<Deck_id>9</Deck_id>
	<Deck_name>前衛巡洋戦隊 B群</Deck_name>
	<Formation_id>2</Formation_id>
	<E1_id>522</E1_id>
	<E1_lv>1</E1_lv>
	<E2_id>522</E2_id>
	<E2_lv>1</E2_lv>
	<E3_id>519</E3_id>
	<E3_lv>1</E3_lv>
	<E4_id>505</E4_id>
	<E4_lv>1</E4_lv>
	<E5_id>501</E5_id>
	<E5_lv>1</E5_lv>
	<E6_id>0</E6_id>
	<E6_lv>0</E6_lv>
	<Geth>10</Geth>
	<Experience>65</Experience>
</mst_mapenemy2>
<mst_mapenemy2>
	<Id>1120201</Id>
	<Maparea_id>11</Maparea_id>
	<Mapinfo_no>2</Mapinfo_no>
	<Enemy_list_id>11202</Enemy_list_id>
	<Boss>0</Boss>
	<Deck_id>1</Deck_id>
	<Deck_name>潜水艦補給部隊</Deck_name>
	<Formation_id>1</Formation_id>
	<E1_id>558</E1_id>
	<E1_lv>1</E1_lv>
	<E2_id>555</E2_id>
	<E2_lv>1</E2_lv>
	<E3_id>576</E3_id>
	<E3_lv>1</E3_lv>
	<E4_id>576</E4_id>
	<E4_lv>1</E4_lv>
	<E5_id>532</E5_id>
	<E5_lv>50</E5_lv>
	<E6_id>532</E6_id>
	<E6_lv>50</E6_lv>
	<Geth>10</Geth>
	<Experience>140</Experience>
</mst_mapenemy2>
<mst_mapenemy2>
	<Id>1120202</Id>
	<Maparea_id>11</Maparea_id>
	<Mapinfo_no>2</Mapinfo_no>
	<Enemy_list_id>11202</Enemy_list_id>
	<Boss>0</Boss>
	<Deck_id>2</Deck_id>
	<Deck_name>潜水艦補給部隊</Deck_name>
	<Formation_id>2</Formation_id>
	<E1_id>558</E1_id>
	<E1_lv>1</E1_lv>
	<E2_id>555</E2_id>
	<E2_lv>1</E2_lv>
	<E3_id>576</E3_id>
	<E3_lv>1</E3_lv>
	<E4_id>576</E4_id>
	<E4_lv>1</E4_lv>
	<E5_id>532</E5_id>
	<E5_lv>50</E5_lv>
	<E6_id>532</E6_id>
	<E6_lv>50</E6_lv>
	<Geth>10</Geth>
	<Experience>140</Experience>
</mst_mapenemy2>
<mst_mapenemy2>
	<Id>1120203</Id>
	<Maparea_id>11</Maparea_id>
	<Mapinfo_no>2</Mapinfo_no>
	<Enemy_list_id>11202</Enemy_list_id>
	<Boss>0</Boss>
	<Deck_id>3</Deck_id>
	<Deck_name>潜水艦補給部隊</Deck_name>
	<Formation_id>3</Formation_id>
	<E1_id>558</E1_id>
	<E1_lv>1</E1_lv>
	<E2_id>555</E2_id>
	<E2_lv>1</E2_lv>
	<E3_id>576</E3_id>
	<E3_lv>1</E3_lv>
	<E4_id>576</E4_id>
	<E4_lv>1</E4_lv>
	<E5_id>532</E5_id>
	<E5_lv>50</E5_lv>
	<E6_id>532</E6_id>
	<E6_lv>50</E6_lv>
	<Geth>10</Geth>
	<Experience>140</Experience>
</mst_mapenemy2>
<mst_mapenemy2>
	<Id>1120204</Id>
	<Maparea_id>11</Maparea_id>
	<Mapinfo_no>2</Mapinfo_no>
	<Enemy_list_id>11202</Enemy_list_id>
	<Boss>0</Boss>
	<Deck_id>4</Deck_id>
	<Deck_name>潜水艦補給部隊</Deck_name>
	<Formation_id>3</Formation_id>
	<E1_id>558</E1_id>
	<E1_lv>1</E1_lv>
	<E2_id>554</E2_id>
	<E2_lv>1</E2_lv>
	<E3_id>575</E3_id>
	<E3_lv>1</E3_lv>
	<E4_id>575</E4_id>
	<E4_lv>1</E4_lv>
	<E5_id>532</E5_id>
	<E5_lv>50</E5_lv>
	<E6_id>0</E6_id>
	<E6_lv>0</E6_lv>
	<Geth>10</Geth>
	<Experience>110</Experience>
</mst_mapenemy2>
<mst_mapenemy2>
	<Id>1120205</Id>
	<Maparea_id>11</Maparea_id>
	<Mapinfo_no>2</Mapinfo_no>
	<Enemy_list_id>11202</Enemy_list_id>
	<Boss>0</Boss>
	<Deck_id>5</Deck_id>
	<Deck_name>潜水艦補給部隊</Deck_name>
	<Formation_id>3</Formation_id>
	<E1_id>558</E1_id>
	<E1_lv>1</E1_lv>
	<E2_id>554</E2_id>
	<E2_lv>1</E2_lv>
	<E3_id>575</E3_id>
	<E3_lv>1</E3_lv>
	<E4_id>575</E4_id>
	<E4_lv>1</E4_lv>
	<E5_id>532</E5_id>
	<E5_lv>50</E5_lv>
	<E6_id>0</E6_id>
	<E6_lv>0</E6_lv>
	<Geth>10</Geth>
	<Experience>110</Experience>
</mst_mapenemy2>
<mst_mapenemy2>
	<Id>1120206</Id>
	<Maparea_id>11</Maparea_id>
	<Mapinfo_no>2</Mapinfo_no>
	<Enemy_list_id>11202</Enemy_list_id>
	<Boss>0</Boss>
	<Deck_id>6</Deck_id>
	<Deck_name>潜水艦補給部隊</Deck_name>
	<Formation_id>2</Formation_id>
	<E1_id>526</E1_id>
	<E1_lv>1</E1_lv>
	<E2_id>518</E2_id>
	<E2_lv>1</E2_lv>
	<E3_id>575</E3_id>
	<E3_lv>1</E3_lv>
	<E4_id>575</E4_id>
	<E4_lv>1</E4_lv>
	<E5_id>530</E5_id>
	<E5_lv>50</E5_lv>
	<E6_id>0</E6_id>
	<E6_lv>0</E6_lv>
	<Geth>10</Geth>
	<Experience>90</Experience>
</mst_mapenemy2>
<mst_mapenemy2>
	<Id>1120207</Id>
	<Maparea_id>11</Maparea_id>
	<Mapinfo_no>2</Mapinfo_no>
	<Enemy_list_id>11202</Enemy_list_id>
	<Boss>0</Boss>
	<Deck_id>7</Deck_id>
	<Deck_name>潜水艦補給部隊</Deck_name>
	<Formation_id>3</Formation_id>
	<E1_id>526</E1_id>
	<E1_lv>1</E1_lv>
	<E2_id>518</E2_id>
	<E2_lv>1</E2_lv>
	<E3_id>575</E3_id>
	<E3_lv>1</E3_lv>
	<E4_id>575</E4_id>
	<E4_lv>1</E4_lv>
	<E5_id>530</E5_id>
	<E5_lv>50</E5_lv>
	<E6_id>0</E6_id>
	<E6_lv>0</E6_lv>
	<Geth>10</Geth>
	<Experience>90</Experience>
</mst_mapenemy2>
<mst_mapenemy2>
	<Id>1120208</Id>
	<Maparea_id>11</Maparea_id>
	<Mapinfo_no>2</Mapinfo_no>
	<Enemy_list_id>11202</Enemy_list_id>
	<Boss>0</Boss>
	<Deck_id>8</Deck_id>
	<Deck_name>潜水艦補給部隊</Deck_name>
	<Formation_id>2</Formation_id>
	<E1_id>526</E1_id>
	<E1_lv>1</E1_lv>
	<E2_id>518</E2_id>
	<E2_lv>1</E2_lv>
	<E3_id>501</E3_id>
	<E3_lv>1</E3_lv>
	<E4_id>501</E4_id>
	<E4_lv>1</E4_lv>
	<E5_id>530</E5_id>
	<E5_lv>50</E5_lv>
	<E6_id>0</E6_id>
	<E6_lv>0</E6_lv>
	<Geth>10</Geth>
	<Experience>70</Experience>
</mst_mapenemy2>
<mst_mapenemy2>
	<Id>1120209</Id>
	<Maparea_id>11</Maparea_id>
	<Mapinfo_no>2</Mapinfo_no>
	<Enemy_list_id>11202</Enemy_list_id>
	<Boss>0</Boss>
	<Deck_id>9</Deck_id>
	<Deck_name>潜水艦補給部隊</Deck_name>
	<Formation_id>3</Formation_id>
	<E1_id>526</E1_id>
	<E1_lv>1</E1_lv>
	<E2_id>518</E2_id>
	<E2_lv>1</E2_lv>
	<E3_id>501</E3_id>
	<E3_lv>1</E3_lv>
	<E4_id>501</E4_id>
	<E4_lv>1</E4_lv>
	<E5_id>530</E5_id>
	<E5_lv>50</E5_lv>
	<E6_id>0</E6_id>
	<E6_lv>0</E6_lv>
	<Geth>10</Geth>
	<Experience>70</Experience>
</mst_mapenemy2>
<mst_mapenemy2>
	<Id>1120301</Id>
	<Maparea_id>11</Maparea_id>
	<Mapinfo_no>2</Mapinfo_no>
	<Enemy_list_id>11203</Enemy_list_id>
	<Boss>0</Boss>
	<Deck_id>1</Deck_id>
	<Deck_name>前衛巡洋戦隊 A群</Deck_name>
	<Formation_id>1</Formation_id>
	<E1_id>527</E1_id>
	<E1_lv>1</E1_lv>
	<E2_id>555</E2_id>
	<E2_lv>1</E2_lv>
	<E3_id>559</E3_id>
	<E3_lv>1</E3_lv>
	<E4_id>559</E4_id>
	<E4_lv>1</E4_lv>
	<E5_id>577</E5_id>
	<E5_lv>1</E5_lv>
	<E6_id>577</E6_id>
	<E6_lv>1</E6_lv>
	<Geth>22</Geth>
	<Experience>150</Experience>
</mst_mapenemy2>
<mst_mapenemy2>
	<Id>1120302</Id>
	<Maparea_id>11</Maparea_id>
	<Mapinfo_no>2</Mapinfo_no>
	<Enemy_list_id>11203</Enemy_list_id>
	<Boss>0</Boss>
	<Deck_id>2</Deck_id>
	<Deck_name>前衛巡洋戦隊 A群</Deck_name>
	<Formation_id>1</Formation_id>
	<E1_id>527</E1_id>
	<E1_lv>1</E1_lv>
	<E2_id>555</E2_id>
	<E2_lv>1</E2_lv>
	<E3_id>559</E3_id>
	<E3_lv>1</E3_lv>
	<E4_id>559</E4_id>
	<E4_lv>1</E4_lv>
	<E5_id>575</E5_id>
	<E5_lv>1</E5_lv>
	<E6_id>575</E6_id>
	<E6_lv>1</E6_lv>
	<Geth>20</Geth>
	<Experience>120</Experience>
</mst_mapenemy2>
<mst_mapenemy2>
	<Id>1120303</Id>
	<Maparea_id>11</Maparea_id>
	<Mapinfo_no>2</Mapinfo_no>
	<Enemy_list_id>11203</Enemy_list_id>
	<Boss>0</Boss>
	<Deck_id>3</Deck_id>
	<Deck_name>前衛巡洋戦隊 A群</Deck_name>
	<Formation_id>2</Formation_id>
	<E1_id>527</E1_id>
	<E1_lv>1</E1_lv>
	<E2_id>555</E2_id>
	<E2_lv>1</E2_lv>
	<E3_id>559</E3_id>
	<E3_lv>1</E3_lv>
	<E4_id>559</E4_id>
	<E4_lv>1</E4_lv>
	<E5_id>575</E5_id>
	<E5_lv>1</E5_lv>
	<E6_id>575</E6_id>
	<E6_lv>1</E6_lv>
	<Geth>18</Geth>
	<Experience>120</Experience>
</mst_mapenemy2>
<mst_mapenemy2>
	<Id>1120304</Id>
	<Maparea_id>11</Maparea_id>
	<Mapinfo_no>2</Mapinfo_no>
	<Enemy_list_id>11203</Enemy_list_id>
	<Boss>0</Boss>
	<Deck_id>4</Deck_id>
	<Deck_name>前衛巡洋戦隊 A群</Deck_name>
	<Formation_id>1</Formation_id>
	<E1_id>527</E1_id>
	<E1_lv>1</E1_lv>
	<E2_id>555</E2_id>
	<E2_lv>1</E2_lv>
	<E3_id>521</E3_id>
	<E3_lv>1</E3_lv>
	<E4_id>521</E4_id>
	<E4_lv>1</E4_lv>
	<E5_id>521</E5_id>
	<E5_lv>1</E5_lv>
	<E6_id>575</E6_id>
	<E6_lv>1</E6_lv>
	<Geth>12</Geth>
	<Experience>110</Experience>
</mst_mapenemy2>
<mst_mapenemy2>
	<Id>1120305</Id>
	<Maparea_id>11</Maparea_id>
	<Mapinfo_no>2</Mapinfo_no>
	<Enemy_list_id>11203</Enemy_list_id>
	<Boss>0</Boss>
	<Deck_id>5</Deck_id>
	<Deck_name>前衛巡洋戦隊 A群</Deck_name>
	<Formation_id>2</Formation_id>
	<E1_id>527</E1_id>
	<E1_lv>1</E1_lv>
	<E2_id>555</E2_id>
	<E2_lv>1</E2_lv>
	<E3_id>521</E3_id>
	<E3_lv>1</E3_lv>
	<E4_id>521</E4_id>
	<E4_lv>1</E4_lv>
	<E5_id>575</E5_id>
	<E5_lv>1</E5_lv>
	<E6_id>575</E6_id>
	<E6_lv>1</E6_lv>
	<Geth>10</Geth>
	<Experience>110</Experience>
</mst_mapenemy2>
<mst_mapenemy2>
	<Id>1120306</Id>
	<Maparea_id>11</Maparea_id>
	<Mapinfo_no>2</Mapinfo_no>
	<Enemy_list_id>11203</Enemy_list_id>
	<Boss>0</Boss>
	<Deck_id>6</Deck_id>
	<Deck_name>前衛巡洋戦隊 A群</Deck_name>
	<Formation_id>1</Formation_id>
	<E1_id>522</E1_id>
	<E1_lv>1</E1_lv>
	<E2_id>521</E2_id>
	<E2_lv>1</E2_lv>
	<E3_id>521</E3_id>
	<E3_lv>1</E3_lv>
	<E4_id>518</E4_id>
	<E4_lv>1</E4_lv>
	<E5_id>501</E5_id>
	<E5_lv>1</E5_lv>
	<E6_id>501</E6_id>
	<E6_lv>1</E6_lv>
	<Geth>10</Geth>
	<Experience>90</Experience>
</mst_mapenemy2>
<mst_mapenemy2>
	<Id>1120307</Id>
	<Maparea_id>11</Maparea_id>
	<Mapinfo_no>2</Mapinfo_no>
	<Enemy_list_id>11203</Enemy_list_id>
	<Boss>0</Boss>
	<Deck_id>7</Deck_id>
	<Deck_name>前衛巡洋戦隊 A群</Deck_name>
	<Formation_id>2</Formation_id>
	<E1_id>522</E1_id>
	<E1_lv>1</E1_lv>
	<E2_id>521</E2_id>
	<E2_lv>1</E2_lv>
	<E3_id>521</E3_id>
	<E3_lv>1</E3_lv>
	<E4_id>518</E4_id>
	<E4_lv>1</E4_lv>
	<E5_id>501</E5_id>
	<E5_lv>1</E5_lv>
	<E6_id>501</E6_id>
	<E6_lv>1</E6_lv>
	<Geth>10</Geth>
	<Experience>90</Experience>
</mst_mapenemy2>
<mst_mapenemy2>
	<Id>1120308</Id>
	<Maparea_id>11</Maparea_id>
	<Mapinfo_no>2</Mapinfo_no>
	<Enemy_list_id>11203</Enemy_list_id>
	<Boss>0</Boss>
	<Deck_id>8</Deck_id>
	<Deck_name>前衛巡洋戦隊 A群</Deck_name>
	<Formation_id>1</Formation_id>
	<E1_id>522</E1_id>
	<E1_lv>1</E1_lv>
	<E2_id>521</E2_id>
	<E2_lv>1</E2_lv>
	<E3_id>505</E3_id>
	<E3_lv>1</E3_lv>
	<E4_id>501</E4_id>
	<E4_lv>1</E4_lv>
	<E5_id>501</E5_id>
	<E5_lv>1</E5_lv>
	<E6_id>0</E6_id>
	<E6_lv>0</E6_lv>
	<Geth>10</Geth>
	<Experience>65</Experience>
</mst_mapenemy2>
<mst_mapenemy2>
	<Id>1120309</Id>
	<Maparea_id>11</Maparea_id>
	<Mapinfo_no>2</Mapinfo_no>
	<Enemy_list_id>11203</Enemy_list_id>
	<Boss>0</Boss>
	<Deck_id>9</Deck_id>
	<Deck_name>前衛巡洋戦隊 A群</Deck_name>
	<Formation_id>2</Formation_id>
	<E1_id>522</E1_id>
	<E1_lv>1</E1_lv>
	<E2_id>521</E2_id>
	<E2_lv>1</E2_lv>
	<E3_id>505</E3_id>
	<E3_lv>1</E3_lv>
	<E4_id>501</E4_id>
	<E4_lv>1</E4_lv>
	<E5_id>501</E5_id>
	<E5_lv>1</E5_lv>
	<E6_id>0</E6_id>
	<E6_lv>0</E6_lv>
	<Geth>10</Geth>
	<Experience>65</Experience>
</mst_mapenemy2>
<mst_mapenemy2>
	<Id>1120401</Id>
	<Maparea_id>11</Maparea_id>
	<Mapinfo_no>2</Mapinfo_no>
	<Enemy_list_id>11204</Enemy_list_id>
	<Boss>0</Boss>
	<Deck_id>1</Deck_id>
	<Deck_name>強襲揚陸支援部隊</Deck_name>
	<Formation_id>1</Formation_id>
	<E1_id>601</E1_id>
	<E1_lv>1</E1_lv>
	<E2_id>555</E2_id>
	<E2_lv>1</E2_lv>
	<E3_id>555</E3_id>
	<E3_lv>1</E3_lv>
	<E4_id>576</E4_id>
	<E4_lv>1</E4_lv>
	<E5_id>576</E5_id>
	<E5_lv>1</E5_lv>
	<E6_id>576</E6_id>
	<E6_lv>1</E6_lv>
	<Geth>0</Geth>
	<Experience>180</Experience>
</mst_mapenemy2>
<mst_mapenemy2>
	<Id>1120402</Id>
	<Maparea_id>11</Maparea_id>
	<Mapinfo_no>2</Mapinfo_no>
	<Enemy_list_id>11204</Enemy_list_id>
	<Boss>0</Boss>
	<Deck_id>2</Deck_id>
	<Deck_name>強襲揚陸支援部隊</Deck_name>
	<Formation_id>1</Formation_id>
	<E1_id>555</E1_id>
	<E1_lv>1</E1_lv>
	<E2_id>555</E2_id>
	<E2_lv>1</E2_lv>
	<E3_id>554</E3_id>
	<E3_lv>1</E3_lv>
	<E4_id>576</E4_id>
	<E4_lv>1</E4_lv>
	<E5_id>575</E5_id>
	<E5_lv>1</E5_lv>
	<E6_id>575</E6_id>
	<E6_lv>1</E6_lv>
	<Geth>14</Geth>
	<Experience>130</Experience>
</mst_mapenemy2>
<mst_mapenemy2>
	<Id>1120403</Id>
	<Maparea_id>11</Maparea_id>
	<Mapinfo_no>2</Mapinfo_no>
	<Enemy_list_id>11204</Enemy_list_id>
	<Boss>0</Boss>
	<Deck_id>3</Deck_id>
	<Deck_name>強襲揚陸支援部隊</Deck_name>
	<Formation_id>2</Formation_id>
	<E1_id>555</E1_id>
	<E1_lv>1</E1_lv>
	<E2_id>555</E2_id>
	<E2_lv>1</E2_lv>
	<E3_id>554</E3_id>
	<E3_lv>1</E3_lv>
	<E4_id>576</E4_id>
	<E4_lv>1</E4_lv>
	<E5_id>575</E5_id>
	<E5_lv>1</E5_lv>
	<E6_id>575</E6_id>
	<E6_lv>1</E6_lv>
	<Geth>12</Geth>
	<Experience>130</Experience>
</mst_mapenemy2>
<mst_mapenemy2>
	<Id>1120404</Id>
	<Maparea_id>11</Maparea_id>
	<Mapinfo_no>2</Mapinfo_no>
	<Enemy_list_id>11204</Enemy_list_id>
	<Boss>0</Boss>
	<Deck_id>4</Deck_id>
	<Deck_name>強襲揚陸支援部隊</Deck_name>
	<Formation_id>1</Formation_id>
	<E1_id>555</E1_id>
	<E1_lv>1</E1_lv>
	<E2_id>554</E2_id>
	<E2_lv>1</E2_lv>
	<E3_id>554</E3_id>
	<E3_lv>1</E3_lv>
	<E4_id>575</E4_id>
	<E4_lv>1</E4_lv>
	<E5_id>575</E5_id>
	<E5_lv>1</E5_lv>
	<E6_id>575</E6_id>
	<E6_lv>1</E6_lv>
	<Geth>10</Geth>
	<Experience>110</Experience>
</mst_mapenemy2>
<mst_mapenemy2>
	<Id>1120405</Id>
	<Maparea_id>11</Maparea_id>
	<Mapinfo_no>2</Mapinfo_no>
	<Enemy_list_id>11204</Enemy_list_id>
	<Boss>0</Boss>
	<Deck_id>5</Deck_id>
	<Deck_name>強襲揚陸支援部隊</Deck_name>
	<Formation_id>2</Formation_id>
	<E1_id>555</E1_id>
	<E1_lv>1</E1_lv>
	<E2_id>554</E2_id>
	<E2_lv>1</E2_lv>
	<E3_id>554</E3_id>
	<E3_lv>1</E3_lv>
	<E4_id>575</E4_id>
	<E4_lv>1</E4_lv>
	<E5_id>575</E5_id>
	<E5_lv>1</E5_lv>
	<E6_id>575</E6_id>
	<E6_lv>1</E6_lv>
	<Geth>8</Geth>
	<Experience>110</Experience>
</mst_mapenemy2>
<mst_mapenemy2>
	<Id>1120406</Id>
	<Maparea_id>11</Maparea_id>
	<Mapinfo_no>2</Mapinfo_no>
	<Enemy_list_id>11204</Enemy_list_id>
	<Boss>0</Boss>
	<Deck_id>6</Deck_id>
	<Deck_name>強襲揚陸支援部隊</Deck_name>
	<Formation_id>1</Formation_id>
	<E1_id>555</E1_id>
	<E1_lv>1</E1_lv>
	<E2_id>554</E2_id>
	<E2_lv>1</E2_lv>
	<E3_id>575</E3_id>
	<E3_lv>1</E3_lv>
	<E4_id>501</E4_id>
	<E4_lv>1</E4_lv>
	<E5_id>501</E5_id>
	<E5_lv>1</E5_lv>
	<E6_id>501</E6_id>
	<E6_lv>1</E6_lv>
	<Geth>6</Geth>
	<Experience>75</Experience>
</mst_mapenemy2>
<mst_mapenemy2>
	<Id>1120407</Id>
	<Maparea_id>11</Maparea_id>
	<Mapinfo_no>2</Mapinfo_no>
	<Enemy_list_id>11204</Enemy_list_id>
	<Boss>0</Boss>
	<Deck_id>7</Deck_id>
	<Deck_name>強襲揚陸支援部隊</Deck_name>
	<Formation_id>2</Formation_id>
	<E1_id>555</E1_id>
	<E1_lv>1</E1_lv>
	<E2_id>554</E2_id>
	<E2_lv>1</E2_lv>
	<E3_id>575</E3_id>
	<E3_lv>1</E3_lv>
	<E4_id>501</E4_id>
	<E4_lv>1</E4_lv>
	<E5_id>501</E5_id>
	<E5_lv>1</E5_lv>
	<E6_id>501</E6_id>
	<E6_lv>1</E6_lv>
	<Geth>6</Geth>
	<Experience>75</Experience>
</mst_mapenemy2>
<mst_mapenemy2>
	<Id>1120408</Id>
	<Maparea_id>11</Maparea_id>
	<Mapinfo_no>2</Mapinfo_no>
	<Enemy_list_id>11204</Enemy_list_id>
	<Boss>0</Boss>
	<Deck_id>8</Deck_id>
	<Deck_name>強襲揚陸支援部隊</Deck_name>
	<Formation_id>1</Formation_id>
	<E1_id>519</E1_id>
	<E1_lv>1</E1_lv>
	<E2_id>518</E2_id>
	<E2_lv>1</E2_lv>
	<E3_id>501</E3_id>
	<E3_lv>1</E3_lv>
	<E4_id>501</E4_id>
	<E4_lv>1</E4_lv>
	<E5_id>501</E5_id>
	<E5_lv>1</E5_lv>
	<E6_id>0</E6_id>
	<E6_lv>0</E6_lv>
	<Geth>6</Geth>
	<Experience>60</Experience>
</mst_mapenemy2>
<mst_mapenemy2>
	<Id>1120409</Id>
	<Maparea_id>11</Maparea_id>
	<Mapinfo_no>2</Mapinfo_no>
	<Enemy_list_id>11204</Enemy_list_id>
	<Boss>0</Boss>
	<Deck_id>9</Deck_id>
	<Deck_name>強襲揚陸支援部隊</Deck_name>
	<Formation_id>2</Formation_id>
	<E1_id>519</E1_id>
	<E1_lv>1</E1_lv>
	<E2_id>518</E2_id>
	<E2_lv>1</E2_lv>
	<E3_id>501</E3_id>
	<E3_lv>1</E3_lv>
	<E4_id>501</E4_id>
	<E4_lv>1</E4_lv>
	<E5_id>501</E5_id>
	<E5_lv>1</E5_lv>
	<E6_id>0</E6_id>
	<E6_lv>0</E6_lv>
	<Geth>6</Geth>
	<Experience>60</Experience>
</mst_mapenemy2>
<mst_mapenemy2>
	<Id>1120501</Id>
	<Maparea_id>11</Maparea_id>
	<Mapinfo_no>2</Mapinfo_no>
	<Enemy_list_id>11205</Enemy_list_id>
	<Boss>0</Boss>
	<Deck_id>1</Deck_id>
	<Deck_name>強襲揚陸艦隊 II群</Deck_name>
	<Formation_id>2</Formation_id>
	<E1_id>598</E1_id>
	<E1_lv>1</E1_lv>
	<E2_id>527</E2_id>
	<E2_lv>1</E2_lv>
	<E3_id>560</E3_id>
	<E3_lv>1</E3_lv>
	<E4_id>560</E4_id>
	<E4_lv>1</E4_lv>
	<E5_id>558</E5_id>
	<E5_lv>1</E5_lv>
	<E6_id>558</E6_id>
	<E6_lv>1</E6_lv>
	<Geth>1</Geth>
	<Experience>200</Experience>
</mst_mapenemy2>
<mst_mapenemy2>
	<Id>1120502</Id>
	<Maparea_id>11</Maparea_id>
	<Mapinfo_no>2</Mapinfo_no>
	<Enemy_list_id>11205</Enemy_list_id>
	<Boss>0</Boss>
	<Deck_id>2</Deck_id>
	<Deck_name>強襲揚陸艦隊 II群</Deck_name>
	<Formation_id>2</Formation_id>
	<E1_id>597</E1_id>
	<E1_lv>1</E1_lv>
	<E2_id>555</E2_id>
	<E2_lv>1</E2_lv>
	<E3_id>560</E3_id>
	<E3_lv>1</E3_lv>
	<E4_id>560</E4_id>
	<E4_lv>1</E4_lv>
	<E5_id>558</E5_id>
	<E5_lv>1</E5_lv>
	<E6_id>558</E6_id>
	<E6_lv>1</E6_lv>
	<Geth>1</Geth>
	<Experience>180</Experience>
</mst_mapenemy2>
<mst_mapenemy2>
	<Id>1120503</Id>
	<Maparea_id>11</Maparea_id>
	<Mapinfo_no>2</Mapinfo_no>
	<Enemy_list_id>11205</Enemy_list_id>
	<Boss>0</Boss>
	<Deck_id>3</Deck_id>
	<Deck_name>強襲揚陸艦隊 II群</Deck_name>
	<Formation_id>2</Formation_id>
	<E1_id>597</E1_id>
	<E1_lv>1</E1_lv>
	<E2_id>555</E2_id>
	<E2_lv>1</E2_lv>
	<E3_id>560</E3_id>
	<E3_lv>1</E3_lv>
	<E4_id>575</E4_id>
	<E4_lv>1</E4_lv>
	<E5_id>575</E5_id>
	<E5_lv>1</E5_lv>
	<E6_id>558</E6_id>
	<E6_lv>1</E6_lv>
	<Geth>2</Geth>
	<Experience>170</Experience>
</mst_mapenemy2>
<mst_mapenemy2>
	<Id>1120504</Id>
	<Maparea_id>11</Maparea_id>
	<Mapinfo_no>2</Mapinfo_no>
	<Enemy_list_id>11205</Enemy_list_id>
	<Boss>0</Boss>
	<Deck_id>4</Deck_id>
	<Deck_name>強襲揚陸艦隊 II群</Deck_name>
	<Formation_id>2</Formation_id>
	<E1_id>555</E1_id>
	<E1_lv>1</E1_lv>
	<E2_id>560</E2_id>
	<E2_lv>1</E2_lv>
	<E3_id>575</E3_id>
	<E3_lv>1</E3_lv>
	<E4_id>575</E4_id>
	<E4_lv>1</E4_lv>
	<E5_id>558</E5_id>
	<E5_lv>1</E5_lv>
	<E6_id>558</E6_id>
	<E6_lv>1</E6_lv>
	<Geth>2</Geth>
	<Experience>120</Experience>
</mst_mapenemy2>
<mst_mapenemy2>
	<Id>1120505</Id>
	<Maparea_id>11</Maparea_id>
	<Mapinfo_no>2</Mapinfo_no>
	<Enemy_list_id>11205</Enemy_list_id>
	<Boss>0</Boss>
	<Deck_id>5</Deck_id>
	<Deck_name>強襲揚陸艦隊 II群</Deck_name>
	<Formation_id>2</Formation_id>
	<E1_id>555</E1_id>
	<E1_lv>1</E1_lv>
	<E2_id>560</E2_id>
	<E2_lv>1</E2_lv>
	<E3_id>575</E3_id>
	<E3_lv>1</E3_lv>
	<E4_id>575</E4_id>
	<E4_lv>1</E4_lv>
	<E5_id>526</E5_id>
	<E5_lv>1</E5_lv>
	<E6_id>526</E6_id>
	<E6_lv>1</E6_lv>
	<Geth>3</Geth>
	<Experience>110</Experience>
</mst_mapenemy2>
<mst_mapenemy2>
	<Id>1120506</Id>
	<Maparea_id>11</Maparea_id>
	<Mapinfo_no>2</Mapinfo_no>
	<Enemy_list_id>11205</Enemy_list_id>
	<Boss>0</Boss>
	<Deck_id>6</Deck_id>
	<Deck_name>強襲揚陸艦隊 II群</Deck_name>
	<Formation_id>2</Formation_id>
	<E1_id>555</E1_id>
	<E1_lv>1</E1_lv>
	<E2_id>523</E2_id>
	<E2_lv>1</E2_lv>
	<E3_id>575</E3_id>
	<E3_lv>1</E3_lv>
	<E4_id>575</E4_id>
	<E4_lv>1</E4_lv>
	<E5_id>513</E5_id>
	<E5_lv>1</E5_lv>
	<E6_id>513</E6_id>
	<E6_lv>1</E6_lv>
	<Geth>4</Geth>
	<Experience>100</Experience>
</mst_mapenemy2>
<mst_mapenemy2>
	<Id>1120507</Id>
	<Maparea_id>11</Maparea_id>
	<Mapinfo_no>2</Mapinfo_no>
	<Enemy_list_id>11205</Enemy_list_id>
	<Boss>0</Boss>
	<Deck_id>7</Deck_id>
	<Deck_name>強襲揚陸艦隊 II群</Deck_name>
	<Formation_id>2</Formation_id>
	<E1_id>555</E1_id>
	<E1_lv>1</E1_lv>
	<E2_id>523</E2_id>
	<E2_lv>1</E2_lv>
	<E3_id>575</E3_id>
	<E3_lv>1</E3_lv>
	<E4_id>501</E4_id>
	<E4_lv>1</E4_lv>
	<E5_id>513</E5_id>
	<E5_lv>1</E5_lv>
	<E6_id>513</E6_id>
	<E6_lv>1</E6_lv>
	<Geth>5</Geth>
	<Experience>90</Experience>
</mst_mapenemy2>
<mst_mapenemy2>
	<Id>1120508</Id>
	<Maparea_id>11</Maparea_id>
	<Mapinfo_no>2</Mapinfo_no>
	<Enemy_list_id>11205</Enemy_list_id>
	<Boss>0</Boss>
	<Deck_id>8</Deck_id>
	<Deck_name>強襲揚陸艦隊 II群</Deck_name>
	<Formation_id>2</Formation_id>
	<E1_id>519</E1_id>
	<E1_lv>1</E1_lv>
	<E2_id>510</E2_id>
	<E2_lv>1</E2_lv>
	<E3_id>501</E3_id>
	<E3_lv>1</E3_lv>
	<E4_id>501</E4_id>
	<E4_lv>1</E4_lv>
	<E5_id>513</E5_id>
	<E5_lv>1</E5_lv>
	<E6_id>513</E6_id>
	<E6_lv>1</E6_lv>
	<Geth>6</Geth>
	<Experience>80</Experience>
</mst_mapenemy2>
<mst_mapenemy2>
	<Id>1120509</Id>
	<Maparea_id>11</Maparea_id>
	<Mapinfo_no>2</Mapinfo_no>
	<Enemy_list_id>11205</Enemy_list_id>
	<Boss>0</Boss>
	<Deck_id>9</Deck_id>
	<Deck_name>強襲揚陸艦隊 II群</Deck_name>
	<Formation_id>2</Formation_id>
	<E1_id>518</E1_id>
	<E1_lv>1</E1_lv>
	<E2_id>501</E2_id>
	<E2_lv>1</E2_lv>
	<E3_id>501</E3_id>
	<E3_lv>1</E3_lv>
	<E4_id>501</E4_id>
	<E4_lv>1</E4_lv>
	<E5_id>513</E5_id>
	<E5_lv>1</E5_lv>
	<E6_id>513</E6_id>
	<E6_lv>1</E6_lv>
	<Geth>7</Geth>
	<Experience>80</Experience>
</mst_mapenemy2>
<mst_mapenemy2>
	<Id>1120601</Id>
	<Maparea_id>11</Maparea_id>
	<Mapinfo_no>2</Mapinfo_no>
	<Enemy_list_id>11206</Enemy_list_id>
	<Boss>0</Boss>
	<Deck_id>1</Deck_id>
	<Deck_name>強襲揚陸艦隊 I群</Deck_name>
	<Formation_id>2</Formation_id>
	<E1_id>601</E1_id>
	<E1_lv>1</E1_lv>
	<E2_id>529</E2_id>
	<E2_lv>1</E2_lv>
	<E3_id>560</E3_id>
	<E3_lv>1</E3_lv>
	<E4_id>560</E4_id>
	<E4_lv>1</E4_lv>
	<E5_id>558</E5_id>
	<E5_lv>1</E5_lv>
	<E6_id>558</E6_id>
	<E6_lv>1</E6_lv>
	<Geth>0</Geth>
	<Experience>230</Experience>
</mst_mapenemy2>
<mst_mapenemy2>
	<Id>1120602</Id>
	<Maparea_id>11</Maparea_id>
	<Mapinfo_no>2</Mapinfo_no>
	<Enemy_list_id>11206</Enemy_list_id>
	<Boss>0</Boss>
	<Deck_id>2</Deck_id>
	<Deck_name>強襲揚陸艦隊 I群</Deck_name>
	<Formation_id>2</Formation_id>
	<E1_id>597</E1_id>
	<E1_lv>1</E1_lv>
	<E2_id>529</E2_id>
	<E2_lv>1</E2_lv>
	<E3_id>560</E3_id>
	<E3_lv>1</E3_lv>
	<E4_id>560</E4_id>
	<E4_lv>1</E4_lv>
	<E5_id>558</E5_id>
	<E5_lv>1</E5_lv>
	<E6_id>558</E6_id>
	<E6_lv>1</E6_lv>
	<Geth>0</Geth>
	<Experience>200</Experience>
</mst_mapenemy2>
<mst_mapenemy2>
	<Id>1120603</Id>
	<Maparea_id>11</Maparea_id>
	<Mapinfo_no>2</Mapinfo_no>
	<Enemy_list_id>11206</Enemy_list_id>
	<Boss>0</Boss>
	<Deck_id>3</Deck_id>
	<Deck_name>強襲揚陸艦隊 I群</Deck_name>
	<Formation_id>3</Formation_id>
	<E1_id>579</E1_id>
	<E1_lv>1</E1_lv>
	<E2_id>529</E2_id>
	<E2_lv>1</E2_lv>
	<E3_id>560</E3_id>
	<E3_lv>1</E3_lv>
	<E4_id>560</E4_id>
	<E4_lv>1</E4_lv>
	<E5_id>558</E5_id>
	<E5_lv>1</E5_lv>
	<E6_id>558</E6_id>
	<E6_lv>1</E6_lv>
	<Geth>1</Geth>
	<Experience>180</Experience>
</mst_mapenemy2>
<mst_mapenemy2>
	<Id>1120604</Id>
	<Maparea_id>11</Maparea_id>
	<Mapinfo_no>2</Mapinfo_no>
	<Enemy_list_id>11206</Enemy_list_id>
	<Boss>0</Boss>
	<Deck_id>4</Deck_id>
	<Deck_name>強襲揚陸艦隊 I群</Deck_name>
	<Formation_id>2</Formation_id>
	<E1_id>529</E1_id>
	<E1_lv>1</E1_lv>
	<E2_id>555</E2_id>
	<E2_lv>1</E2_lv>
	<E3_id>560</E3_id>
	<E3_lv>1</E3_lv>
	<E4_id>560</E4_id>
	<E4_lv>1</E4_lv>
	<E5_id>558</E5_id>
	<E5_lv>1</E5_lv>
	<E6_id>558</E6_id>
	<E6_lv>1</E6_lv>
	<Geth>1</Geth>
	<Experience>160</Experience>
</mst_mapenemy2>
<mst_mapenemy2>
	<Id>1120605</Id>
	<Maparea_id>11</Maparea_id>
	<Mapinfo_no>2</Mapinfo_no>
	<Enemy_list_id>11206</Enemy_list_id>
	<Boss>0</Boss>
	<Deck_id>5</Deck_id>
	<Deck_name>強襲揚陸艦隊 I群</Deck_name>
	<Formation_id>2</Formation_id>
	<E1_id>529</E1_id>
	<E1_lv>1</E1_lv>
	<E2_id>555</E2_id>
	<E2_lv>1</E2_lv>
	<E3_id>560</E3_id>
	<E3_lv>1</E3_lv>
	<E4_id>560</E4_id>
	<E4_lv>1</E4_lv>
	<E5_id>526</E5_id>
	<E5_lv>1</E5_lv>
	<E6_id>526</E6_id>
	<E6_lv>1</E6_lv>
	<Geth>2</Geth>
	<Experience>120</Experience>
</mst_mapenemy2>
<mst_mapenemy2>
	<Id>1120606</Id>
	<Maparea_id>11</Maparea_id>
	<Mapinfo_no>2</Mapinfo_no>
	<Enemy_list_id>11206</Enemy_list_id>
	<Boss>0</Boss>
	<Deck_id>6</Deck_id>
	<Deck_name>強襲揚陸艦隊 I群</Deck_name>
	<Formation_id>3</Formation_id>
	<E1_id>528</E1_id>
	<E1_lv>1</E1_lv>
	<E2_id>529</E2_id>
	<E2_lv>1</E2_lv>
	<E3_id>526</E3_id>
	<E3_lv>1</E3_lv>
	<E4_id>526</E4_id>
	<E4_lv>1</E4_lv>
	<E5_id>501</E5_id>
	<E5_lv>1</E5_lv>
	<E6_id>501</E6_id>
	<E6_lv>1</E6_lv>
	<Geth>3</Geth>
	<Experience>100</Experience>
</mst_mapenemy2>
<mst_mapenemy2>
	<Id>1120607</Id>
	<Maparea_id>11</Maparea_id>
	<Mapinfo_no>2</Mapinfo_no>
	<Enemy_list_id>11206</Enemy_list_id>
	<Boss>0</Boss>
	<Deck_id>7</Deck_id>
	<Deck_name>強襲揚陸艦隊 I群</Deck_name>
	<Formation_id>2</Formation_id>
	<E1_id>524</E1_id>
	<E1_lv>1</E1_lv>
	<E2_id>523</E2_id>
	<E2_lv>1</E2_lv>
	<E3_id>526</E3_id>
	<E3_lv>1</E3_lv>
	<E4_id>526</E4_id>
	<E4_lv>1</E4_lv>
	<E5_id>501</E5_id>
	<E5_lv>1</E5_lv>
	<E6_id>501</E6_id>
	<E6_lv>1</E6_lv>
	<Geth>4</Geth>
	<Experience>90</Experience>
</mst_mapenemy2>
<mst_mapenemy2>
	<Id>1120608</Id>
	<Maparea_id>11</Maparea_id>
	<Mapinfo_no>2</Mapinfo_no>
	<Enemy_list_id>11206</Enemy_list_id>
	<Boss>0</Boss>
	<Deck_id>8</Deck_id>
	<Deck_name>強襲揚陸艦隊 I群</Deck_name>
	<Formation_id>3</Formation_id>
	<E1_id>524</E1_id>
	<E1_lv>1</E1_lv>
	<E2_id>523</E2_id>
	<E2_lv>1</E2_lv>
	<E3_id>513</E3_id>
	<E3_lv>1</E3_lv>
	<E4_id>513</E4_id>
	<E4_lv>1</E4_lv>
	<E5_id>501</E5_id>
	<E5_lv>1</E5_lv>
	<E6_id>501</E6_id>
	<E6_lv>1</E6_lv>
	<Geth>5</Geth>
	<Experience>90</Experience>
</mst_mapenemy2>
<mst_mapenemy2>
	<Id>1120609</Id>
	<Maparea_id>11</Maparea_id>
	<Mapinfo_no>2</Mapinfo_no>
	<Enemy_list_id>11206</Enemy_list_id>
	<Boss>0</Boss>
	<Deck_id>9</Deck_id>
	<Deck_name>強襲揚陸艦隊 I群</Deck_name>
	<Formation_id>2</Formation_id>
	<E1_id>524</E1_id>
	<E1_lv>1</E1_lv>
	<E2_id>505</E2_id>
	<E2_lv>1</E2_lv>
	<E3_id>513</E3_id>
	<E3_lv>1</E3_lv>
	<E4_id>513</E4_id>
	<E4_lv>1</E4_lv>
	<E5_id>501</E5_id>
	<E5_lv>1</E5_lv>
	<E6_id>501</E6_id>
	<E6_lv>1</E6_lv>
	<Geth>6</Geth>
	<Experience>80</Experience>
</mst_mapenemy2>
<mst_mapenemy2>
	<Id>1120701</Id>
	<Maparea_id>11</Maparea_id>
	<Mapinfo_no>2</Mapinfo_no>
	<Enemy_list_id>11207</Enemy_list_id>
	<Boss>1</Boss>
	<Deck_id>1</Deck_id>
	<Deck_name>深海主力水上打撃群</Deck_name>
	<Formation_id>2</Formation_id>
	<E1_id>567</E1_id>
	<E1_lv>1</E1_lv>
	<E2_id>567</E2_id>
	<E2_lv>1</E2_lv>
	<E3_id>527</E3_id>
	<E3_lv>1</E3_lv>
	<E4_id>592</E4_id>
	<E4_lv>1</E4_lv>
	<E5_id>577</E5_id>
	<E5_lv>1</E5_lv>
	<E6_id>577</E6_id>
	<E6_lv>1</E6_lv>
	<Geth>0</Geth>
	<Experience>300</Experience>
</mst_mapenemy2>
<mst_mapenemy2>
	<Id>1120702</Id>
	<Maparea_id>11</Maparea_id>
	<Mapinfo_no>2</Mapinfo_no>
	<Enemy_list_id>11207</Enemy_list_id>
	<Boss>1</Boss>
	<Deck_id>2</Deck_id>
	<Deck_name>深海主力水上打撃群</Deck_name>
	<Formation_id>3</Formation_id>
	<E1_id>585</E1_id>
	<E1_lv>1</E1_lv>
	<E2_id>529</E2_id>
	<E2_lv>1</E2_lv>
	<E3_id>529</E3_id>
	<E3_lv>1</E3_lv>
	<E4_id>527</E4_id>
	<E4_lv>1</E4_lv>
	<E5_id>577</E5_id>
	<E5_lv>1</E5_lv>
	<E6_id>577</E6_id>
	<E6_lv>1</E6_lv>
	<Geth>0</Geth>
	<Experience>300</Experience>
</mst_mapenemy2>
<mst_mapenemy2>
	<Id>1120703</Id>
	<Maparea_id>11</Maparea_id>
	<Mapinfo_no>2</Mapinfo_no>
	<Enemy_list_id>11207</Enemy_list_id>
	<Boss>1</Boss>
	<Deck_id>3</Deck_id>
	<Deck_name>深海主力水上打撃群</Deck_name>
	<Formation_id>2</Formation_id>
	<E1_id>529</E1_id>
	<E1_lv>1</E1_lv>
	<E2_id>529</E2_id>
	<E2_lv>1</E2_lv>
	<E3_id>527</E3_id>
	<E3_lv>1</E3_lv>
	<E4_id>592</E4_id>
	<E4_lv>1</E4_lv>
	<E5_id>577</E5_id>
	<E5_lv>1</E5_lv>
	<E6_id>577</E6_id>
	<E6_lv>1</E6_lv>
	<Geth>1</Geth>
	<Experience>250</Experience>
</mst_mapenemy2>
<mst_mapenemy2>
	<Id>1120704</Id>
	<Maparea_id>11</Maparea_id>
	<Mapinfo_no>2</Mapinfo_no>
	<Enemy_list_id>11207</Enemy_list_id>
	<Boss>1</Boss>
	<Deck_id>4</Deck_id>
	<Deck_name>深海主力水上打撃群</Deck_name>
	<Formation_id>3</Formation_id>
	<E1_id>579</E1_id>
	<E1_lv>1</E1_lv>
	<E2_id>529</E2_id>
	<E2_lv>1</E2_lv>
	<E3_id>529</E3_id>
	<E3_lv>1</E3_lv>
	<E4_id>527</E4_id>
	<E4_lv>1</E4_lv>
	<E5_id>576</E5_id>
	<E5_lv>1</E5_lv>
	<E6_id>576</E6_id>
	<E6_lv>1</E6_lv>
	<Geth>1</Geth>
	<Experience>200</Experience>
</mst_mapenemy2>
<mst_mapenemy2>
	<Id>1120705</Id>
	<Maparea_id>11</Maparea_id>
	<Mapinfo_no>2</Mapinfo_no>
	<Enemy_list_id>11207</Enemy_list_id>
	<Boss>1</Boss>
	<Deck_id>5</Deck_id>
	<Deck_name>深海主力水上打撃群</Deck_name>
	<Formation_id>2</Formation_id>
	<E1_id>529</E1_id>
	<E1_lv>1</E1_lv>
	<E2_id>529</E2_id>
	<E2_lv>1</E2_lv>
	<E3_id>527</E3_id>
	<E3_lv>1</E3_lv>
	<E4_id>591</E4_id>
	<E4_lv>1</E4_lv>
	<E5_id>576</E5_id>
	<E5_lv>1</E5_lv>
	<E6_id>576</E6_id>
	<E6_lv>1</E6_lv>
	<Geth>1</Geth>
	<Experience>200</Experience>
</mst_mapenemy2>
<mst_mapenemy2>
	<Id>1120706</Id>
	<Maparea_id>11</Maparea_id>
	<Mapinfo_no>2</Mapinfo_no>
	<Enemy_list_id>11207</Enemy_list_id>
	<Boss>1</Boss>
	<Deck_id>6</Deck_id>
	<Deck_name>深海主力水上打撃群</Deck_name>
	<Formation_id>1</Formation_id>
	<E1_id>529</E1_id>
	<E1_lv>1</E1_lv>
	<E2_id>527</E2_id>
	<E2_lv>1</E2_lv>
	<E3_id>559</E3_id>
	<E3_lv>1</E3_lv>
	<E4_id>559</E4_id>
	<E4_lv>1</E4_lv>
	<E5_id>575</E5_id>
	<E5_lv>1</E5_lv>
	<E6_id>575</E6_id>
	<E6_lv>1</E6_lv>
	<Geth>2</Geth>
	<Experience>190</Experience>
</mst_mapenemy2>
<mst_mapenemy2>
	<Id>1120707</Id>
	<Maparea_id>11</Maparea_id>
	<Mapinfo_no>2</Mapinfo_no>
	<Enemy_list_id>11207</Enemy_list_id>
	<Boss>1</Boss>
	<Deck_id>7</Deck_id>
	<Deck_name>深海主力水上打撃群</Deck_name>
	<Formation_id>1</Formation_id>
	<E1_id>529</E1_id>
	<E1_lv>1</E1_lv>
	<E2_id>527</E2_id>
	<E2_lv>1</E2_lv>
	<E3_id>521</E3_id>
	<E3_lv>1</E3_lv>
	<E4_id>521</E4_id>
	<E4_lv>1</E4_lv>
	<E5_id>501</E5_id>
	<E5_lv>1</E5_lv>
	<E6_id>501</E6_id>
	<E6_lv>1</E6_lv>
	<Geth>3</Geth>
	<Experience>160</Experience>
</mst_mapenemy2>
<mst_mapenemy2>
	<Id>1120708</Id>
	<Maparea_id>11</Maparea_id>
	<Mapinfo_no>2</Mapinfo_no>
	<Enemy_list_id>11207</Enemy_list_id>
	<Boss>1</Boss>
	<Deck_id>8</Deck_id>
	<Deck_name>深海主力水上打撃群</Deck_name>
	<Formation_id>2</Formation_id>
	<E1_id>524</E1_id>
	<E1_lv>1</E1_lv>
	<E2_id>524</E2_id>
	<E2_lv>1</E2_lv>
	<E3_id>522</E3_id>
	<E3_lv>1</E3_lv>
	<E4_id>519</E4_id>
	<E4_lv>1</E4_lv>
	<E5_id>501</E5_id>
	<E5_lv>1</E5_lv>
	<E6_id>501</E6_id>
	<E6_lv>1</E6_lv>
	<Geth>4</Geth>
	<Experience>150</Experience>
</mst_mapenemy2>
<mst_mapenemy2>
	<Id>1120709</Id>
	<Maparea_id>11</Maparea_id>
	<Mapinfo_no>2</Mapinfo_no>
	<Enemy_list_id>11207</Enemy_list_id>
	<Boss>1</Boss>
	<Deck_id>9</Deck_id>
	<Deck_name>深海主力水上打撃群</Deck_name>
	<Formation_id>2</Formation_id>
	<E1_id>524</E1_id>
	<E1_lv>1</E1_lv>
	<E2_id>524</E2_id>
	<E2_lv>1</E2_lv>
	<E3_id>518</E3_id>
	<E3_lv>1</E3_lv>
	<E4_id>501</E4_id>
	<E4_lv>1</E4_lv>
	<E5_id>501</E5_id>
	<E5_lv>1</E5_lv>
	<E6_id>501</E6_id>
	<E6_lv>1</E6_lv>
	<Geth>5</Geth>
	<Experience>130</Experience>
</mst_mapenemy2>
</mst_mapenemy2_data>
