<?xml version="1.0" encoding="utf-8"?>
<mst_mapenemy2_data xmlns:i="http://www.w3.org/2001/XMLSchema-instance">
<mst_mapenemy2>
	<Id>710101</Id>
	<Maparea_id>7</Maparea_id>
	<Mapinfo_no>1</Mapinfo_no>
	<Enemy_list_id>7101</Enemy_list_id>
	<Boss>0</Boss>
	<Deck_id>1</Deck_id>
	<Deck_name>潜水艦隊 I群</Deck_name>
	<Formation_id>4</Formation_id>
	<E1_id>534</E1_id>
	<E1_lv>50</E1_lv>
	<E2_id>532</E2_id>
	<E2_lv>50</E2_lv>
	<E3_id>532</E3_id>
	<E3_lv>50</E3_lv>
	<E4_id>0</E4_id>
	<E4_lv>0</E4_lv>
	<E5_id>0</E5_id>
	<E5_lv>0</E5_lv>
	<E6_id>0</E6_id>
	<E6_lv>0</E6_lv>
	<Geth>40</Geth>
	<Experience>70</Experience>
</mst_mapenemy2>
<mst_mapenemy2>
	<Id>710102</Id>
	<Maparea_id>7</Maparea_id>
	<Mapinfo_no>1</Mapinfo_no>
	<Enemy_list_id>7101</Enemy_list_id>
	<Boss>0</Boss>
	<Deck_id>2</Deck_id>
	<Deck_name>潜水艦隊 I群</Deck_name>
	<Formation_id>5</Formation_id>
	<E1_id>534</E1_id>
	<E1_lv>50</E1_lv>
	<E2_id>532</E2_id>
	<E2_lv>50</E2_lv>
	<E3_id>532</E3_id>
	<E3_lv>50</E3_lv>
	<E4_id>0</E4_id>
	<E4_lv>0</E4_lv>
	<E5_id>0</E5_id>
	<E5_lv>0</E5_lv>
	<E6_id>0</E6_id>
	<E6_lv>0</E6_lv>
	<Geth>38</Geth>
	<Experience>70</Experience>
</mst_mapenemy2>
<mst_mapenemy2>
	<Id>710103</Id>
	<Maparea_id>7</Maparea_id>
	<Mapinfo_no>1</Mapinfo_no>
	<Enemy_list_id>7101</Enemy_list_id>
	<Boss>0</Boss>
	<Deck_id>3</Deck_id>
	<Deck_name>潜水艦隊 I群</Deck_name>
	<Formation_id>4</Formation_id>
	<E1_id>532</E1_id>
	<E1_lv>50</E1_lv>
	<E2_id>532</E2_id>
	<E2_lv>50</E2_lv>
	<E3_id>0</E3_id>
	<E3_lv>0</E3_lv>
	<E4_id>0</E4_id>
	<E4_lv>0</E4_lv>
	<E5_id>0</E5_id>
	<E5_lv>0</E5_lv>
	<E6_id>0</E6_id>
	<E6_lv>0</E6_lv>
	<Geth>36</Geth>
	<Experience>50</Experience>
</mst_mapenemy2>
<mst_mapenemy2>
	<Id>710104</Id>
	<Maparea_id>7</Maparea_id>
	<Mapinfo_no>1</Mapinfo_no>
	<Enemy_list_id>7101</Enemy_list_id>
	<Boss>0</Boss>
	<Deck_id>4</Deck_id>
	<Deck_name>潜水艦隊 I群</Deck_name>
	<Formation_id>4</Formation_id>
	<E1_id>532</E1_id>
	<E1_lv>50</E1_lv>
	<E2_id>530</E2_id>
	<E2_lv>50</E2_lv>
	<E3_id>530</E3_id>
	<E3_lv>50</E3_lv>
	<E4_id>0</E4_id>
	<E4_lv>0</E4_lv>
	<E5_id>0</E5_id>
	<E5_lv>0</E5_lv>
	<E6_id>0</E6_id>
	<E6_lv>0</E6_lv>
	<Geth>34</Geth>
	<Experience>50</Experience>
</mst_mapenemy2>
<mst_mapenemy2>
	<Id>710105</Id>
	<Maparea_id>7</Maparea_id>
	<Mapinfo_no>1</Mapinfo_no>
	<Enemy_list_id>7101</Enemy_list_id>
	<Boss>0</Boss>
	<Deck_id>5</Deck_id>
	<Deck_name>潜水艦隊 I群</Deck_name>
	<Formation_id>5</Formation_id>
	<E1_id>532</E1_id>
	<E1_lv>50</E1_lv>
	<E2_id>530</E2_id>
	<E2_lv>50</E2_lv>
	<E3_id>530</E3_id>
	<E3_lv>50</E3_lv>
	<E4_id>0</E4_id>
	<E4_lv>0</E4_lv>
	<E5_id>0</E5_id>
	<E5_lv>0</E5_lv>
	<E6_id>0</E6_id>
	<E6_lv>0</E6_lv>
	<Geth>32</Geth>
	<Experience>50</Experience>
</mst_mapenemy2>
<mst_mapenemy2>
	<Id>710106</Id>
	<Maparea_id>7</Maparea_id>
	<Mapinfo_no>1</Mapinfo_no>
	<Enemy_list_id>7101</Enemy_list_id>
	<Boss>0</Boss>
	<Deck_id>6</Deck_id>
	<Deck_name>潜水艦隊 I群</Deck_name>
	<Formation_id>4</Formation_id>
	<E1_id>532</E1_id>
	<E1_lv>50</E1_lv>
	<E2_id>530</E2_id>
	<E2_lv>50</E2_lv>
	<E3_id>0</E3_id>
	<E3_lv>0</E3_lv>
	<E4_id>0</E4_id>
	<E4_lv>0</E4_lv>
	<E5_id>0</E5_id>
	<E5_lv>0</E5_lv>
	<E6_id>0</E6_id>
	<E6_lv>0</E6_lv>
	<Geth>30</Geth>
	<Experience>40</Experience>
</mst_mapenemy2>
<mst_mapenemy2>
	<Id>710107</Id>
	<Maparea_id>7</Maparea_id>
	<Mapinfo_no>1</Mapinfo_no>
	<Enemy_list_id>7101</Enemy_list_id>
	<Boss>0</Boss>
	<Deck_id>7</Deck_id>
	<Deck_name>潜水艦隊 I群</Deck_name>
	<Formation_id>5</Formation_id>
	<E1_id>532</E1_id>
	<E1_lv>50</E1_lv>
	<E2_id>530</E2_id>
	<E2_lv>50</E2_lv>
	<E3_id>0</E3_id>
	<E3_lv>0</E3_lv>
	<E4_id>0</E4_id>
	<E4_lv>0</E4_lv>
	<E5_id>0</E5_id>
	<E5_lv>0</E5_lv>
	<E6_id>0</E6_id>
	<E6_lv>0</E6_lv>
	<Geth>30</Geth>
	<Experience>40</Experience>
</mst_mapenemy2>
<mst_mapenemy2>
	<Id>710108</Id>
	<Maparea_id>7</Maparea_id>
	<Mapinfo_no>1</Mapinfo_no>
	<Enemy_list_id>7101</Enemy_list_id>
	<Boss>0</Boss>
	<Deck_id>8</Deck_id>
	<Deck_name>潜水艦隊 I群</Deck_name>
	<Formation_id>4</Formation_id>
	<E1_id>530</E1_id>
	<E1_lv>50</E1_lv>
	<E2_id>530</E2_id>
	<E2_lv>50</E2_lv>
	<E3_id>0</E3_id>
	<E3_lv>0</E3_lv>
	<E4_id>0</E4_id>
	<E4_lv>0</E4_lv>
	<E5_id>0</E5_id>
	<E5_lv>0</E5_lv>
	<E6_id>0</E6_id>
	<E6_lv>0</E6_lv>
	<Geth>30</Geth>
	<Experience>30</Experience>
</mst_mapenemy2>
<mst_mapenemy2>
	<Id>710109</Id>
	<Maparea_id>7</Maparea_id>
	<Mapinfo_no>1</Mapinfo_no>
	<Enemy_list_id>7101</Enemy_list_id>
	<Boss>0</Boss>
	<Deck_id>9</Deck_id>
	<Deck_name>潜水艦隊 I群</Deck_name>
	<Formation_id>4</Formation_id>
	<E1_id>530</E1_id>
	<E1_lv>50</E1_lv>
	<E2_id>0</E2_id>
	<E2_lv>0</E2_lv>
	<E3_id>0</E3_id>
	<E3_lv>0</E3_lv>
	<E4_id>0</E4_id>
	<E4_lv>0</E4_lv>
	<E5_id>0</E5_id>
	<E5_lv>0</E5_lv>
	<E6_id>0</E6_id>
	<E6_lv>0</E6_lv>
	<Geth>30</Geth>
	<Experience>20</Experience>
</mst_mapenemy2>
<mst_mapenemy2>
	<Id>710201</Id>
	<Maparea_id>7</Maparea_id>
	<Mapinfo_no>1</Mapinfo_no>
	<Enemy_list_id>7102</Enemy_list_id>
	<Boss>0</Boss>
	<Deck_id>1</Deck_id>
	<Deck_name>潜水艦隊 II群</Deck_name>
	<Formation_id>4</Formation_id>
	<E1_id>534</E1_id>
	<E1_lv>50</E1_lv>
	<E2_id>532</E2_id>
	<E2_lv>50</E2_lv>
	<E3_id>532</E3_id>
	<E3_lv>50</E3_lv>
	<E4_id>0</E4_id>
	<E4_lv>0</E4_lv>
	<E5_id>0</E5_id>
	<E5_lv>0</E5_lv>
	<E6_id>0</E6_id>
	<E6_lv>0</E6_lv>
	<Geth>20</Geth>
	<Experience>70</Experience>
</mst_mapenemy2>
<mst_mapenemy2>
	<Id>710202</Id>
	<Maparea_id>7</Maparea_id>
	<Mapinfo_no>1</Mapinfo_no>
	<Enemy_list_id>7102</Enemy_list_id>
	<Boss>0</Boss>
	<Deck_id>2</Deck_id>
	<Deck_name>潜水艦隊 II群</Deck_name>
	<Formation_id>5</Formation_id>
	<E1_id>534</E1_id>
	<E1_lv>50</E1_lv>
	<E2_id>532</E2_id>
	<E2_lv>50</E2_lv>
	<E3_id>532</E3_id>
	<E3_lv>50</E3_lv>
	<E4_id>0</E4_id>
	<E4_lv>0</E4_lv>
	<E5_id>0</E5_id>
	<E5_lv>0</E5_lv>
	<E6_id>0</E6_id>
	<E6_lv>0</E6_lv>
	<Geth>18</Geth>
	<Experience>70</Experience>
</mst_mapenemy2>
<mst_mapenemy2>
	<Id>710203</Id>
	<Maparea_id>7</Maparea_id>
	<Mapinfo_no>1</Mapinfo_no>
	<Enemy_list_id>7102</Enemy_list_id>
	<Boss>0</Boss>
	<Deck_id>3</Deck_id>
	<Deck_name>潜水艦隊 II群</Deck_name>
	<Formation_id>5</Formation_id>
	<E1_id>534</E1_id>
	<E1_lv>50</E1_lv>
	<E2_id>532</E2_id>
	<E2_lv>50</E2_lv>
	<E3_id>532</E3_id>
	<E3_lv>50</E3_lv>
	<E4_id>0</E4_id>
	<E4_lv>0</E4_lv>
	<E5_id>0</E5_id>
	<E5_lv>0</E5_lv>
	<E6_id>0</E6_id>
	<E6_lv>0</E6_lv>
	<Geth>16</Geth>
	<Experience>70</Experience>
</mst_mapenemy2>
<mst_mapenemy2>
	<Id>710204</Id>
	<Maparea_id>7</Maparea_id>
	<Mapinfo_no>1</Mapinfo_no>
	<Enemy_list_id>7102</Enemy_list_id>
	<Boss>0</Boss>
	<Deck_id>4</Deck_id>
	<Deck_name>潜水艦隊 II群</Deck_name>
	<Formation_id>4</Formation_id>
	<E1_id>534</E1_id>
	<E1_lv>50</E1_lv>
	<E2_id>532</E2_id>
	<E2_lv>50</E2_lv>
	<E3_id>530</E3_id>
	<E3_lv>50</E3_lv>
	<E4_id>0</E4_id>
	<E4_lv>0</E4_lv>
	<E5_id>0</E5_id>
	<E5_lv>0</E5_lv>
	<E6_id>0</E6_id>
	<E6_lv>0</E6_lv>
	<Geth>14</Geth>
	<Experience>70</Experience>
</mst_mapenemy2>
<mst_mapenemy2>
	<Id>710205</Id>
	<Maparea_id>7</Maparea_id>
	<Mapinfo_no>1</Mapinfo_no>
	<Enemy_list_id>7102</Enemy_list_id>
	<Boss>0</Boss>
	<Deck_id>5</Deck_id>
	<Deck_name>潜水艦隊 II群</Deck_name>
	<Formation_id>5</Formation_id>
	<E1_id>534</E1_id>
	<E1_lv>50</E1_lv>
	<E2_id>532</E2_id>
	<E2_lv>50</E2_lv>
	<E3_id>530</E3_id>
	<E3_lv>50</E3_lv>
	<E4_id>0</E4_id>
	<E4_lv>0</E4_lv>
	<E5_id>0</E5_id>
	<E5_lv>0</E5_lv>
	<E6_id>0</E6_id>
	<E6_lv>0</E6_lv>
	<Geth>12</Geth>
	<Experience>70</Experience>
</mst_mapenemy2>
<mst_mapenemy2>
	<Id>710206</Id>
	<Maparea_id>7</Maparea_id>
	<Mapinfo_no>1</Mapinfo_no>
	<Enemy_list_id>7102</Enemy_list_id>
	<Boss>0</Boss>
	<Deck_id>6</Deck_id>
	<Deck_name>潜水艦隊 II群</Deck_name>
	<Formation_id>4</Formation_id>
	<E1_id>532</E1_id>
	<E1_lv>50</E1_lv>
	<E2_id>532</E2_id>
	<E2_lv>50</E2_lv>
	<E3_id>530</E3_id>
	<E3_lv>50</E3_lv>
	<E4_id>0</E4_id>
	<E4_lv>0</E4_lv>
	<E5_id>0</E5_id>
	<E5_lv>0</E5_lv>
	<E6_id>0</E6_id>
	<E6_lv>0</E6_lv>
	<Geth>10</Geth>
	<Experience>60</Experience>
</mst_mapenemy2>
<mst_mapenemy2>
	<Id>710207</Id>
	<Maparea_id>7</Maparea_id>
	<Mapinfo_no>1</Mapinfo_no>
	<Enemy_list_id>7102</Enemy_list_id>
	<Boss>0</Boss>
	<Deck_id>7</Deck_id>
	<Deck_name>潜水艦隊 II群</Deck_name>
	<Formation_id>4</Formation_id>
	<E1_id>532</E1_id>
	<E1_lv>50</E1_lv>
	<E2_id>530</E2_id>
	<E2_lv>50</E2_lv>
	<E3_id>530</E3_id>
	<E3_lv>50</E3_lv>
	<E4_id>0</E4_id>
	<E4_lv>0</E4_lv>
	<E5_id>0</E5_id>
	<E5_lv>0</E5_lv>
	<E6_id>0</E6_id>
	<E6_lv>0</E6_lv>
	<Geth>10</Geth>
	<Experience>50</Experience>
</mst_mapenemy2>
<mst_mapenemy2>
	<Id>710208</Id>
	<Maparea_id>7</Maparea_id>
	<Mapinfo_no>1</Mapinfo_no>
	<Enemy_list_id>7102</Enemy_list_id>
	<Boss>0</Boss>
	<Deck_id>8</Deck_id>
	<Deck_name>潜水艦隊 II群</Deck_name>
	<Formation_id>4</Formation_id>
	<E1_id>530</E1_id>
	<E1_lv>50</E1_lv>
	<E2_id>530</E2_id>
	<E2_lv>50</E2_lv>
	<E3_id>530</E3_id>
	<E3_lv>50</E3_lv>
	<E4_id>0</E4_id>
	<E4_lv>0</E4_lv>
	<E5_id>0</E5_id>
	<E5_lv>0</E5_lv>
	<E6_id>0</E6_id>
	<E6_lv>0</E6_lv>
	<Geth>10</Geth>
	<Experience>40</Experience>
</mst_mapenemy2>
<mst_mapenemy2>
	<Id>710209</Id>
	<Maparea_id>7</Maparea_id>
	<Mapinfo_no>1</Mapinfo_no>
	<Enemy_list_id>7102</Enemy_list_id>
	<Boss>0</Boss>
	<Deck_id>9</Deck_id>
	<Deck_name>潜水艦隊 II群</Deck_name>
	<Formation_id>4</Formation_id>
	<E1_id>530</E1_id>
	<E1_lv>50</E1_lv>
	<E2_id>530</E2_id>
	<E2_lv>50</E2_lv>
	<E3_id>0</E3_id>
	<E3_lv>0</E3_lv>
	<E4_id>0</E4_id>
	<E4_lv>0</E4_lv>
	<E5_id>0</E5_id>
	<E5_lv>0</E5_lv>
	<E6_id>0</E6_id>
	<E6_lv>0</E6_lv>
	<Geth>10</Geth>
	<Experience>30</Experience>
</mst_mapenemy2>
<mst_mapenemy2>
	<Id>710301</Id>
	<Maparea_id>7</Maparea_id>
	<Mapinfo_no>1</Mapinfo_no>
	<Enemy_list_id>7103</Enemy_list_id>
	<Boss>0</Boss>
	<Deck_id>1</Deck_id>
	<Deck_name>潜水艦隊 III群</Deck_name>
	<Formation_id>4</Formation_id>
	<E1_id>534</E1_id>
	<E1_lv>50</E1_lv>
	<E2_id>532</E2_id>
	<E2_lv>50</E2_lv>
	<E3_id>532</E3_id>
	<E3_lv>50</E3_lv>
	<E4_id>530</E4_id>
	<E4_lv>50</E4_lv>
	<E5_id>530</E5_id>
	<E5_lv>50</E5_lv>
	<E6_id>0</E6_id>
	<E6_lv>0</E6_lv>
	<Geth>24</Geth>
	<Experience>100</Experience>
</mst_mapenemy2>
<mst_mapenemy2>
	<Id>710302</Id>
	<Maparea_id>7</Maparea_id>
	<Mapinfo_no>1</Mapinfo_no>
	<Enemy_list_id>7103</Enemy_list_id>
	<Boss>0</Boss>
	<Deck_id>2</Deck_id>
	<Deck_name>潜水艦隊 III群</Deck_name>
	<Formation_id>4</Formation_id>
	<E1_id>534</E1_id>
	<E1_lv>50</E1_lv>
	<E2_id>532</E2_id>
	<E2_lv>50</E2_lv>
	<E3_id>530</E3_id>
	<E3_lv>50</E3_lv>
	<E4_id>530</E4_id>
	<E4_lv>50</E4_lv>
	<E5_id>0</E5_id>
	<E5_lv>0</E5_lv>
	<E6_id>0</E6_id>
	<E6_lv>0</E6_lv>
	<Geth>21</Geth>
	<Experience>80</Experience>
</mst_mapenemy2>
<mst_mapenemy2>
	<Id>710303</Id>
	<Maparea_id>7</Maparea_id>
	<Mapinfo_no>1</Mapinfo_no>
	<Enemy_list_id>7103</Enemy_list_id>
	<Boss>0</Boss>
	<Deck_id>3</Deck_id>
	<Deck_name>潜水艦隊 III群</Deck_name>
	<Formation_id>5</Formation_id>
	<E1_id>534</E1_id>
	<E1_lv>50</E1_lv>
	<E2_id>532</E2_id>
	<E2_lv>50</E2_lv>
	<E3_id>530</E3_id>
	<E3_lv>50</E3_lv>
	<E4_id>530</E4_id>
	<E4_lv>50</E4_lv>
	<E5_id>0</E5_id>
	<E5_lv>0</E5_lv>
	<E6_id>0</E6_id>
	<E6_lv>0</E6_lv>
	<Geth>18</Geth>
	<Experience>80</Experience>
</mst_mapenemy2>
<mst_mapenemy2>
	<Id>710304</Id>
	<Maparea_id>7</Maparea_id>
	<Mapinfo_no>1</Mapinfo_no>
	<Enemy_list_id>7103</Enemy_list_id>
	<Boss>0</Boss>
	<Deck_id>4</Deck_id>
	<Deck_name>潜水艦隊 III群</Deck_name>
	<Formation_id>4</Formation_id>
	<E1_id>532</E1_id>
	<E1_lv>50</E1_lv>
	<E2_id>532</E2_id>
	<E2_lv>50</E2_lv>
	<E3_id>530</E3_id>
	<E3_lv>50</E3_lv>
	<E4_id>530</E4_id>
	<E4_lv>50</E4_lv>
	<E5_id>0</E5_id>
	<E5_lv>0</E5_lv>
	<E6_id>0</E6_id>
	<E6_lv>0</E6_lv>
	<Geth>15</Geth>
	<Experience>70</Experience>
</mst_mapenemy2>
<mst_mapenemy2>
	<Id>710305</Id>
	<Maparea_id>7</Maparea_id>
	<Mapinfo_no>1</Mapinfo_no>
	<Enemy_list_id>7103</Enemy_list_id>
	<Boss>0</Boss>
	<Deck_id>5</Deck_id>
	<Deck_name>潜水艦隊 III群</Deck_name>
	<Formation_id>5</Formation_id>
	<E1_id>532</E1_id>
	<E1_lv>50</E1_lv>
	<E2_id>532</E2_id>
	<E2_lv>50</E2_lv>
	<E3_id>530</E3_id>
	<E3_lv>50</E3_lv>
	<E4_id>530</E4_id>
	<E4_lv>50</E4_lv>
	<E5_id>0</E5_id>
	<E5_lv>0</E5_lv>
	<E6_id>0</E6_id>
	<E6_lv>0</E6_lv>
	<Geth>15</Geth>
	<Experience>70</Experience>
</mst_mapenemy2>
<mst_mapenemy2>
	<Id>710306</Id>
	<Maparea_id>7</Maparea_id>
	<Mapinfo_no>1</Mapinfo_no>
	<Enemy_list_id>7103</Enemy_list_id>
	<Boss>0</Boss>
	<Deck_id>6</Deck_id>
	<Deck_name>潜水艦隊 III群</Deck_name>
	<Formation_id>4</Formation_id>
	<E1_id>532</E1_id>
	<E1_lv>50</E1_lv>
	<E2_id>530</E2_id>
	<E2_lv>50</E2_lv>
	<E3_id>530</E3_id>
	<E3_lv>50</E3_lv>
	<E4_id>0</E4_id>
	<E4_lv>0</E4_lv>
	<E5_id>0</E5_id>
	<E5_lv>0</E5_lv>
	<E6_id>0</E6_id>
	<E6_lv>0</E6_lv>
	<Geth>15</Geth>
	<Experience>40</Experience>
</mst_mapenemy2>
<mst_mapenemy2>
	<Id>710307</Id>
	<Maparea_id>7</Maparea_id>
	<Mapinfo_no>1</Mapinfo_no>
	<Enemy_list_id>7103</Enemy_list_id>
	<Boss>0</Boss>
	<Deck_id>7</Deck_id>
	<Deck_name>潜水艦隊 III群</Deck_name>
	<Formation_id>5</Formation_id>
	<E1_id>532</E1_id>
	<E1_lv>50</E1_lv>
	<E2_id>530</E2_id>
	<E2_lv>50</E2_lv>
	<E3_id>530</E3_id>
	<E3_lv>50</E3_lv>
	<E4_id>0</E4_id>
	<E4_lv>0</E4_lv>
	<E5_id>0</E5_id>
	<E5_lv>0</E5_lv>
	<E6_id>0</E6_id>
	<E6_lv>0</E6_lv>
	<Geth>15</Geth>
	<Experience>40</Experience>
</mst_mapenemy2>
<mst_mapenemy2>
	<Id>710308</Id>
	<Maparea_id>7</Maparea_id>
	<Mapinfo_no>1</Mapinfo_no>
	<Enemy_list_id>7103</Enemy_list_id>
	<Boss>0</Boss>
	<Deck_id>8</Deck_id>
	<Deck_name>潜水艦隊 III群</Deck_name>
	<Formation_id>4</Formation_id>
	<E1_id>530</E1_id>
	<E1_lv>50</E1_lv>
	<E2_id>530</E2_id>
	<E2_lv>50</E2_lv>
	<E3_id>530</E3_id>
	<E3_lv>50</E3_lv>
	<E4_id>0</E4_id>
	<E4_lv>0</E4_lv>
	<E5_id>0</E5_id>
	<E5_lv>0</E5_lv>
	<E6_id>0</E6_id>
	<E6_lv>0</E6_lv>
	<Geth>15</Geth>
	<Experience>30</Experience>
</mst_mapenemy2>
<mst_mapenemy2>
	<Id>710309</Id>
	<Maparea_id>7</Maparea_id>
	<Mapinfo_no>1</Mapinfo_no>
	<Enemy_list_id>7103</Enemy_list_id>
	<Boss>0</Boss>
	<Deck_id>9</Deck_id>
	<Deck_name>潜水艦隊 III群</Deck_name>
	<Formation_id>4</Formation_id>
	<E1_id>530</E1_id>
	<E1_lv>50</E1_lv>
	<E2_id>530</E2_id>
	<E2_lv>50</E2_lv>
	<E3_id>0</E3_id>
	<E3_lv>0</E3_lv>
	<E4_id>0</E4_id>
	<E4_lv>0</E4_lv>
	<E5_id>0</E5_id>
	<E5_lv>0</E5_lv>
	<E6_id>0</E6_id>
	<E6_lv>0</E6_lv>
	<Geth>15</Geth>
	<Experience>20</Experience>
</mst_mapenemy2>
<mst_mapenemy2>
	<Id>710401</Id>
	<Maparea_id>7</Maparea_id>
	<Mapinfo_no>1</Mapinfo_no>
	<Enemy_list_id>7104</Enemy_list_id>
	<Boss>0</Boss>
	<Deck_id>1</Deck_id>
	<Deck_name>潜水艦隊支援部隊</Deck_name>
	<Formation_id>2</Formation_id>
	<E1_id>555</E1_id>
	<E1_lv>1</E1_lv>
	<E2_id>558</E2_id>
	<E2_lv>1</E2_lv>
	<E3_id>575</E3_id>
	<E3_lv>1</E3_lv>
	<E4_id>575</E4_id>
	<E4_lv>1</E4_lv>
	<E5_id>535</E5_id>
	<E5_lv>50</E5_lv>
	<E6_id>533</E6_id>
	<E6_lv>50</E6_lv>
	<Geth>0</Geth>
	<Experience>180</Experience>
</mst_mapenemy2>
<mst_mapenemy2>
	<Id>710402</Id>
	<Maparea_id>7</Maparea_id>
	<Mapinfo_no>1</Mapinfo_no>
	<Enemy_list_id>7104</Enemy_list_id>
	<Boss>0</Boss>
	<Deck_id>2</Deck_id>
	<Deck_name>潜水艦隊支援部隊</Deck_name>
	<Formation_id>3</Formation_id>
	<E1_id>555</E1_id>
	<E1_lv>1</E1_lv>
	<E2_id>558</E2_id>
	<E2_lv>1</E2_lv>
	<E3_id>575</E3_id>
	<E3_lv>1</E3_lv>
	<E4_id>575</E4_id>
	<E4_lv>1</E4_lv>
	<E5_id>535</E5_id>
	<E5_lv>50</E5_lv>
	<E6_id>533</E6_id>
	<E6_lv>50</E6_lv>
	<Geth>0</Geth>
	<Experience>180</Experience>
</mst_mapenemy2>
<mst_mapenemy2>
	<Id>710403</Id>
	<Maparea_id>7</Maparea_id>
	<Mapinfo_no>1</Mapinfo_no>
	<Enemy_list_id>7104</Enemy_list_id>
	<Boss>0</Boss>
	<Deck_id>3</Deck_id>
	<Deck_name>潜水艦隊支援部隊</Deck_name>
	<Formation_id>2</Formation_id>
	<E1_id>555</E1_id>
	<E1_lv>1</E1_lv>
	<E2_id>558</E2_id>
	<E2_lv>1</E2_lv>
	<E3_id>575</E3_id>
	<E3_lv>1</E3_lv>
	<E4_id>575</E4_id>
	<E4_lv>1</E4_lv>
	<E5_id>533</E5_id>
	<E5_lv>50</E5_lv>
	<E6_id>531</E6_id>
	<E6_lv>50</E6_lv>
	<Geth>0</Geth>
	<Experience>140</Experience>
</mst_mapenemy2>
<mst_mapenemy2>
	<Id>710404</Id>
	<Maparea_id>7</Maparea_id>
	<Mapinfo_no>1</Mapinfo_no>
	<Enemy_list_id>7104</Enemy_list_id>
	<Boss>0</Boss>
	<Deck_id>4</Deck_id>
	<Deck_name>潜水艦隊支援部隊</Deck_name>
	<Formation_id>3</Formation_id>
	<E1_id>555</E1_id>
	<E1_lv>1</E1_lv>
	<E2_id>558</E2_id>
	<E2_lv>1</E2_lv>
	<E3_id>575</E3_id>
	<E3_lv>1</E3_lv>
	<E4_id>575</E4_id>
	<E4_lv>1</E4_lv>
	<E5_id>533</E5_id>
	<E5_lv>50</E5_lv>
	<E6_id>531</E6_id>
	<E6_lv>50</E6_lv>
	<Geth>0</Geth>
	<Experience>140</Experience>
</mst_mapenemy2>
<mst_mapenemy2>
	<Id>710405</Id>
	<Maparea_id>7</Maparea_id>
	<Mapinfo_no>1</Mapinfo_no>
	<Enemy_list_id>7104</Enemy_list_id>
	<Boss>0</Boss>
	<Deck_id>5</Deck_id>
	<Deck_name>潜水艦隊支援部隊</Deck_name>
	<Formation_id>3</Formation_id>
	<E1_id>554</E1_id>
	<E1_lv>1</E1_lv>
	<E2_id>526</E2_id>
	<E2_lv>1</E2_lv>
	<E3_id>575</E3_id>
	<E3_lv>1</E3_lv>
	<E4_id>575</E4_id>
	<E4_lv>1</E4_lv>
	<E5_id>531</E5_id>
	<E5_lv>50</E5_lv>
	<E6_id>0</E6_id>
	<E6_lv>0</E6_lv>
	<Geth>0</Geth>
	<Experience>120</Experience>
</mst_mapenemy2>
<mst_mapenemy2>
	<Id>710406</Id>
	<Maparea_id>7</Maparea_id>
	<Mapinfo_no>1</Mapinfo_no>
	<Enemy_list_id>7104</Enemy_list_id>
	<Boss>0</Boss>
	<Deck_id>6</Deck_id>
	<Deck_name>潜水艦隊支援部隊</Deck_name>
	<Formation_id>3</Formation_id>
	<E1_id>518</E1_id>
	<E1_lv>1</E1_lv>
	<E2_id>526</E2_id>
	<E2_lv>1</E2_lv>
	<E3_id>575</E3_id>
	<E3_lv>1</E3_lv>
	<E4_id>575</E4_id>
	<E4_lv>1</E4_lv>
	<E5_id>531</E5_id>
	<E5_lv>50</E5_lv>
	<E6_id>0</E6_id>
	<E6_lv>0</E6_lv>
	<Geth>0</Geth>
	<Experience>110</Experience>
</mst_mapenemy2>
<mst_mapenemy2>
	<Id>710407</Id>
	<Maparea_id>7</Maparea_id>
	<Mapinfo_no>1</Mapinfo_no>
	<Enemy_list_id>7104</Enemy_list_id>
	<Boss>0</Boss>
	<Deck_id>7</Deck_id>
	<Deck_name>潜水艦隊支援部隊</Deck_name>
	<Formation_id>3</Formation_id>
	<E1_id>518</E1_id>
	<E1_lv>1</E1_lv>
	<E2_id>526</E2_id>
	<E2_lv>1</E2_lv>
	<E3_id>501</E3_id>
	<E3_lv>1</E3_lv>
	<E4_id>501</E4_id>
	<E4_lv>1</E4_lv>
	<E5_id>531</E5_id>
	<E5_lv>50</E5_lv>
	<E6_id>0</E6_id>
	<E6_lv>0</E6_lv>
	<Geth>0</Geth>
	<Experience>90</Experience>
</mst_mapenemy2>
<mst_mapenemy2>
	<Id>710408</Id>
	<Maparea_id>7</Maparea_id>
	<Mapinfo_no>1</Mapinfo_no>
	<Enemy_list_id>7104</Enemy_list_id>
	<Boss>0</Boss>
	<Deck_id>8</Deck_id>
	<Deck_name>潜水艦隊支援部隊</Deck_name>
	<Formation_id>3</Formation_id>
	<E1_id>518</E1_id>
	<E1_lv>1</E1_lv>
	<E2_id>513</E2_id>
	<E2_lv>1</E2_lv>
	<E3_id>501</E3_id>
	<E3_lv>1</E3_lv>
	<E4_id>501</E4_id>
	<E4_lv>1</E4_lv>
	<E5_id>531</E5_id>
	<E5_lv>50</E5_lv>
	<E6_id>0</E6_id>
	<E6_lv>0</E6_lv>
	<Geth>0</Geth>
	<Experience>80</Experience>
</mst_mapenemy2>
<mst_mapenemy2>
	<Id>710409</Id>
	<Maparea_id>7</Maparea_id>
	<Mapinfo_no>1</Mapinfo_no>
	<Enemy_list_id>7104</Enemy_list_id>
	<Boss>0</Boss>
	<Deck_id>9</Deck_id>
	<Deck_name>潜水艦隊支援部隊</Deck_name>
	<Formation_id>3</Formation_id>
	<E1_id>513</E1_id>
	<E1_lv>1</E1_lv>
	<E2_id>501</E2_id>
	<E2_lv>1</E2_lv>
	<E3_id>501</E3_id>
	<E3_lv>1</E3_lv>
	<E4_id>531</E4_id>
	<E4_lv>50</E4_lv>
	<E5_id>0</E5_id>
	<E5_lv>0</E5_lv>
	<E6_id>0</E6_id>
	<E6_lv>0</E6_lv>
	<Geth>0</Geth>
	<Experience>70</Experience>
</mst_mapenemy2>
<mst_mapenemy2>
	<Id>710501</Id>
	<Maparea_id>7</Maparea_id>
	<Mapinfo_no>1</Mapinfo_no>
	<Enemy_list_id>7105</Enemy_list_id>
	<Boss>0</Boss>
	<Deck_id>1</Deck_id>
	<Deck_name>潜水艦隊 IV群</Deck_name>
	<Formation_id>4</Formation_id>
	<E1_id>535</E1_id>
	<E1_lv>50</E1_lv>
	<E2_id>533</E2_id>
	<E2_lv>50</E2_lv>
	<E3_id>533</E3_id>
	<E3_lv>50</E3_lv>
	<E4_id>530</E4_id>
	<E4_lv>50</E4_lv>
	<E5_id>530</E5_id>
	<E5_lv>50</E5_lv>
	<E6_id>0</E6_id>
	<E6_lv>0</E6_lv>
	<Geth>8</Geth>
	<Experience>160</Experience>
</mst_mapenemy2>
<mst_mapenemy2>
	<Id>710502</Id>
	<Maparea_id>7</Maparea_id>
	<Mapinfo_no>1</Mapinfo_no>
	<Enemy_list_id>7105</Enemy_list_id>
	<Boss>0</Boss>
	<Deck_id>2</Deck_id>
	<Deck_name>潜水艦隊 IV群</Deck_name>
	<Formation_id>5</Formation_id>
	<E1_id>535</E1_id>
	<E1_lv>50</E1_lv>
	<E2_id>533</E2_id>
	<E2_lv>50</E2_lv>
	<E3_id>533</E3_id>
	<E3_lv>50</E3_lv>
	<E4_id>530</E4_id>
	<E4_lv>50</E4_lv>
	<E5_id>530</E5_id>
	<E5_lv>50</E5_lv>
	<E6_id>0</E6_id>
	<E6_lv>0</E6_lv>
	<Geth>6</Geth>
	<Experience>160</Experience>
</mst_mapenemy2>
<mst_mapenemy2>
	<Id>710503</Id>
	<Maparea_id>7</Maparea_id>
	<Mapinfo_no>1</Mapinfo_no>
	<Enemy_list_id>7105</Enemy_list_id>
	<Boss>0</Boss>
	<Deck_id>3</Deck_id>
	<Deck_name>潜水艦隊 IV群</Deck_name>
	<Formation_id>4</Formation_id>
	<E1_id>535</E1_id>
	<E1_lv>50</E1_lv>
	<E2_id>531</E2_id>
	<E2_lv>50</E2_lv>
	<E3_id>531</E3_id>
	<E3_lv>50</E3_lv>
	<E4_id>530</E4_id>
	<E4_lv>50</E4_lv>
	<E5_id>530</E5_id>
	<E5_lv>50</E5_lv>
	<E6_id>0</E6_id>
	<E6_lv>0</E6_lv>
	<Geth>4</Geth>
	<Experience>130</Experience>
</mst_mapenemy2>
<mst_mapenemy2>
	<Id>710504</Id>
	<Maparea_id>7</Maparea_id>
	<Mapinfo_no>1</Mapinfo_no>
	<Enemy_list_id>7105</Enemy_list_id>
	<Boss>0</Boss>
	<Deck_id>4</Deck_id>
	<Deck_name>潜水艦隊 IV群</Deck_name>
	<Formation_id>5</Formation_id>
	<E1_id>535</E1_id>
	<E1_lv>50</E1_lv>
	<E2_id>531</E2_id>
	<E2_lv>50</E2_lv>
	<E3_id>531</E3_id>
	<E3_lv>50</E3_lv>
	<E4_id>530</E4_id>
	<E4_lv>50</E4_lv>
	<E5_id>530</E5_id>
	<E5_lv>50</E5_lv>
	<E6_id>0</E6_id>
	<E6_lv>0</E6_lv>
	<Geth>2</Geth>
	<Experience>130</Experience>
</mst_mapenemy2>
<mst_mapenemy2>
	<Id>710505</Id>
	<Maparea_id>7</Maparea_id>
	<Mapinfo_no>1</Mapinfo_no>
	<Enemy_list_id>7105</Enemy_list_id>
	<Boss>0</Boss>
	<Deck_id>5</Deck_id>
	<Deck_name>潜水艦隊 IV群</Deck_name>
	<Formation_id>4</Formation_id>
	<E1_id>533</E1_id>
	<E1_lv>50</E1_lv>
	<E2_id>531</E2_id>
	<E2_lv>50</E2_lv>
	<E3_id>530</E3_id>
	<E3_lv>50</E3_lv>
	<E4_id>530</E4_id>
	<E4_lv>50</E4_lv>
	<E5_id>0</E5_id>
	<E5_lv>0</E5_lv>
	<E6_id>0</E6_id>
	<E6_lv>0</E6_lv>
	<Geth>2</Geth>
	<Experience>90</Experience>
</mst_mapenemy2>
<mst_mapenemy2>
	<Id>710506</Id>
	<Maparea_id>7</Maparea_id>
	<Mapinfo_no>1</Mapinfo_no>
	<Enemy_list_id>7105</Enemy_list_id>
	<Boss>0</Boss>
	<Deck_id>6</Deck_id>
	<Deck_name>潜水艦隊 IV群</Deck_name>
	<Formation_id>5</Formation_id>
	<E1_id>533</E1_id>
	<E1_lv>50</E1_lv>
	<E2_id>531</E2_id>
	<E2_lv>50</E2_lv>
	<E3_id>530</E3_id>
	<E3_lv>50</E3_lv>
	<E4_id>530</E4_id>
	<E4_lv>50</E4_lv>
	<E5_id>0</E5_id>
	<E5_lv>0</E5_lv>
	<E6_id>0</E6_id>
	<E6_lv>0</E6_lv>
	<Geth>2</Geth>
	<Experience>90</Experience>
</mst_mapenemy2>
<mst_mapenemy2>
	<Id>710507</Id>
	<Maparea_id>7</Maparea_id>
	<Mapinfo_no>1</Mapinfo_no>
	<Enemy_list_id>7105</Enemy_list_id>
	<Boss>0</Boss>
	<Deck_id>7</Deck_id>
	<Deck_name>潜水艦隊 IV群</Deck_name>
	<Formation_id>4</Formation_id>
	<E1_id>531</E1_id>
	<E1_lv>50</E1_lv>
	<E2_id>531</E2_id>
	<E2_lv>50</E2_lv>
	<E3_id>530</E3_id>
	<E3_lv>50</E3_lv>
	<E4_id>530</E4_id>
	<E4_lv>50</E4_lv>
	<E5_id>0</E5_id>
	<E5_lv>0</E5_lv>
	<E6_id>0</E6_id>
	<E6_lv>0</E6_lv>
	<Geth>2</Geth>
	<Experience>80</Experience>
</mst_mapenemy2>
<mst_mapenemy2>
	<Id>710508</Id>
	<Maparea_id>7</Maparea_id>
	<Mapinfo_no>1</Mapinfo_no>
	<Enemy_list_id>7105</Enemy_list_id>
	<Boss>0</Boss>
	<Deck_id>8</Deck_id>
	<Deck_name>潜水艦隊 IV群</Deck_name>
	<Formation_id>4</Formation_id>
	<E1_id>531</E1_id>
	<E1_lv>50</E1_lv>
	<E2_id>531</E2_id>
	<E2_lv>50</E2_lv>
	<E3_id>530</E3_id>
	<E3_lv>50</E3_lv>
	<E4_id>0</E4_id>
	<E4_lv>0</E4_lv>
	<E5_id>0</E5_id>
	<E5_lv>0</E5_lv>
	<E6_id>0</E6_id>
	<E6_lv>0</E6_lv>
	<Geth>2</Geth>
	<Experience>65</Experience>
</mst_mapenemy2>
<mst_mapenemy2>
	<Id>710509</Id>
	<Maparea_id>7</Maparea_id>
	<Mapinfo_no>1</Mapinfo_no>
	<Enemy_list_id>7105</Enemy_list_id>
	<Boss>0</Boss>
	<Deck_id>9</Deck_id>
	<Deck_name>潜水艦隊 IV群</Deck_name>
	<Formation_id>4</Formation_id>
	<E1_id>531</E1_id>
	<E1_lv>50</E1_lv>
	<E2_id>531</E2_id>
	<E2_lv>50</E2_lv>
	<E3_id>0</E3_id>
	<E3_lv>0</E3_lv>
	<E4_id>0</E4_id>
	<E4_lv>0</E4_lv>
	<E5_id>0</E5_id>
	<E5_lv>0</E5_lv>
	<E6_id>0</E6_id>
	<E6_lv>0</E6_lv>
	<Geth>2</Geth>
	<Experience>50</Experience>
</mst_mapenemy2>
<mst_mapenemy2>
	<Id>710601</Id>
	<Maparea_id>7</Maparea_id>
	<Mapinfo_no>1</Mapinfo_no>
	<Enemy_list_id>7106</Enemy_list_id>
	<Boss>1</Boss>
	<Deck_id>1</Deck_id>
	<Deck_name>潜水艦隊群 旗艦艦隊</Deck_name>
	<Formation_id>4</Formation_id>
	<E1_id>572</E1_id>
	<E1_lv>50</E1_lv>
	<E2_id>533</E2_id>
	<E2_lv>50</E2_lv>
	<E3_id>532</E3_id>
	<E3_lv>50</E3_lv>
	<E4_id>532</E4_id>
	<E4_lv>50</E4_lv>
	<E5_id>0</E5_id>
	<E5_lv>0</E5_lv>
	<E6_id>0</E6_id>
	<E6_lv>0</E6_lv>
	<Geth>0</Geth>
	<Experience>200</Experience>
</mst_mapenemy2>
<mst_mapenemy2>
	<Id>710602</Id>
	<Maparea_id>7</Maparea_id>
	<Mapinfo_no>1</Mapinfo_no>
	<Enemy_list_id>7106</Enemy_list_id>
	<Boss>1</Boss>
	<Deck_id>2</Deck_id>
	<Deck_name>潜水艦隊群 旗艦艦隊</Deck_name>
	<Formation_id>4</Formation_id>
	<E1_id>572</E1_id>
	<E1_lv>50</E1_lv>
	<E2_id>533</E2_id>
	<E2_lv>50</E2_lv>
	<E3_id>531</E3_id>
	<E3_lv>50</E3_lv>
	<E4_id>531</E4_id>
	<E4_lv>50</E4_lv>
	<E5_id>0</E5_id>
	<E5_lv>0</E5_lv>
	<E6_id>0</E6_id>
	<E6_lv>0</E6_lv>
	<Geth>0</Geth>
	<Experience>180</Experience>
</mst_mapenemy2>
<mst_mapenemy2>
	<Id>710603</Id>
	<Maparea_id>7</Maparea_id>
	<Mapinfo_no>1</Mapinfo_no>
	<Enemy_list_id>7106</Enemy_list_id>
	<Boss>1</Boss>
	<Deck_id>3</Deck_id>
	<Deck_name>潜水艦隊群 旗艦艦隊</Deck_name>
	<Formation_id>4</Formation_id>
	<E1_id>572</E1_id>
	<E1_lv>50</E1_lv>
	<E2_id>533</E2_id>
	<E2_lv>50</E2_lv>
	<E3_id>530</E3_id>
	<E3_lv>50</E3_lv>
	<E4_id>530</E4_id>
	<E4_lv>50</E4_lv>
	<E5_id>0</E5_id>
	<E5_lv>0</E5_lv>
	<E6_id>0</E6_id>
	<E6_lv>0</E6_lv>
	<Geth>1</Geth>
	<Experience>160</Experience>
</mst_mapenemy2>
<mst_mapenemy2>
	<Id>710604</Id>
	<Maparea_id>7</Maparea_id>
	<Mapinfo_no>1</Mapinfo_no>
	<Enemy_list_id>7106</Enemy_list_id>
	<Boss>1</Boss>
	<Deck_id>4</Deck_id>
	<Deck_name>潜水艦隊群 旗艦艦隊</Deck_name>
	<Formation_id>4</Formation_id>
	<E1_id>572</E1_id>
	<E1_lv>50</E1_lv>
	<E2_id>533</E2_id>
	<E2_lv>50</E2_lv>
	<E3_id>530</E3_id>
	<E3_lv>50</E3_lv>
	<E4_id>530</E4_id>
	<E4_lv>50</E4_lv>
	<E5_id>0</E5_id>
	<E5_lv>0</E5_lv>
	<E6_id>0</E6_id>
	<E6_lv>0</E6_lv>
	<Geth>1</Geth>
	<Experience>160</Experience>
</mst_mapenemy2>
<mst_mapenemy2>
	<Id>710605</Id>
	<Maparea_id>7</Maparea_id>
	<Mapinfo_no>1</Mapinfo_no>
	<Enemy_list_id>7106</Enemy_list_id>
	<Boss>1</Boss>
	<Deck_id>5</Deck_id>
	<Deck_name>潜水艦隊群 旗艦艦隊</Deck_name>
	<Formation_id>4</Formation_id>
	<E1_id>572</E1_id>
	<E1_lv>50</E1_lv>
	<E2_id>531</E2_id>
	<E2_lv>50</E2_lv>
	<E3_id>530</E3_id>
	<E3_lv>50</E3_lv>
	<E4_id>530</E4_id>
	<E4_lv>50</E4_lv>
	<E5_id>0</E5_id>
	<E5_lv>0</E5_lv>
	<E6_id>0</E6_id>
	<E6_lv>0</E6_lv>
	<Geth>1</Geth>
	<Experience>150</Experience>
</mst_mapenemy2>
<mst_mapenemy2>
	<Id>710606</Id>
	<Maparea_id>7</Maparea_id>
	<Mapinfo_no>1</Mapinfo_no>
	<Enemy_list_id>7106</Enemy_list_id>
	<Boss>1</Boss>
	<Deck_id>6</Deck_id>
	<Deck_name>潜水艦隊群 旗艦艦隊</Deck_name>
	<Formation_id>4</Formation_id>
	<E1_id>571</E1_id>
	<E1_lv>50</E1_lv>
	<E2_id>530</E2_id>
	<E2_lv>50</E2_lv>
	<E3_id>530</E3_id>
	<E3_lv>50</E3_lv>
	<E4_id>0</E4_id>
	<E4_lv>0</E4_lv>
	<E5_id>0</E5_id>
	<E5_lv>0</E5_lv>
	<E6_id>0</E6_id>
	<E6_lv>0</E6_lv>
	<Geth>2</Geth>
	<Experience>130</Experience>
</mst_mapenemy2>
<mst_mapenemy2>
	<Id>710607</Id>
	<Maparea_id>7</Maparea_id>
	<Mapinfo_no>1</Mapinfo_no>
	<Enemy_list_id>7106</Enemy_list_id>
	<Boss>1</Boss>
	<Deck_id>7</Deck_id>
	<Deck_name>潜水艦隊群 旗艦艦隊</Deck_name>
	<Formation_id>4</Formation_id>
	<E1_id>571</E1_id>
	<E1_lv>50</E1_lv>
	<E2_id>530</E2_id>
	<E2_lv>50</E2_lv>
	<E3_id>0</E3_id>
	<E3_lv>0</E3_lv>
	<E4_id>0</E4_id>
	<E4_lv>0</E4_lv>
	<E5_id>0</E5_id>
	<E5_lv>0</E5_lv>
	<E6_id>0</E6_id>
	<E6_lv>0</E6_lv>
	<Geth>3</Geth>
	<Experience>120</Experience>
</mst_mapenemy2>
<mst_mapenemy2>
	<Id>710608</Id>
	<Maparea_id>7</Maparea_id>
	<Mapinfo_no>1</Mapinfo_no>
	<Enemy_list_id>7106</Enemy_list_id>
	<Boss>1</Boss>
	<Deck_id>8</Deck_id>
	<Deck_name>潜水艦隊群 旗艦艦隊</Deck_name>
	<Formation_id>4</Formation_id>
	<E1_id>571</E1_id>
	<E1_lv>50</E1_lv>
	<E2_id>0</E2_id>
	<E2_lv>0</E2_lv>
	<E3_id>0</E3_id>
	<E3_lv>0</E3_lv>
	<E4_id>0</E4_id>
	<E4_lv>0</E4_lv>
	<E5_id>0</E5_id>
	<E5_lv>0</E5_lv>
	<E6_id>0</E6_id>
	<E6_lv>0</E6_lv>
	<Geth>4</Geth>
	<Experience>110</Experience>
</mst_mapenemy2>
<mst_mapenemy2>
	<Id>710609</Id>
	<Maparea_id>7</Maparea_id>
	<Mapinfo_no>1</Mapinfo_no>
	<Enemy_list_id>7106</Enemy_list_id>
	<Boss>1</Boss>
	<Deck_id>9</Deck_id>
	<Deck_name>潜水艦隊群 旗艦艦隊</Deck_name>
	<Formation_id>4</Formation_id>
	<E1_id>570</E1_id>
	<E1_lv>50</E1_lv>
	<E2_id>0</E2_id>
	<E2_lv>0</E2_lv>
	<E3_id>0</E3_id>
	<E3_lv>0</E3_lv>
	<E4_id>0</E4_id>
	<E4_lv>0</E4_lv>
	<E5_id>0</E5_id>
	<E5_lv>0</E5_lv>
	<E6_id>0</E6_id>
	<E6_lv>0</E6_lv>
	<Geth>4</Geth>
	<Experience>100</Experience>
</mst_mapenemy2>
</mst_mapenemy2_data>
