<?xml version="1.0" encoding="utf-8"?>
<AllBattleFmt xmlns:xsi="http://www.w3.org/2001/XMLSchema-instance" xmlns:xsd="http://www.w3.org/2001/XMLSchema">
  <Formation>
    <BattleFormationKinds1>Rinkei</BattleFormationKinds1>
    <BattleFormationKinds1>TanJuu</BattleFormationKinds1>
  </Formation>
  <BattleFormation>Doukou</BattleFormation>
  <DayBattle>
    <Header>
      <F_DeckShip1>
        <Deck_Id>1</Deck_Id>
        <Ships>
          <BattleShipFmt>
            <Id>1</Id>
            <ShipId>13</ShipId>
            <Level>1</Level>
            <NowHp>15</NowHp>
            <MaxHp>15</MaxHp>
            <EscapeFlag>false</EscapeFlag>
            <BattleParam>
              <Maxhp>15</Maxhp>
              <Houg>10</Houg>
              <Raig>27</Raig>
              <Taiku>12</Taiku>
              <Soukou>5</Soukou>
              <Kaihi>41</Kaihi>
              <Taisen>20</Taisen>
              <Sakuteki>5</Sakuteki>
              <Luck>12</Luck>
            </BattleParam>
            <Slot>
              <int>2</int>
              <int>13</int>
            </Slot>
          </BattleShipFmt>
          <BattleShipFmt>
            <Id>2</Id>
            <ShipId>1</ShipId>
            <Level>1</Level>
            <NowHp>13</NowHp>
            <MaxHp>13</MaxHp>
            <EscapeFlag>false</EscapeFlag>
            <BattleParam>
              <Maxhp>13</Maxhp>
              <Houg>6</Houg>
              <Raig>18</Raig>
              <Taiku>7</Taiku>
              <Soukou>5</Soukou>
              <Kaihi>37</Kaihi>
              <Taisen>16</Taisen>
              <Sakuteki>4</Sakuteki>
              <Luck>12</Luck>
            </BattleParam>
            <Slot>
              <int>1</int>
              <int>37</int>
            </Slot>
          </BattleShipFmt>
          <BattleShipFmt>
            <Id>3</Id>
            <ShipId>24</ShipId>
            <Level>1</Level>
            <NowHp>25</NowHp>
            <MaxHp>25</MaxHp>
            <EscapeFlag>false</EscapeFlag>
            <BattleParam>
              <Maxhp>25</Maxhp>
              <Houg>14</Houg>
              <Raig>24</Raig>
              <Taiku>13</Taiku>
              <Soukou>11</Soukou>
              <Kaihi>37</Kaihi>
              <Taisen>19</Taisen>
              <Sakuteki>8</Sakuteki>
              <Luck>17</Luck>
            </BattleParam>
            <Slot>
              <int>4</int>
              <int>14</int>
            </Slot>
          </BattleShipFmt>
          <BattleShipFmt>
            <Id>4</Id>
            <ShipId>7</ShipId>
            <Level>1</Level>
            <NowHp>13</NowHp>
            <MaxHp>13</MaxHp>
            <EscapeFlag>false</EscapeFlag>
            <BattleParam>
              <Maxhp>13</Maxhp>
              <Houg>6</Houg>
              <Raig>18</Raig>
              <Taiku>7</Taiku>
              <Soukou>5</Soukou>
              <Kaihi>37</Kaihi>
              <Taisen>16</Taisen>
              <Sakuteki>4</Sakuteki>
              <Luck>10</Luck>
            </BattleParam>
            <Slot>
              <int>1</int>
              <int>-1</int>
            </Slot>
          </BattleShipFmt>
          <BattleShipFmt>
            <Id>5</Id>
            <ShipId>36</ShipId>
            <Level>1</Level>
            <NowHp>15</NowHp>
            <MaxHp>15</MaxHp>
            <EscapeFlag>false</EscapeFlag>
            <BattleParam>
              <Maxhp>15</Maxhp>
              <Houg>10</Houg>
              <Raig>27</Raig>
              <Taiku>12</Taiku>
              <Soukou>6</Soukou>
              <Kaihi>42</Kaihi>
              <Taisen>20</Taisen>
              <Sakuteki>5</Sakuteki>
              <Luck>10</Luck>
            </BattleParam>
            <Slot>
              <int>2</int>
              <int>-1</int>
            </Slot>
          </BattleShipFmt>
          <BattleShipFmt>
            <Id>6</Id>
            <ShipId>37</ShipId>
            <Level>1</Level>
            <NowHp>15</NowHp>
            <MaxHp>15</MaxHp>
            <EscapeFlag>false</EscapeFlag>
            <BattleParam>
              <Maxhp>15</Maxhp>
              <Houg>10</Houg>
              <Raig>27</Raig>
              <Taiku>12</Taiku>
              <Soukou>6</Soukou>
              <Kaihi>42</Kaihi>
              <Taisen>20</Taisen>
              <Sakuteki>5</Sakuteki>
              <Luck>10</Luck>
            </BattleParam>
            <Slot>
              <int>2</int>
              <int>-1</int>
            </Slot>
          </BattleShipFmt>
        </Ships>
      </F_DeckShip1>
      <E_DeckShip1>
        <Deck_Id>0</Deck_Id>
        <Ships>
          <BattleShipFmt>
            <Id>-1</Id>
            <ShipId>503</ShipId>
            <Level>1</Level>
            <NowHp>24</NowHp>
            <MaxHp>24</MaxHp>
            <EscapeFlag>false</EscapeFlag>
            <BattleParam>
              <Maxhp>24</Maxhp>
              <Houg>6</Houg>
              <Raig>16</Raig>
              <Taiku>6</Taiku>
              <Soukou>7</Soukou>
              <Kaihi>16</Kaihi>
              <Taisen>30</Taisen>
              <Sakuteki>4</Sakuteki>
              <Luck>1</Luck>
            </BattleParam>
            <Slot>
              <int>502</int>
              <int>513</int>
            </Slot>
          </BattleShipFmt>
          <BattleShipFmt>
            <Id>-2</Id>
            <ShipId>501</ShipId>
            <Level>0</Level>
            <NowHp>20</NowHp>
            <MaxHp>20</MaxHp>
            <EscapeFlag>false</EscapeFlag>
            <BattleParam>
              <Maxhp>20</Maxhp>
              <Houg>5</Houg>
              <Raig>15</Raig>
              <Taiku>6</Taiku>
              <Soukou>5</Soukou>
              <Kaihi>14</Kaihi>
              <Taisen>25</Taisen>
              <Sakuteki>3</Sakuteki>
              <Luck>1</Luck>
            </BattleParam>
            <Slot>
              <int>501</int>
              <int>-1</int>
            </Slot>
          </BattleShipFmt>
          <BattleShipFmt>
            <Id>-3</Id>
            <ShipId>501</ShipId>
            <Level>0</Level>
            <NowHp>20</NowHp>
            <MaxHp>20</MaxHp>
            <EscapeFlag>false</EscapeFlag>
            <BattleParam>
              <Maxhp>20</Maxhp>
              <Houg>5</Houg>
              <Raig>15</Raig>
              <Taiku>6</Taiku>
              <Soukou>5</Soukou>
              <Kaihi>14</Kaihi>
              <Taisen>25</Taisen>
              <Sakuteki>3</Sakuteki>
              <Luck>1</Luck>
            </BattleParam>
            <Slot>
              <int>501</int>
              <int>-1</int>
            </Slot>
          </BattleShipFmt>
          <BattleShipFmt>
            <Id>-4</Id>
            <ShipId>501</ShipId>
            <Level>0</Level>
            <NowHp>20</NowHp>
            <MaxHp>20</MaxHp>
            <EscapeFlag>false</EscapeFlag>
            <BattleParam>
              <Maxhp>20</Maxhp>
              <Houg>5</Houg>
              <Raig>15</Raig>
              <Taiku>6</Taiku>
              <Soukou>5</Soukou>
              <Kaihi>14</Kaihi>
              <Taisen>25</Taisen>
              <Sakuteki>3</Sakuteki>
              <Luck>1</Luck>
            </BattleParam>
            <Slot>
              <int>501</int>
              <int>-1</int>
            </Slot>
          </BattleShipFmt>
          <BattleShipFmt>
            <Id>-5</Id>
            <ShipId>501</ShipId>
            <Level>0</Level>
            <NowHp>20</NowHp>
            <MaxHp>20</MaxHp>
            <EscapeFlag>false</EscapeFlag>
            <BattleParam>
              <Maxhp>20</Maxhp>
              <Houg>5</Houg>
              <Raig>15</Raig>
              <Taiku>6</Taiku>
              <Soukou>5</Soukou>
              <Kaihi>14</Kaihi>
              <Taisen>25</Taisen>
              <Sakuteki>3</Sakuteki>
              <Luck>1</Luck>
            </BattleParam>
            <Slot>
              <int>501</int>
              <int>-1</int>
            </Slot>
          </BattleShipFmt>
          <BattleShipFmt>
            <Id>-6</Id>
            <ShipId>501</ShipId>
            <Level>0</Level>
            <NowHp>20</NowHp>
            <MaxHp>20</MaxHp>
            <EscapeFlag>false</EscapeFlag>
            <BattleParam>
              <Maxhp>20</Maxhp>
              <Houg>5</Houg>
              <Raig>15</Raig>
              <Taiku>6</Taiku>
              <Soukou>5</Soukou>
              <Kaihi>14</Kaihi>
              <Taisen>25</Taisen>
              <Sakuteki>3</Sakuteki>
              <Luck>1</Luck>
            </BattleParam>
            <Slot>
              <int>501</int>
              <int>-1</int>
            </Slot>
          </BattleShipFmt>
        </Ships>
      </E_DeckShip1>
    </Header>
    <Search>
      <SearchInfo>
        <SearchValue>NotFound</SearchValue>
        <UsePlane />
      </SearchInfo>
      <SearchInfo>
        <SearchValue>Success</SearchValue>
        <UsePlane />
      </SearchInfo>
    </Search>
    <AirBattle>
      <StageFlag>
        <boolean>false</boolean>
        <boolean>false</boolean>
        <boolean>false</boolean>
      </StageFlag>
      <F_PlaneFrom />
      <E_PlaneFrom />
    </AirBattle>
    <SupportAtack>
      <Deck_Id>2</Deck_Id>
      <Undressing_Flag>
        <boolean>false</boolean>
        <boolean>false</boolean>
        <boolean>false</boolean>
        <boolean>false</boolean>
        <boolean>false</boolean>
        <boolean>false</boolean>
      </Undressing_Flag>
      <SupportType>Raigeki</SupportType>
      <Hourai>
        <Clitical>
          <BattleHitStatus>Normal</BattleHitStatus>
          <BattleHitStatus>Miss</BattleHitStatus>
          <BattleHitStatus>Miss</BattleHitStatus>
          <BattleHitStatus>Miss</BattleHitStatus>
          <BattleHitStatus>Miss</BattleHitStatus>
          <BattleHitStatus>Clitical</BattleHitStatus>
        </Clitical>
        <Damage>
          <int>26</int>
          <int>0</int>
          <int>0</int>
          <int>0</int>
          <int>0</int>
          <int>46</int>
        </Damage>
        <DamageType>
          <BattleDamageKinds>Normal</BattleDamageKinds>
          <BattleDamageKinds>Normal</BattleDamageKinds>
          <BattleDamageKinds>Normal</BattleDamageKinds>
          <BattleDamageKinds>Normal</BattleDamageKinds>
          <BattleDamageKinds>Normal</BattleDamageKinds>
          <BattleDamageKinds>Normal</BattleDamageKinds>
        </DamageType>
      </Hourai>
    </SupportAtack>
    <Hougeki1>
      <HougekiOfBattleAtackKinds_Day>
        <Attacker>1</Attacker>
        <SpType>Normal</SpType>
        <Slot_List>
          <int>2</int>
        </Slot_List>
        <Target>
          <int>-2</int>
        </Target>
        <Clitical>
          <BattleHitStatus>Clitical</BattleHitStatus>
        </Clitical>
        <Damage>
          <int>11</int>
        </Damage>
        <DamageKind>
          <BattleDamageKinds>Normal</BattleDamageKinds>
        </DamageKind>
      </HougekiOfBattleAtackKinds_Day>
      <HougekiOfBattleAtackKinds_Day>
        <Attacker>-2</Attacker>
        <SpType>Normal</SpType>
        <Slot_List>
          <int>501</int>
        </Slot_List>
        <Target>
          <int>4</int>
        </Target>
        <Clitical>
          <BattleHitStatus>Normal</BattleHitStatus>
        </Clitical>
        <Damage>
          <int>2</int>
        </Damage>
        <DamageKind>
          <BattleDamageKinds>Normal</BattleDamageKinds>
        </DamageKind>
      </HougekiOfBattleAtackKinds_Day>
      <HougekiOfBattleAtackKinds_Day>
        <Attacker>2</Attacker>
        <SpType>Normal</SpType>
        <Slot_List>
          <int>1</int>
        </Slot_List>
        <Target>
          <int>-2</int>
        </Target>
        <Clitical>
          <BattleHitStatus>Normal</BattleHitStatus>
        </Clitical>
        <Damage>
          <int>4</int>
        </Damage>
        <DamageKind>
          <BattleDamageKinds>Normal</BattleDamageKinds>
        </DamageKind>
      </HougekiOfBattleAtackKinds_Day>
      <HougekiOfBattleAtackKinds_Day>
        <Attacker>-3</Attacker>
        <SpType>Normal</SpType>
        <Slot_List>
          <int>501</int>
        </Slot_List>
        <Target>
          <int>2</int>
        </Target>
        <Clitical>
          <BattleHitStatus>Normal</BattleHitStatus>
        </Clitical>
        <Damage>
          <int>7</int>
        </Damage>
        <DamageKind>
          <BattleDamageKinds>Normal</BattleDamageKinds>
        </DamageKind>
      </HougekiOfBattleAtackKinds_Day>
      <HougekiOfBattleAtackKinds_Day>
        <Attacker>4</Attacker>
        <SpType>Normal</SpType>
        <Slot_List>
          <int>1</int>
        </Slot_List>
        <Target>
          <int>-3</int>
        </Target>
        <Clitical>
          <BattleHitStatus>Normal</BattleHitStatus>
        </Clitical>
        <Damage>
          <int>3</int>
        </Damage>
        <DamageKind>
          <BattleDamageKinds>Normal</BattleDamageKinds>
        </DamageKind>
      </HougekiOfBattleAtackKinds_Day>
      <HougekiOfBattleAtackKinds_Day>
        <Attacker>-4</Attacker>
        <SpType>Normal</SpType>
        <Slot_List>
          <int>501</int>
        </Slot_List>
        <Target>
          <int>5</int>
        </Target>
        <Clitical>
          <BattleHitStatus>Normal</BattleHitStatus>
        </Clitical>
        <Damage>
          <int>3</int>
        </Damage>
        <DamageKind>
          <BattleDamageKinds>Normal</BattleDamageKinds>
        </DamageKind>
      </HougekiOfBattleAtackKinds_Day>
      <HougekiOfBattleAtackKinds_Day>
        <Attacker>5</Attacker>
        <SpType>Normal</SpType>
        <Slot_List>
          <int>2</int>
        </Slot_List>
        <Target>
          <int>-3</int>
        </Target>
        <Clitical>
          <BattleHitStatus>Normal</BattleHitStatus>
        </Clitical>
        <Damage>
          <int>6</int>
        </Damage>
        <DamageKind>
          <BattleDamageKinds>Normal</BattleDamageKinds>
        </DamageKind>
      </HougekiOfBattleAtackKinds_Day>
      <HougekiOfBattleAtackKinds_Day>
        <Attacker>6</Attacker>
        <SpType>Normal</SpType>
        <Slot_List>
          <int>2</int>
        </Slot_List>
        <Target>
          <int>-3</int>
        </Target>
        <Clitical>
          <BattleHitStatus>Normal</BattleHitStatus>
        </Clitical>
        <Damage>
          <int>5</int>
        </Damage>
        <DamageKind>
          <BattleDamageKinds>Normal</BattleDamageKinds>
        </DamageKind>
      </HougekiOfBattleAtackKinds_Day>
      <HougekiOfBattleAtackKinds_Day>
        <Attacker>3</Attacker>
        <SpType>Normal</SpType>
        <Slot_List>
          <int>4</int>
        </Slot_List>
        <Target>
          <int>-4</int>
        </Target>
        <Clitical>
          <BattleHitStatus>Normal</BattleHitStatus>
        </Clitical>
        <Damage>
          <int>8</int>
        </Damage>
        <DamageKind>
          <BattleDamageKinds>Normal</BattleDamageKinds>
        </DamageKind>
      </HougekiOfBattleAtackKinds_Day>
    </Hougeki1>
    <Raigeki>
      <F_Rai>
        <Target>
          <int>2</int>
          <int>-1</int>
          <int>3</int>
          <int>2</int>
          <int>1</int>
          <int>3</int>
        </Target>
        <Clitical>
          <BattleHitStatus>Clitical</BattleHitStatus>
          <BattleHitStatus>Miss</BattleHitStatus>
          <BattleHitStatus>Miss</BattleHitStatus>
          <BattleHitStatus>Miss</BattleHitStatus>
          <BattleHitStatus>Miss</BattleHitStatus>
          <BattleHitStatus>Clitical</BattleHitStatus>
        </Clitical>
        <Damage>
          <int>32</int>
          <int>0</int>
          <int>0</int>
          <int>0</int>
          <int>0</int>
          <int>28</int>
        </Damage>
        <DamageKind>
          <BattleDamageKinds>Normal</BattleDamageKinds>
          <BattleDamageKinds>Normal</BattleDamageKinds>
          <BattleDamageKinds>Normal</BattleDamageKinds>
          <BattleDamageKinds>Normal</BattleDamageKinds>
          <BattleDamageKinds>Normal</BattleDamageKinds>
          <BattleDamageKinds>Normal</BattleDamageKinds>
        </DamageKind>
      </F_Rai>
      <E_Rai>
        <Target>
          <int>-1</int>
          <int>-1</int>
          <int>-1</int>
          <int>5</int>
          <int>-1</int>
          <int>-1</int>
        </Target>
        <Clitical>
          <BattleHitStatus>Miss</BattleHitStatus>
          <BattleHitStatus>Miss</BattleHitStatus>
          <BattleHitStatus>Miss</BattleHitStatus>
          <BattleHitStatus>Normal</BattleHitStatus>
          <BattleHitStatus>Miss</BattleHitStatus>
          <BattleHitStatus>Miss</BattleHitStatus>
        </Clitical>
        <Damage>
          <int>0</int>
          <int>0</int>
          <int>0</int>
          <int>1</int>
          <int>0</int>
          <int>0</int>
        </Damage>
        <DamageKind>
          <BattleDamageKinds>Normal</BattleDamageKinds>
          <BattleDamageKinds>Normal</BattleDamageKinds>
          <BattleDamageKinds>Normal</BattleDamageKinds>
          <BattleDamageKinds>Normal</BattleDamageKinds>
          <BattleDamageKinds>Normal</BattleDamageKinds>
          <BattleDamageKinds>Normal</BattleDamageKinds>
        </DamageKind>
      </E_Rai>
    </Raigeki>
    <ValidMidnight>true</ValidMidnight>
  </DayBattle>
</AllBattleFmt>