<?xml version="1.0" encoding="utf-8"?>
<AllBattleFmt xmlns:xsi="http://www.w3.org/2001/XMLSchema-instance" xmlns:xsd="http://www.w3.org/2001/XMLSchema">
  <Formation>
    <BattleFormationKinds1>Rinkei</BattleFormationKinds1>
    <BattleFormationKinds1>TanJuu</BattleFormationKinds1>
  </Formation>
  <BattleFormation>T_Own</BattleFormation>
  <DayBattle>
    <Header>
      <F_DeckShip1>
        <Deck_Id>1</Deck_Id>
        <Ships>
          <BattleShipFmt>
            <Id>1</Id>
            <ShipId>13</ShipId>
            <Level>1</Level>
            <NowHp>15</NowHp>
            <MaxHp>15</MaxHp>
            <EscapeFlag>false</EscapeFlag>
            <BattleParam>
              <Maxhp>15</Maxhp>
              <Houg>10</Houg>
              <Raig>27</Raig>
              <Taiku>12</Taiku>
              <Soukou>5</Soukou>
              <Kaihi>41</Kaihi>
              <Taisen>20</Taisen>
              <Sakuteki>5</Sakuteki>
              <Luck>12</Luck>
            </BattleParam>
            <Slot>
              <int>2</int>
              <int>13</int>
            </Slot>
          </BattleShipFmt>
          <BattleShipFmt>
            <Id>2</Id>
            <ShipId>330</ShipId>
            <Level>1</Level>
            <NowHp>37</NowHp>
            <MaxHp>37</MaxHp>
            <EscapeFlag>false</EscapeFlag>
            <BattleParam>
              <Maxhp>37</Maxhp>
              <Houg>24</Houg>
              <Raig>24</Raig>
              <Taiku>80</Taiku>
              <Soukou>16</Soukou>
              <Kaihi>48</Kaihi>
              <Taisen>30</Taisen>
              <Sakuteki>10</Sakuteki>
              <Luck>12</Luck>
            </BattleParam>
            <Slot>
              <int>122</int>
              <int>106</int>
              <int>40</int>
            </Slot>
          </BattleShipFmt>
          <BattleShipFmt>
            <Id>3</Id>
            <ShipId>24</ShipId>
            <Level>1</Level>
            <NowHp>25</NowHp>
            <MaxHp>25</MaxHp>
            <EscapeFlag>false</EscapeFlag>
            <BattleParam>
              <Maxhp>25</Maxhp>
              <Houg>14</Houg>
              <Raig>24</Raig>
              <Taiku>13</Taiku>
              <Soukou>11</Soukou>
              <Kaihi>37</Kaihi>
              <Taisen>19</Taisen>
              <Sakuteki>8</Sakuteki>
              <Luck>17</Luck>
            </BattleParam>
            <Slot>
              <int>4</int>
              <int>14</int>
            </Slot>
          </BattleShipFmt>
          <BattleShipFmt>
            <Id>4</Id>
            <ShipId>175</ShipId>
            <Level>1</Level>
            <NowHp>18</NowHp>
            <MaxHp>18</MaxHp>
            <EscapeFlag>false</EscapeFlag>
            <BattleParam>
              <Maxhp>18</Maxhp>
              <Houg>8</Houg>
              <Raig>24</Raig>
              <Taiku>12</Taiku>
              <Soukou>8</Soukou>
              <Kaihi>36</Kaihi>
              <Taisen>32</Taisen>
              <Sakuteki>6</Sakuteki>
              <Luck>6</Luck>
            </BattleParam>
            <Slot>
              <int>78</int>
              <int>-1</int>
              <int>-1</int>
            </Slot>
          </BattleShipFmt>
          <BattleShipFmt>
            <Id>5</Id>
            <ShipId>117</ShipId>
            <Level>1</Level>
            <NowHp>45</NowHp>
            <MaxHp>45</MaxHp>
            <EscapeFlag>false</EscapeFlag>
            <BattleParam>
              <Maxhp>45</Maxhp>
              <Houg>0</Houg>
              <Raig>0</Raig>
              <Taiku>18</Taiku>
              <Soukou>25</Soukou>
              <Kaihi>29</Kaihi>
              <Taisen>0</Taisen>
              <Sakuteki>35</Sakuteki>
              <Luck>40</Luck>
            </BattleParam>
            <Slot>
              <int>21</int>
              <int>24</int>
              <int>17</int>
              <int>-1</int>
            </Slot>
          </BattleShipFmt>
          <BattleShipFmt>
            <Id>6</Id>
            <ShipId>75</ShipId>
            <Level>1</Level>
            <NowHp>40</NowHp>
            <MaxHp>40</MaxHp>
            <EscapeFlag>false</EscapeFlag>
            <BattleParam>
              <Maxhp>40</Maxhp>
              <Houg>0</Houg>
              <Raig>0</Raig>
              <Taiku>21</Taiku>
              <Soukou>21</Soukou>
              <Kaihi>28</Kaihi>
              <Taisen>0</Taisen>
              <Sakuteki>38</Sakuteki>
              <Luck>10</Luck>
            </BattleParam>
            <Slot>
              <int>19</int>
              <int>23</int>
              <int>16</int>
              <int>-1</int>
            </Slot>
          </BattleShipFmt>
        </Ships>
      </F_DeckShip1>
      <E_DeckShip1>
        <Deck_Id>0</Deck_Id>
        <Ships>
          <BattleShipFmt>
            <Id>-1</Id>
            <ShipId>503</ShipId>
            <Level>1</Level>
            <NowHp>24</NowHp>
            <MaxHp>24</MaxHp>
            <EscapeFlag>false</EscapeFlag>
            <BattleParam>
              <Maxhp>24</Maxhp>
              <Houg>6</Houg>
              <Raig>16</Raig>
              <Taiku>6</Taiku>
              <Soukou>7</Soukou>
              <Kaihi>16</Kaihi>
              <Taisen>30</Taisen>
              <Sakuteki>4</Sakuteki>
              <Luck>1</Luck>
            </BattleParam>
            <Slot>
              <int>502</int>
              <int>513</int>
            </Slot>
          </BattleShipFmt>
          <BattleShipFmt>
            <Id>-2</Id>
            <ShipId>525</ShipId>
            <Level>0</Level>
            <NowHp>88</NowHp>
            <MaxHp>88</MaxHp>
            <EscapeFlag>false</EscapeFlag>
            <BattleParam>
              <Maxhp>88</Maxhp>
              <Houg>0</Houg>
              <Raig>0</Raig>
              <Taiku>40</Taiku>
              <Soukou>55</Soukou>
              <Kaihi>12</Kaihi>
              <Taisen>0</Taisen>
              <Sakuteki>50</Sakuteki>
              <Luck>10</Luck>
            </BattleParam>
            <Slot>
              <int>520</int>
              <int>517</int>
              <int>524</int>
            </Slot>
          </BattleShipFmt>
          <BattleShipFmt xsi:nil="true" />
          <BattleShipFmt xsi:nil="true" />
          <BattleShipFmt xsi:nil="true" />
          <BattleShipFmt xsi:nil="true" />
        </Ships>
      </E_DeckShip1>
    </Header>
    <Search>
      <SearchInfo>
        <SearchValue>Success</SearchValue>
        <UsePlane />
      </SearchInfo>
      <SearchInfo>
        <SearchValue>Success</SearchValue>
        <UsePlane />
      </SearchInfo>
    </Search>
    <AirBattle>
      <StageFlag>
        <boolean>true</boolean>
        <boolean>true</boolean>
        <boolean>true</boolean>
      </StageFlag>
      <F_PlaneFrom>
        <int>5</int>
        <int>6</int>
      </F_PlaneFrom>
      <E_PlaneFrom>
        <int>-2</int>
      </E_PlaneFrom>
      <Air1>
        <F_LostInfo>
          <Count>90</Count>
          <LostCount>14</LostCount>
        </F_LostInfo>
        <F_TouchPlane>0</F_TouchPlane>
        <E_LostInfo>
          <Count>90</Count>
          <LostCount>23</LostCount>
        </E_LostInfo>
        <E_TouchPlane>0</E_TouchPlane>
        <SeikuKind>None</SeikuKind>
      </Air1>
      <Air2>
        <F_LostInfo>
          <Count>52</Count>
          <LostCount>3</LostCount>
        </F_LostInfo>
        <E_LostInfo>
          <Count>49</Count>
          <LostCount>12</LostCount>
        </E_LostInfo>
      </Air2>
      <Air3>
        <F_BakugekiPlane>
          <int>24</int>
          <int>23</int>
        </F_BakugekiPlane>
        <F_RaigekiPlane>
          <int>17</int>
          <int>16</int>
        </F_RaigekiPlane>
        <E_BakugekiPlane>
          <int>524</int>
        </E_BakugekiPlane>
        <E_RaigekiPlane>
          <int>517</int>
        </E_RaigekiPlane>
        <F_Bakurai>
          <IsRaigeki>
            <boolean>true</boolean>
            <boolean>false</boolean>
            <boolean>false</boolean>
            <boolean>false</boolean>
            <boolean>false</boolean>
            <boolean>false</boolean>
          </IsRaigeki>
          <IsBakugeki>
            <boolean>false</boolean>
            <boolean>false</boolean>
            <boolean>false</boolean>
            <boolean>false</boolean>
            <boolean>false</boolean>
            <boolean>true</boolean>
          </IsBakugeki>
          <Clitical>
            <BattleHitStatus>Clitical</BattleHitStatus>
            <BattleHitStatus>Normal</BattleHitStatus>
            <BattleHitStatus>Normal</BattleHitStatus>
            <BattleHitStatus>Normal</BattleHitStatus>
            <BattleHitStatus>Normal</BattleHitStatus>
            <BattleHitStatus>Clitical</BattleHitStatus>
          </Clitical>
          <Damage>
            <int>10</int>
            <int>0</int>
            <int>0</int>
            <int>0</int>
            <int>0</int>
            <int>39</int>
          </Damage>
          <DamageType>
            <BattleDamageKinds>Normal</BattleDamageKinds>
            <BattleDamageKinds>Normal</BattleDamageKinds>
            <BattleDamageKinds>Normal</BattleDamageKinds>
            <BattleDamageKinds>Normal</BattleDamageKinds>
            <BattleDamageKinds>Normal</BattleDamageKinds>
            <BattleDamageKinds>Normal</BattleDamageKinds>
          </DamageType>
        </F_Bakurai>
        <E_Bakurai>
          <IsRaigeki>
            <boolean>true</boolean>
            <boolean>true</boolean>
            <boolean>false</boolean>
            <boolean>false</boolean>
            <boolean>false</boolean>
            <boolean>false</boolean>
          </IsRaigeki>
          <IsBakugeki>
            <boolean>false</boolean>
            <boolean>true</boolean>
            <boolean>false</boolean>
            <boolean>false</boolean>
            <boolean>false</boolean>
            <boolean>false</boolean>
          </IsBakugeki>
          <Clitical>
            <BattleHitStatus>Clitical</BattleHitStatus>
            <BattleHitStatus>Clitical</BattleHitStatus>
            <BattleHitStatus>Normal</BattleHitStatus>
            <BattleHitStatus>Normal</BattleHitStatus>
            <BattleHitStatus>Normal</BattleHitStatus>
            <BattleHitStatus>Normal</BattleHitStatus>
          </Clitical>
          <Damage>
            <int>98</int>
            <int>59</int>
            <int>0</int>
            <int>0</int>
            <int>0</int>
            <int>0</int>
          </Damage>
          <DamageType>
            <BattleDamageKinds>Normal</BattleDamageKinds>
            <BattleDamageKinds>Normal</BattleDamageKinds>
            <BattleDamageKinds>Normal</BattleDamageKinds>
            <BattleDamageKinds>Normal</BattleDamageKinds>
            <BattleDamageKinds>Normal</BattleDamageKinds>
            <BattleDamageKinds>Normal</BattleDamageKinds>
          </DamageType>
        </E_Bakurai>
      </Air3>
    </AirBattle>
    <Hougeki1>
      <HougekiOfBattleAtackKinds_Day>
        <Attacker>1</Attacker>
        <SpType>Normal</SpType>
        <Slot_List>
          <int>2</int>
        </Slot_List>
        <Target>
          <int>-2</int>
        </Target>
        <Clitical>
          <BattleHitStatus>Normal</BattleHitStatus>
        </Clitical>
        <Damage>
          <int>2</int>
        </Damage>
        <DamageKind>
          <BattleDamageKinds>Normal</BattleDamageKinds>
        </DamageKind>
      </HougekiOfBattleAtackKinds_Day>
      <HougekiOfBattleAtackKinds_Day>
        <Attacker>-2</Attacker>
        <SpType>AirAttack</SpType>
        <Slot_List>
          <int>0</int>
        </Slot_List>
        <Target>
          <int>3</int>
        </Target>
        <Clitical>
          <BattleHitStatus>Miss</BattleHitStatus>
        </Clitical>
        <Damage>
          <int>0</int>
        </Damage>
        <DamageKind>
          <BattleDamageKinds>Normal</BattleDamageKinds>
        </DamageKind>
      </HougekiOfBattleAtackKinds_Day>
      <HougekiOfBattleAtackKinds_Day>
        <Attacker>2</Attacker>
        <SpType>Normal</SpType>
        <Slot_List>
          <int>122</int>
        </Slot_List>
        <Target>
          <int>-2</int>
        </Target>
        <Clitical>
          <BattleHitStatus>Miss</BattleHitStatus>
        </Clitical>
        <Damage>
          <int>0</int>
        </Damage>
        <DamageKind>
          <BattleDamageKinds>Normal</BattleDamageKinds>
        </DamageKind>
      </HougekiOfBattleAtackKinds_Day>
      <HougekiOfBattleAtackKinds_Day>
        <Attacker>4</Attacker>
        <SpType>Normal</SpType>
        <Slot_List>
          <int>78</int>
        </Slot_List>
        <Target>
          <int>-2</int>
        </Target>
        <Clitical>
          <BattleHitStatus>Normal</BattleHitStatus>
        </Clitical>
        <Damage>
          <int>3</int>
        </Damage>
        <DamageKind>
          <BattleDamageKinds>Normal</BattleDamageKinds>
        </DamageKind>
      </HougekiOfBattleAtackKinds_Day>
      <HougekiOfBattleAtackKinds_Day>
        <Attacker>5</Attacker>
        <SpType>AirAttack</SpType>
        <Slot_List>
          <int>0</int>
        </Slot_List>
        <Target>
          <int>-2</int>
        </Target>
        <Clitical>
          <BattleHitStatus>Normal</BattleHitStatus>
        </Clitical>
        <Damage>
          <int>5</int>
        </Damage>
        <DamageKind>
          <BattleDamageKinds>Normal</BattleDamageKinds>
        </DamageKind>
      </HougekiOfBattleAtackKinds_Day>
      <HougekiOfBattleAtackKinds_Day>
        <Attacker>3</Attacker>
        <SpType>Normal</SpType>
        <Slot_List>
          <int>4</int>
        </Slot_List>
        <Target>
          <int>-2</int>
        </Target>
        <Clitical>
          <BattleHitStatus>Normal</BattleHitStatus>
        </Clitical>
        <Damage>
          <int>1</int>
        </Damage>
        <DamageKind>
          <BattleDamageKinds>Normal</BattleDamageKinds>
        </DamageKind>
      </HougekiOfBattleAtackKinds_Day>
    </Hougeki1>
    <Raigeki>
      <F_Rai>
        <Target>
          <int>-1</int>
          <int>1</int>
          <int>1</int>
          <int>1</int>
          <int>-1</int>
          <int>-1</int>
        </Target>
        <Clitical>
          <BattleHitStatus>Miss</BattleHitStatus>
          <BattleHitStatus>Miss</BattleHitStatus>
          <BattleHitStatus>Normal</BattleHitStatus>
          <BattleHitStatus>Miss</BattleHitStatus>
          <BattleHitStatus>Miss</BattleHitStatus>
          <BattleHitStatus>Miss</BattleHitStatus>
        </Clitical>
        <Damage>
          <int>0</int>
          <int>0</int>
          <int>1</int>
          <int>0</int>
          <int>0</int>
          <int>0</int>
        </Damage>
        <DamageKind>
          <BattleDamageKinds>Normal</BattleDamageKinds>
          <BattleDamageKinds>Normal</BattleDamageKinds>
          <BattleDamageKinds>Normal</BattleDamageKinds>
          <BattleDamageKinds>Normal</BattleDamageKinds>
          <BattleDamageKinds>Normal</BattleDamageKinds>
          <BattleDamageKinds>Normal</BattleDamageKinds>
        </DamageKind>
      </F_Rai>
      <E_Rai>
        <Target>
          <int>-1</int>
          <int>-1</int>
          <int>-1</int>
          <int>-1</int>
          <int>-1</int>
          <int>-1</int>
        </Target>
        <Clitical>
          <BattleHitStatus>Miss</BattleHitStatus>
          <BattleHitStatus>Miss</BattleHitStatus>
          <BattleHitStatus>Miss</BattleHitStatus>
          <BattleHitStatus>Miss</BattleHitStatus>
          <BattleHitStatus>Miss</BattleHitStatus>
          <BattleHitStatus>Miss</BattleHitStatus>
        </Clitical>
        <Damage>
          <int>0</int>
          <int>0</int>
          <int>0</int>
          <int>0</int>
          <int>0</int>
          <int>0</int>
        </Damage>
        <DamageKind>
          <BattleDamageKinds>Normal</BattleDamageKinds>
          <BattleDamageKinds>Normal</BattleDamageKinds>
          <BattleDamageKinds>Normal</BattleDamageKinds>
          <BattleDamageKinds>Normal</BattleDamageKinds>
          <BattleDamageKinds>Normal</BattleDamageKinds>
          <BattleDamageKinds>Normal</BattleDamageKinds>
        </DamageKind>
      </E_Rai>
    </Raigeki>
    <ValidMidnight>true</ValidMidnight>
  </DayBattle>
</AllBattleFmt>