<?xml version="1.0" encoding="utf-8"?>
<mst_mapcellincentive_data xmlns:i="http://www.w3.org/2001/XMLSchema-instance">
<mst_mapcellincentive>
	<Id>63077001</Id>
	<Mapcell_id>7</Mapcell_id>
	<Event_id>7</Event_id>
	<Success_level>0</Success_level>
	<Incentive_no>1</Incentive_no>
	<Choose_rate>5</Choose_rate>
	<Material_id>2</Material_id>
	<Material_count>80</Material_count>
</mst_mapcellincentive>
<mst_mapcellincentive>
	<Id>63077002</Id>
	<Mapcell_id>7</Mapcell_id>
	<Event_id>7</Event_id>
	<Success_level>0</Success_level>
	<Incentive_no>2</Incentive_no>
	<Choose_rate>5</Choose_rate>
	<Material_id>2</Material_id>
	<Material_count>60</Material_count>
</mst_mapcellincentive>
<mst_mapcellincentive>
	<Id>63077003</Id>
	<Mapcell_id>7</Mapcell_id>
	<Event_id>7</Event_id>
	<Success_level>0</Success_level>
	<Incentive_no>3</Incentive_no>
	<Choose_rate>5</Choose_rate>
	<Material_id>2</Material_id>
	<Material_count>60</Material_count>
</mst_mapcellincentive>
<mst_mapcellincentive>
	<Id>63077004</Id>
	<Mapcell_id>7</Mapcell_id>
	<Event_id>7</Event_id>
	<Success_level>0</Success_level>
	<Incentive_no>4</Incentive_no>
	<Choose_rate>5</Choose_rate>
	<Material_id>7</Material_id>
	<Material_count>1</Material_count>
</mst_mapcellincentive>
<mst_mapcellincentive>
	<Id>63077005</Id>
	<Mapcell_id>7</Mapcell_id>
	<Event_id>7</Event_id>
	<Success_level>0</Success_level>
	<Incentive_no>5</Incentive_no>
	<Choose_rate>5</Choose_rate>
	<Material_id>7</Material_id>
	<Material_count>1</Material_count>
</mst_mapcellincentive>
<mst_mapcellincentive>
	<Id>63077006</Id>
	<Mapcell_id>7</Mapcell_id>
	<Event_id>7</Event_id>
	<Success_level>0</Success_level>
	<Incentive_no>6</Incentive_no>
	<Choose_rate>5</Choose_rate>
	<Material_id>4</Material_id>
	<Material_count>50</Material_count>
</mst_mapcellincentive>
<mst_mapcellincentive>
	<Id>63077007</Id>
	<Mapcell_id>7</Mapcell_id>
	<Event_id>7</Event_id>
	<Success_level>0</Success_level>
	<Incentive_no>7</Incentive_no>
	<Choose_rate>5</Choose_rate>
	<Material_id>4</Material_id>
	<Material_count>40</Material_count>
</mst_mapcellincentive>
<mst_mapcellincentive>
	<Id>63077008</Id>
	<Mapcell_id>7</Mapcell_id>
	<Event_id>7</Event_id>
	<Success_level>0</Success_level>
	<Incentive_no>8</Incentive_no>
	<Choose_rate>5</Choose_rate>
	<Material_id>4</Material_id>
	<Material_count>40</Material_count>
</mst_mapcellincentive>
<mst_mapcellincentive>
	<Id>63077009</Id>
	<Mapcell_id>7</Mapcell_id>
	<Event_id>7</Event_id>
	<Success_level>0</Success_level>
	<Incentive_no>9</Incentive_no>
	<Choose_rate>5</Choose_rate>
	<Material_id>7</Material_id>
	<Material_count>1</Material_count>
</mst_mapcellincentive>
<mst_mapcellincentive>
	<Id>63077010</Id>
	<Mapcell_id>7</Mapcell_id>
	<Event_id>7</Event_id>
	<Success_level>0</Success_level>
	<Incentive_no>10</Incentive_no>
	<Choose_rate>5</Choose_rate>
	<Material_id>7</Material_id>
	<Material_count>1</Material_count>
</mst_mapcellincentive>
<mst_mapcellincentive>
	<Id>63077011</Id>
	<Mapcell_id>7</Mapcell_id>
	<Event_id>7</Event_id>
	<Success_level>0</Success_level>
	<Incentive_no>11</Incentive_no>
	<Choose_rate>5</Choose_rate>
	<Material_id>2</Material_id>
	<Material_count>50</Material_count>
</mst_mapcellincentive>
<mst_mapcellincentive>
	<Id>63077012</Id>
	<Mapcell_id>7</Mapcell_id>
	<Event_id>7</Event_id>
	<Success_level>0</Success_level>
	<Incentive_no>12</Incentive_no>
	<Choose_rate>5</Choose_rate>
	<Material_id>2</Material_id>
	<Material_count>50</Material_count>
</mst_mapcellincentive>
<mst_mapcellincentive>
	<Id>63077013</Id>
	<Mapcell_id>7</Mapcell_id>
	<Event_id>7</Event_id>
	<Success_level>0</Success_level>
	<Incentive_no>13</Incentive_no>
	<Choose_rate>5</Choose_rate>
	<Material_id>2</Material_id>
	<Material_count>50</Material_count>
</mst_mapcellincentive>
<mst_mapcellincentive>
	<Id>63077014</Id>
	<Mapcell_id>7</Mapcell_id>
	<Event_id>7</Event_id>
	<Success_level>0</Success_level>
	<Incentive_no>14</Incentive_no>
	<Choose_rate>5</Choose_rate>
	<Material_id>7</Material_id>
	<Material_count>1</Material_count>
</mst_mapcellincentive>
<mst_mapcellincentive>
	<Id>63077015</Id>
	<Mapcell_id>7</Mapcell_id>
	<Event_id>7</Event_id>
	<Success_level>0</Success_level>
	<Incentive_no>15</Incentive_no>
	<Choose_rate>5</Choose_rate>
	<Material_id>7</Material_id>
	<Material_count>1</Material_count>
</mst_mapcellincentive>
<mst_mapcellincentive>
	<Id>63077016</Id>
	<Mapcell_id>7</Mapcell_id>
	<Event_id>7</Event_id>
	<Success_level>0</Success_level>
	<Incentive_no>16</Incentive_no>
	<Choose_rate>5</Choose_rate>
	<Material_id>7</Material_id>
	<Material_count>1</Material_count>
</mst_mapcellincentive>
<mst_mapcellincentive>
	<Id>63077017</Id>
	<Mapcell_id>7</Mapcell_id>
	<Event_id>7</Event_id>
	<Success_level>0</Success_level>
	<Incentive_no>17</Incentive_no>
	<Choose_rate>5</Choose_rate>
	<Material_id>4</Material_id>
	<Material_count>30</Material_count>
</mst_mapcellincentive>
<mst_mapcellincentive>
	<Id>63077018</Id>
	<Mapcell_id>7</Mapcell_id>
	<Event_id>7</Event_id>
	<Success_level>0</Success_level>
	<Incentive_no>18</Incentive_no>
	<Choose_rate>5</Choose_rate>
	<Material_id>4</Material_id>
	<Material_count>30</Material_count>
</mst_mapcellincentive>
<mst_mapcellincentive>
	<Id>63077019</Id>
	<Mapcell_id>7</Mapcell_id>
	<Event_id>7</Event_id>
	<Success_level>0</Success_level>
	<Incentive_no>19</Incentive_no>
	<Choose_rate>5</Choose_rate>
	<Material_id>4</Material_id>
	<Material_count>30</Material_count>
</mst_mapcellincentive>
<mst_mapcellincentive>
	<Id>63077020</Id>
	<Mapcell_id>7</Mapcell_id>
	<Event_id>7</Event_id>
	<Success_level>0</Success_level>
	<Incentive_no>20</Incentive_no>
	<Choose_rate>5</Choose_rate>
	<Material_id>4</Material_id>
	<Material_count>30</Material_count>
</mst_mapcellincentive>
<mst_mapcellincentive>
	<Id>63077101</Id>
	<Mapcell_id>7</Mapcell_id>
	<Event_id>7</Event_id>
	<Success_level>1</Success_level>
	<Incentive_no>1</Incentive_no>
	<Choose_rate>5</Choose_rate>
	<Material_id>7</Material_id>
	<Material_count>4</Material_count>
</mst_mapcellincentive>
<mst_mapcellincentive>
	<Id>63077102</Id>
	<Mapcell_id>7</Mapcell_id>
	<Event_id>7</Event_id>
	<Success_level>1</Success_level>
	<Incentive_no>2</Incentive_no>
	<Choose_rate>5</Choose_rate>
	<Material_id>2</Material_id>
	<Material_count>200</Material_count>
</mst_mapcellincentive>
<mst_mapcellincentive>
	<Id>63077103</Id>
	<Mapcell_id>7</Mapcell_id>
	<Event_id>7</Event_id>
	<Success_level>1</Success_level>
	<Incentive_no>3</Incentive_no>
	<Choose_rate>5</Choose_rate>
	<Material_id>2</Material_id>
	<Material_count>150</Material_count>
</mst_mapcellincentive>
<mst_mapcellincentive>
	<Id>63077104</Id>
	<Mapcell_id>7</Mapcell_id>
	<Event_id>7</Event_id>
	<Success_level>1</Success_level>
	<Incentive_no>4</Incentive_no>
	<Choose_rate>5</Choose_rate>
	<Material_id>2</Material_id>
	<Material_count>150</Material_count>
</mst_mapcellincentive>
<mst_mapcellincentive>
	<Id>63077105</Id>
	<Mapcell_id>7</Mapcell_id>
	<Event_id>7</Event_id>
	<Success_level>1</Success_level>
	<Incentive_no>5</Incentive_no>
	<Choose_rate>5</Choose_rate>
	<Material_id>7</Material_id>
	<Material_count>3</Material_count>
</mst_mapcellincentive>
<mst_mapcellincentive>
	<Id>63077106</Id>
	<Mapcell_id>7</Mapcell_id>
	<Event_id>7</Event_id>
	<Success_level>1</Success_level>
	<Incentive_no>6</Incentive_no>
	<Choose_rate>5</Choose_rate>
	<Material_id>7</Material_id>
	<Material_count>3</Material_count>
</mst_mapcellincentive>
<mst_mapcellincentive>
	<Id>63077107</Id>
	<Mapcell_id>7</Mapcell_id>
	<Event_id>7</Event_id>
	<Success_level>1</Success_level>
	<Incentive_no>7</Incentive_no>
	<Choose_rate>5</Choose_rate>
	<Material_id>4</Material_id>
	<Material_count>150</Material_count>
</mst_mapcellincentive>
<mst_mapcellincentive>
	<Id>63077108</Id>
	<Mapcell_id>7</Mapcell_id>
	<Event_id>7</Event_id>
	<Success_level>1</Success_level>
	<Incentive_no>8</Incentive_no>
	<Choose_rate>5</Choose_rate>
	<Material_id>4</Material_id>
	<Material_count>100</Material_count>
</mst_mapcellincentive>
<mst_mapcellincentive>
	<Id>63077109</Id>
	<Mapcell_id>7</Mapcell_id>
	<Event_id>7</Event_id>
	<Success_level>1</Success_level>
	<Incentive_no>9</Incentive_no>
	<Choose_rate>5</Choose_rate>
	<Material_id>4</Material_id>
	<Material_count>100</Material_count>
</mst_mapcellincentive>
<mst_mapcellincentive>
	<Id>63077110</Id>
	<Mapcell_id>7</Mapcell_id>
	<Event_id>7</Event_id>
	<Success_level>1</Success_level>
	<Incentive_no>10</Incentive_no>
	<Choose_rate>5</Choose_rate>
	<Material_id>7</Material_id>
	<Material_count>2</Material_count>
</mst_mapcellincentive>
<mst_mapcellincentive>
	<Id>63077111</Id>
	<Mapcell_id>7</Mapcell_id>
	<Event_id>7</Event_id>
	<Success_level>1</Success_level>
	<Incentive_no>11</Incentive_no>
	<Choose_rate>5</Choose_rate>
	<Material_id>2</Material_id>
	<Material_count>100</Material_count>
</mst_mapcellincentive>
<mst_mapcellincentive>
	<Id>63077112</Id>
	<Mapcell_id>7</Mapcell_id>
	<Event_id>7</Event_id>
	<Success_level>1</Success_level>
	<Incentive_no>12</Incentive_no>
	<Choose_rate>5</Choose_rate>
	<Material_id>2</Material_id>
	<Material_count>100</Material_count>
</mst_mapcellincentive>
<mst_mapcellincentive>
	<Id>63077113</Id>
	<Mapcell_id>7</Mapcell_id>
	<Event_id>7</Event_id>
	<Success_level>1</Success_level>
	<Incentive_no>13</Incentive_no>
	<Choose_rate>5</Choose_rate>
	<Material_id>2</Material_id>
	<Material_count>100</Material_count>
</mst_mapcellincentive>
<mst_mapcellincentive>
	<Id>63077114</Id>
	<Mapcell_id>7</Mapcell_id>
	<Event_id>7</Event_id>
	<Success_level>1</Success_level>
	<Incentive_no>14</Incentive_no>
	<Choose_rate>5</Choose_rate>
	<Material_id>7</Material_id>
	<Material_count>2</Material_count>
</mst_mapcellincentive>
<mst_mapcellincentive>
	<Id>63077115</Id>
	<Mapcell_id>7</Mapcell_id>
	<Event_id>7</Event_id>
	<Success_level>1</Success_level>
	<Incentive_no>15</Incentive_no>
	<Choose_rate>5</Choose_rate>
	<Material_id>7</Material_id>
	<Material_count>2</Material_count>
</mst_mapcellincentive>
<mst_mapcellincentive>
	<Id>63077116</Id>
	<Mapcell_id>7</Mapcell_id>
	<Event_id>7</Event_id>
	<Success_level>1</Success_level>
	<Incentive_no>16</Incentive_no>
	<Choose_rate>5</Choose_rate>
	<Material_id>4</Material_id>
	<Material_count>80</Material_count>
</mst_mapcellincentive>
<mst_mapcellincentive>
	<Id>63077117</Id>
	<Mapcell_id>7</Mapcell_id>
	<Event_id>7</Event_id>
	<Success_level>1</Success_level>
	<Incentive_no>17</Incentive_no>
	<Choose_rate>5</Choose_rate>
	<Material_id>4</Material_id>
	<Material_count>80</Material_count>
</mst_mapcellincentive>
<mst_mapcellincentive>
	<Id>63077118</Id>
	<Mapcell_id>7</Mapcell_id>
	<Event_id>7</Event_id>
	<Success_level>1</Success_level>
	<Incentive_no>18</Incentive_no>
	<Choose_rate>5</Choose_rate>
	<Material_id>4</Material_id>
	<Material_count>80</Material_count>
</mst_mapcellincentive>
<mst_mapcellincentive>
	<Id>63077119</Id>
	<Mapcell_id>7</Mapcell_id>
	<Event_id>7</Event_id>
	<Success_level>1</Success_level>
	<Incentive_no>19</Incentive_no>
	<Choose_rate>5</Choose_rate>
	<Material_id>7</Material_id>
	<Material_count>2</Material_count>
</mst_mapcellincentive>
<mst_mapcellincentive>
	<Id>63077120</Id>
	<Mapcell_id>7</Mapcell_id>
	<Event_id>7</Event_id>
	<Success_level>1</Success_level>
	<Incentive_no>20</Incentive_no>
	<Choose_rate>5</Choose_rate>
	<Material_id>7</Material_id>
	<Material_count>2</Material_count>
</mst_mapcellincentive>
<mst_mapcellincentive>
	<Id>63087001</Id>
	<Mapcell_id>8</Mapcell_id>
	<Event_id>7</Event_id>
	<Success_level>0</Success_level>
	<Incentive_no>1</Incentive_no>
	<Choose_rate>5</Choose_rate>
	<Material_id>2</Material_id>
	<Material_count>80</Material_count>
</mst_mapcellincentive>
<mst_mapcellincentive>
	<Id>63087002</Id>
	<Mapcell_id>8</Mapcell_id>
	<Event_id>7</Event_id>
	<Success_level>0</Success_level>
	<Incentive_no>2</Incentive_no>
	<Choose_rate>5</Choose_rate>
	<Material_id>2</Material_id>
	<Material_count>60</Material_count>
</mst_mapcellincentive>
<mst_mapcellincentive>
	<Id>63087003</Id>
	<Mapcell_id>8</Mapcell_id>
	<Event_id>7</Event_id>
	<Success_level>0</Success_level>
	<Incentive_no>3</Incentive_no>
	<Choose_rate>5</Choose_rate>
	<Material_id>2</Material_id>
	<Material_count>60</Material_count>
</mst_mapcellincentive>
<mst_mapcellincentive>
	<Id>63087004</Id>
	<Mapcell_id>8</Mapcell_id>
	<Event_id>7</Event_id>
	<Success_level>0</Success_level>
	<Incentive_no>4</Incentive_no>
	<Choose_rate>5</Choose_rate>
	<Material_id>7</Material_id>
	<Material_count>1</Material_count>
</mst_mapcellincentive>
<mst_mapcellincentive>
	<Id>63087005</Id>
	<Mapcell_id>8</Mapcell_id>
	<Event_id>7</Event_id>
	<Success_level>0</Success_level>
	<Incentive_no>5</Incentive_no>
	<Choose_rate>5</Choose_rate>
	<Material_id>7</Material_id>
	<Material_count>1</Material_count>
</mst_mapcellincentive>
<mst_mapcellincentive>
	<Id>63087006</Id>
	<Mapcell_id>8</Mapcell_id>
	<Event_id>7</Event_id>
	<Success_level>0</Success_level>
	<Incentive_no>6</Incentive_no>
	<Choose_rate>5</Choose_rate>
	<Material_id>4</Material_id>
	<Material_count>50</Material_count>
</mst_mapcellincentive>
<mst_mapcellincentive>
	<Id>63087007</Id>
	<Mapcell_id>8</Mapcell_id>
	<Event_id>7</Event_id>
	<Success_level>0</Success_level>
	<Incentive_no>7</Incentive_no>
	<Choose_rate>5</Choose_rate>
	<Material_id>4</Material_id>
	<Material_count>40</Material_count>
</mst_mapcellincentive>
<mst_mapcellincentive>
	<Id>63087008</Id>
	<Mapcell_id>8</Mapcell_id>
	<Event_id>7</Event_id>
	<Success_level>0</Success_level>
	<Incentive_no>8</Incentive_no>
	<Choose_rate>5</Choose_rate>
	<Material_id>4</Material_id>
	<Material_count>40</Material_count>
</mst_mapcellincentive>
<mst_mapcellincentive>
	<Id>63087009</Id>
	<Mapcell_id>8</Mapcell_id>
	<Event_id>7</Event_id>
	<Success_level>0</Success_level>
	<Incentive_no>9</Incentive_no>
	<Choose_rate>5</Choose_rate>
	<Material_id>7</Material_id>
	<Material_count>1</Material_count>
</mst_mapcellincentive>
<mst_mapcellincentive>
	<Id>63087010</Id>
	<Mapcell_id>8</Mapcell_id>
	<Event_id>7</Event_id>
	<Success_level>0</Success_level>
	<Incentive_no>10</Incentive_no>
	<Choose_rate>5</Choose_rate>
	<Material_id>7</Material_id>
	<Material_count>1</Material_count>
</mst_mapcellincentive>
<mst_mapcellincentive>
	<Id>63087011</Id>
	<Mapcell_id>8</Mapcell_id>
	<Event_id>7</Event_id>
	<Success_level>0</Success_level>
	<Incentive_no>11</Incentive_no>
	<Choose_rate>5</Choose_rate>
	<Material_id>2</Material_id>
	<Material_count>50</Material_count>
</mst_mapcellincentive>
<mst_mapcellincentive>
	<Id>63087012</Id>
	<Mapcell_id>8</Mapcell_id>
	<Event_id>7</Event_id>
	<Success_level>0</Success_level>
	<Incentive_no>12</Incentive_no>
	<Choose_rate>5</Choose_rate>
	<Material_id>2</Material_id>
	<Material_count>50</Material_count>
</mst_mapcellincentive>
<mst_mapcellincentive>
	<Id>63087013</Id>
	<Mapcell_id>8</Mapcell_id>
	<Event_id>7</Event_id>
	<Success_level>0</Success_level>
	<Incentive_no>13</Incentive_no>
	<Choose_rate>5</Choose_rate>
	<Material_id>2</Material_id>
	<Material_count>50</Material_count>
</mst_mapcellincentive>
<mst_mapcellincentive>
	<Id>63087014</Id>
	<Mapcell_id>8</Mapcell_id>
	<Event_id>7</Event_id>
	<Success_level>0</Success_level>
	<Incentive_no>14</Incentive_no>
	<Choose_rate>5</Choose_rate>
	<Material_id>7</Material_id>
	<Material_count>1</Material_count>
</mst_mapcellincentive>
<mst_mapcellincentive>
	<Id>63087015</Id>
	<Mapcell_id>8</Mapcell_id>
	<Event_id>7</Event_id>
	<Success_level>0</Success_level>
	<Incentive_no>15</Incentive_no>
	<Choose_rate>5</Choose_rate>
	<Material_id>7</Material_id>
	<Material_count>1</Material_count>
</mst_mapcellincentive>
<mst_mapcellincentive>
	<Id>63087016</Id>
	<Mapcell_id>8</Mapcell_id>
	<Event_id>7</Event_id>
	<Success_level>0</Success_level>
	<Incentive_no>16</Incentive_no>
	<Choose_rate>5</Choose_rate>
	<Material_id>7</Material_id>
	<Material_count>1</Material_count>
</mst_mapcellincentive>
<mst_mapcellincentive>
	<Id>63087017</Id>
	<Mapcell_id>8</Mapcell_id>
	<Event_id>7</Event_id>
	<Success_level>0</Success_level>
	<Incentive_no>17</Incentive_no>
	<Choose_rate>5</Choose_rate>
	<Material_id>4</Material_id>
	<Material_count>30</Material_count>
</mst_mapcellincentive>
<mst_mapcellincentive>
	<Id>63087018</Id>
	<Mapcell_id>8</Mapcell_id>
	<Event_id>7</Event_id>
	<Success_level>0</Success_level>
	<Incentive_no>18</Incentive_no>
	<Choose_rate>5</Choose_rate>
	<Material_id>4</Material_id>
	<Material_count>30</Material_count>
</mst_mapcellincentive>
<mst_mapcellincentive>
	<Id>63087019</Id>
	<Mapcell_id>8</Mapcell_id>
	<Event_id>7</Event_id>
	<Success_level>0</Success_level>
	<Incentive_no>19</Incentive_no>
	<Choose_rate>5</Choose_rate>
	<Material_id>4</Material_id>
	<Material_count>30</Material_count>
</mst_mapcellincentive>
<mst_mapcellincentive>
	<Id>63087020</Id>
	<Mapcell_id>8</Mapcell_id>
	<Event_id>7</Event_id>
	<Success_level>0</Success_level>
	<Incentive_no>20</Incentive_no>
	<Choose_rate>5</Choose_rate>
	<Material_id>4</Material_id>
	<Material_count>30</Material_count>
</mst_mapcellincentive>
<mst_mapcellincentive>
	<Id>63087101</Id>
	<Mapcell_id>8</Mapcell_id>
	<Event_id>7</Event_id>
	<Success_level>1</Success_level>
	<Incentive_no>1</Incentive_no>
	<Choose_rate>5</Choose_rate>
	<Material_id>7</Material_id>
	<Material_count>4</Material_count>
</mst_mapcellincentive>
<mst_mapcellincentive>
	<Id>63087102</Id>
	<Mapcell_id>8</Mapcell_id>
	<Event_id>7</Event_id>
	<Success_level>1</Success_level>
	<Incentive_no>2</Incentive_no>
	<Choose_rate>5</Choose_rate>
	<Material_id>2</Material_id>
	<Material_count>200</Material_count>
</mst_mapcellincentive>
<mst_mapcellincentive>
	<Id>63087103</Id>
	<Mapcell_id>8</Mapcell_id>
	<Event_id>7</Event_id>
	<Success_level>1</Success_level>
	<Incentive_no>3</Incentive_no>
	<Choose_rate>5</Choose_rate>
	<Material_id>2</Material_id>
	<Material_count>150</Material_count>
</mst_mapcellincentive>
<mst_mapcellincentive>
	<Id>63087104</Id>
	<Mapcell_id>8</Mapcell_id>
	<Event_id>7</Event_id>
	<Success_level>1</Success_level>
	<Incentive_no>4</Incentive_no>
	<Choose_rate>5</Choose_rate>
	<Material_id>2</Material_id>
	<Material_count>150</Material_count>
</mst_mapcellincentive>
<mst_mapcellincentive>
	<Id>63087105</Id>
	<Mapcell_id>8</Mapcell_id>
	<Event_id>7</Event_id>
	<Success_level>1</Success_level>
	<Incentive_no>5</Incentive_no>
	<Choose_rate>5</Choose_rate>
	<Material_id>7</Material_id>
	<Material_count>3</Material_count>
</mst_mapcellincentive>
<mst_mapcellincentive>
	<Id>63087106</Id>
	<Mapcell_id>8</Mapcell_id>
	<Event_id>7</Event_id>
	<Success_level>1</Success_level>
	<Incentive_no>6</Incentive_no>
	<Choose_rate>5</Choose_rate>
	<Material_id>7</Material_id>
	<Material_count>3</Material_count>
</mst_mapcellincentive>
<mst_mapcellincentive>
	<Id>63087107</Id>
	<Mapcell_id>8</Mapcell_id>
	<Event_id>7</Event_id>
	<Success_level>1</Success_level>
	<Incentive_no>7</Incentive_no>
	<Choose_rate>5</Choose_rate>
	<Material_id>4</Material_id>
	<Material_count>150</Material_count>
</mst_mapcellincentive>
<mst_mapcellincentive>
	<Id>63087108</Id>
	<Mapcell_id>8</Mapcell_id>
	<Event_id>7</Event_id>
	<Success_level>1</Success_level>
	<Incentive_no>8</Incentive_no>
	<Choose_rate>5</Choose_rate>
	<Material_id>4</Material_id>
	<Material_count>100</Material_count>
</mst_mapcellincentive>
<mst_mapcellincentive>
	<Id>63087109</Id>
	<Mapcell_id>8</Mapcell_id>
	<Event_id>7</Event_id>
	<Success_level>1</Success_level>
	<Incentive_no>9</Incentive_no>
	<Choose_rate>5</Choose_rate>
	<Material_id>4</Material_id>
	<Material_count>100</Material_count>
</mst_mapcellincentive>
<mst_mapcellincentive>
	<Id>63087110</Id>
	<Mapcell_id>8</Mapcell_id>
	<Event_id>7</Event_id>
	<Success_level>1</Success_level>
	<Incentive_no>10</Incentive_no>
	<Choose_rate>5</Choose_rate>
	<Material_id>7</Material_id>
	<Material_count>2</Material_count>
</mst_mapcellincentive>
<mst_mapcellincentive>
	<Id>63087111</Id>
	<Mapcell_id>8</Mapcell_id>
	<Event_id>7</Event_id>
	<Success_level>1</Success_level>
	<Incentive_no>11</Incentive_no>
	<Choose_rate>5</Choose_rate>
	<Material_id>2</Material_id>
	<Material_count>100</Material_count>
</mst_mapcellincentive>
<mst_mapcellincentive>
	<Id>63087112</Id>
	<Mapcell_id>8</Mapcell_id>
	<Event_id>7</Event_id>
	<Success_level>1</Success_level>
	<Incentive_no>12</Incentive_no>
	<Choose_rate>5</Choose_rate>
	<Material_id>2</Material_id>
	<Material_count>100</Material_count>
</mst_mapcellincentive>
<mst_mapcellincentive>
	<Id>63087113</Id>
	<Mapcell_id>8</Mapcell_id>
	<Event_id>7</Event_id>
	<Success_level>1</Success_level>
	<Incentive_no>13</Incentive_no>
	<Choose_rate>5</Choose_rate>
	<Material_id>2</Material_id>
	<Material_count>100</Material_count>
</mst_mapcellincentive>
<mst_mapcellincentive>
	<Id>63087114</Id>
	<Mapcell_id>8</Mapcell_id>
	<Event_id>7</Event_id>
	<Success_level>1</Success_level>
	<Incentive_no>14</Incentive_no>
	<Choose_rate>5</Choose_rate>
	<Material_id>7</Material_id>
	<Material_count>2</Material_count>
</mst_mapcellincentive>
<mst_mapcellincentive>
	<Id>63087115</Id>
	<Mapcell_id>8</Mapcell_id>
	<Event_id>7</Event_id>
	<Success_level>1</Success_level>
	<Incentive_no>15</Incentive_no>
	<Choose_rate>5</Choose_rate>
	<Material_id>7</Material_id>
	<Material_count>2</Material_count>
</mst_mapcellincentive>
<mst_mapcellincentive>
	<Id>63087116</Id>
	<Mapcell_id>8</Mapcell_id>
	<Event_id>7</Event_id>
	<Success_level>1</Success_level>
	<Incentive_no>16</Incentive_no>
	<Choose_rate>5</Choose_rate>
	<Material_id>4</Material_id>
	<Material_count>80</Material_count>
</mst_mapcellincentive>
<mst_mapcellincentive>
	<Id>63087117</Id>
	<Mapcell_id>8</Mapcell_id>
	<Event_id>7</Event_id>
	<Success_level>1</Success_level>
	<Incentive_no>17</Incentive_no>
	<Choose_rate>5</Choose_rate>
	<Material_id>4</Material_id>
	<Material_count>80</Material_count>
</mst_mapcellincentive>
<mst_mapcellincentive>
	<Id>63087118</Id>
	<Mapcell_id>8</Mapcell_id>
	<Event_id>7</Event_id>
	<Success_level>1</Success_level>
	<Incentive_no>18</Incentive_no>
	<Choose_rate>5</Choose_rate>
	<Material_id>4</Material_id>
	<Material_count>80</Material_count>
</mst_mapcellincentive>
<mst_mapcellincentive>
	<Id>63087119</Id>
	<Mapcell_id>8</Mapcell_id>
	<Event_id>7</Event_id>
	<Success_level>1</Success_level>
	<Incentive_no>19</Incentive_no>
	<Choose_rate>5</Choose_rate>
	<Material_id>7</Material_id>
	<Material_count>2</Material_count>
</mst_mapcellincentive>
<mst_mapcellincentive>
	<Id>63087120</Id>
	<Mapcell_id>8</Mapcell_id>
	<Event_id>7</Event_id>
	<Success_level>1</Success_level>
	<Incentive_no>20</Incentive_no>
	<Choose_rate>5</Choose_rate>
	<Material_id>7</Material_id>
	<Material_count>2</Material_count>
</mst_mapcellincentive>
<mst_mapcellincentive>
	<Id>63127001</Id>
	<Mapcell_id>12</Mapcell_id>
	<Event_id>7</Event_id>
	<Success_level>0</Success_level>
	<Incentive_no>1</Incentive_no>
	<Choose_rate>5</Choose_rate>
	<Material_id>2</Material_id>
	<Material_count>80</Material_count>
</mst_mapcellincentive>
<mst_mapcellincentive>
	<Id>63127002</Id>
	<Mapcell_id>12</Mapcell_id>
	<Event_id>7</Event_id>
	<Success_level>0</Success_level>
	<Incentive_no>2</Incentive_no>
	<Choose_rate>5</Choose_rate>
	<Material_id>2</Material_id>
	<Material_count>60</Material_count>
</mst_mapcellincentive>
<mst_mapcellincentive>
	<Id>63127003</Id>
	<Mapcell_id>12</Mapcell_id>
	<Event_id>7</Event_id>
	<Success_level>0</Success_level>
	<Incentive_no>3</Incentive_no>
	<Choose_rate>5</Choose_rate>
	<Material_id>2</Material_id>
	<Material_count>60</Material_count>
</mst_mapcellincentive>
<mst_mapcellincentive>
	<Id>63127004</Id>
	<Mapcell_id>12</Mapcell_id>
	<Event_id>7</Event_id>
	<Success_level>0</Success_level>
	<Incentive_no>4</Incentive_no>
	<Choose_rate>5</Choose_rate>
	<Material_id>7</Material_id>
	<Material_count>1</Material_count>
</mst_mapcellincentive>
<mst_mapcellincentive>
	<Id>63127005</Id>
	<Mapcell_id>12</Mapcell_id>
	<Event_id>7</Event_id>
	<Success_level>0</Success_level>
	<Incentive_no>5</Incentive_no>
	<Choose_rate>5</Choose_rate>
	<Material_id>7</Material_id>
	<Material_count>1</Material_count>
</mst_mapcellincentive>
<mst_mapcellincentive>
	<Id>63127006</Id>
	<Mapcell_id>12</Mapcell_id>
	<Event_id>7</Event_id>
	<Success_level>0</Success_level>
	<Incentive_no>6</Incentive_no>
	<Choose_rate>5</Choose_rate>
	<Material_id>4</Material_id>
	<Material_count>50</Material_count>
</mst_mapcellincentive>
<mst_mapcellincentive>
	<Id>63127007</Id>
	<Mapcell_id>12</Mapcell_id>
	<Event_id>7</Event_id>
	<Success_level>0</Success_level>
	<Incentive_no>7</Incentive_no>
	<Choose_rate>5</Choose_rate>
	<Material_id>4</Material_id>
	<Material_count>40</Material_count>
</mst_mapcellincentive>
<mst_mapcellincentive>
	<Id>63127008</Id>
	<Mapcell_id>12</Mapcell_id>
	<Event_id>7</Event_id>
	<Success_level>0</Success_level>
	<Incentive_no>8</Incentive_no>
	<Choose_rate>5</Choose_rate>
	<Material_id>4</Material_id>
	<Material_count>40</Material_count>
</mst_mapcellincentive>
<mst_mapcellincentive>
	<Id>63127009</Id>
	<Mapcell_id>12</Mapcell_id>
	<Event_id>7</Event_id>
	<Success_level>0</Success_level>
	<Incentive_no>9</Incentive_no>
	<Choose_rate>5</Choose_rate>
	<Material_id>7</Material_id>
	<Material_count>1</Material_count>
</mst_mapcellincentive>
<mst_mapcellincentive>
	<Id>63127010</Id>
	<Mapcell_id>12</Mapcell_id>
	<Event_id>7</Event_id>
	<Success_level>0</Success_level>
	<Incentive_no>10</Incentive_no>
	<Choose_rate>5</Choose_rate>
	<Material_id>7</Material_id>
	<Material_count>1</Material_count>
</mst_mapcellincentive>
<mst_mapcellincentive>
	<Id>63127011</Id>
	<Mapcell_id>12</Mapcell_id>
	<Event_id>7</Event_id>
	<Success_level>0</Success_level>
	<Incentive_no>11</Incentive_no>
	<Choose_rate>5</Choose_rate>
	<Material_id>2</Material_id>
	<Material_count>50</Material_count>
</mst_mapcellincentive>
<mst_mapcellincentive>
	<Id>63127012</Id>
	<Mapcell_id>12</Mapcell_id>
	<Event_id>7</Event_id>
	<Success_level>0</Success_level>
	<Incentive_no>12</Incentive_no>
	<Choose_rate>5</Choose_rate>
	<Material_id>2</Material_id>
	<Material_count>50</Material_count>
</mst_mapcellincentive>
<mst_mapcellincentive>
	<Id>63127013</Id>
	<Mapcell_id>12</Mapcell_id>
	<Event_id>7</Event_id>
	<Success_level>0</Success_level>
	<Incentive_no>13</Incentive_no>
	<Choose_rate>5</Choose_rate>
	<Material_id>2</Material_id>
	<Material_count>50</Material_count>
</mst_mapcellincentive>
<mst_mapcellincentive>
	<Id>63127014</Id>
	<Mapcell_id>12</Mapcell_id>
	<Event_id>7</Event_id>
	<Success_level>0</Success_level>
	<Incentive_no>14</Incentive_no>
	<Choose_rate>5</Choose_rate>
	<Material_id>7</Material_id>
	<Material_count>1</Material_count>
</mst_mapcellincentive>
<mst_mapcellincentive>
	<Id>63127015</Id>
	<Mapcell_id>12</Mapcell_id>
	<Event_id>7</Event_id>
	<Success_level>0</Success_level>
	<Incentive_no>15</Incentive_no>
	<Choose_rate>5</Choose_rate>
	<Material_id>7</Material_id>
	<Material_count>1</Material_count>
</mst_mapcellincentive>
<mst_mapcellincentive>
	<Id>63127016</Id>
	<Mapcell_id>12</Mapcell_id>
	<Event_id>7</Event_id>
	<Success_level>0</Success_level>
	<Incentive_no>16</Incentive_no>
	<Choose_rate>5</Choose_rate>
	<Material_id>7</Material_id>
	<Material_count>1</Material_count>
</mst_mapcellincentive>
<mst_mapcellincentive>
	<Id>63127017</Id>
	<Mapcell_id>12</Mapcell_id>
	<Event_id>7</Event_id>
	<Success_level>0</Success_level>
	<Incentive_no>17</Incentive_no>
	<Choose_rate>5</Choose_rate>
	<Material_id>4</Material_id>
	<Material_count>30</Material_count>
</mst_mapcellincentive>
<mst_mapcellincentive>
	<Id>63127018</Id>
	<Mapcell_id>12</Mapcell_id>
	<Event_id>7</Event_id>
	<Success_level>0</Success_level>
	<Incentive_no>18</Incentive_no>
	<Choose_rate>5</Choose_rate>
	<Material_id>4</Material_id>
	<Material_count>30</Material_count>
</mst_mapcellincentive>
<mst_mapcellincentive>
	<Id>63127019</Id>
	<Mapcell_id>12</Mapcell_id>
	<Event_id>7</Event_id>
	<Success_level>0</Success_level>
	<Incentive_no>19</Incentive_no>
	<Choose_rate>5</Choose_rate>
	<Material_id>4</Material_id>
	<Material_count>30</Material_count>
</mst_mapcellincentive>
<mst_mapcellincentive>
	<Id>63127020</Id>
	<Mapcell_id>12</Mapcell_id>
	<Event_id>7</Event_id>
	<Success_level>0</Success_level>
	<Incentive_no>20</Incentive_no>
	<Choose_rate>5</Choose_rate>
	<Material_id>4</Material_id>
	<Material_count>30</Material_count>
</mst_mapcellincentive>
<mst_mapcellincentive>
	<Id>63127101</Id>
	<Mapcell_id>12</Mapcell_id>
	<Event_id>7</Event_id>
	<Success_level>1</Success_level>
	<Incentive_no>1</Incentive_no>
	<Choose_rate>5</Choose_rate>
	<Material_id>7</Material_id>
	<Material_count>4</Material_count>
</mst_mapcellincentive>
<mst_mapcellincentive>
	<Id>63127102</Id>
	<Mapcell_id>12</Mapcell_id>
	<Event_id>7</Event_id>
	<Success_level>1</Success_level>
	<Incentive_no>2</Incentive_no>
	<Choose_rate>5</Choose_rate>
	<Material_id>2</Material_id>
	<Material_count>200</Material_count>
</mst_mapcellincentive>
<mst_mapcellincentive>
	<Id>63127103</Id>
	<Mapcell_id>12</Mapcell_id>
	<Event_id>7</Event_id>
	<Success_level>1</Success_level>
	<Incentive_no>3</Incentive_no>
	<Choose_rate>5</Choose_rate>
	<Material_id>2</Material_id>
	<Material_count>150</Material_count>
</mst_mapcellincentive>
<mst_mapcellincentive>
	<Id>63127104</Id>
	<Mapcell_id>12</Mapcell_id>
	<Event_id>7</Event_id>
	<Success_level>1</Success_level>
	<Incentive_no>4</Incentive_no>
	<Choose_rate>5</Choose_rate>
	<Material_id>2</Material_id>
	<Material_count>150</Material_count>
</mst_mapcellincentive>
<mst_mapcellincentive>
	<Id>63127105</Id>
	<Mapcell_id>12</Mapcell_id>
	<Event_id>7</Event_id>
	<Success_level>1</Success_level>
	<Incentive_no>5</Incentive_no>
	<Choose_rate>5</Choose_rate>
	<Material_id>7</Material_id>
	<Material_count>3</Material_count>
</mst_mapcellincentive>
<mst_mapcellincentive>
	<Id>63127106</Id>
	<Mapcell_id>12</Mapcell_id>
	<Event_id>7</Event_id>
	<Success_level>1</Success_level>
	<Incentive_no>6</Incentive_no>
	<Choose_rate>5</Choose_rate>
	<Material_id>7</Material_id>
	<Material_count>3</Material_count>
</mst_mapcellincentive>
<mst_mapcellincentive>
	<Id>63127107</Id>
	<Mapcell_id>12</Mapcell_id>
	<Event_id>7</Event_id>
	<Success_level>1</Success_level>
	<Incentive_no>7</Incentive_no>
	<Choose_rate>5</Choose_rate>
	<Material_id>4</Material_id>
	<Material_count>150</Material_count>
</mst_mapcellincentive>
<mst_mapcellincentive>
	<Id>63127108</Id>
	<Mapcell_id>12</Mapcell_id>
	<Event_id>7</Event_id>
	<Success_level>1</Success_level>
	<Incentive_no>8</Incentive_no>
	<Choose_rate>5</Choose_rate>
	<Material_id>4</Material_id>
	<Material_count>100</Material_count>
</mst_mapcellincentive>
<mst_mapcellincentive>
	<Id>63127109</Id>
	<Mapcell_id>12</Mapcell_id>
	<Event_id>7</Event_id>
	<Success_level>1</Success_level>
	<Incentive_no>9</Incentive_no>
	<Choose_rate>5</Choose_rate>
	<Material_id>4</Material_id>
	<Material_count>100</Material_count>
</mst_mapcellincentive>
<mst_mapcellincentive>
	<Id>63127110</Id>
	<Mapcell_id>12</Mapcell_id>
	<Event_id>7</Event_id>
	<Success_level>1</Success_level>
	<Incentive_no>10</Incentive_no>
	<Choose_rate>5</Choose_rate>
	<Material_id>7</Material_id>
	<Material_count>2</Material_count>
</mst_mapcellincentive>
<mst_mapcellincentive>
	<Id>63127111</Id>
	<Mapcell_id>12</Mapcell_id>
	<Event_id>7</Event_id>
	<Success_level>1</Success_level>
	<Incentive_no>11</Incentive_no>
	<Choose_rate>5</Choose_rate>
	<Material_id>2</Material_id>
	<Material_count>100</Material_count>
</mst_mapcellincentive>
<mst_mapcellincentive>
	<Id>63127112</Id>
	<Mapcell_id>12</Mapcell_id>
	<Event_id>7</Event_id>
	<Success_level>1</Success_level>
	<Incentive_no>12</Incentive_no>
	<Choose_rate>5</Choose_rate>
	<Material_id>2</Material_id>
	<Material_count>100</Material_count>
</mst_mapcellincentive>
<mst_mapcellincentive>
	<Id>63127113</Id>
	<Mapcell_id>12</Mapcell_id>
	<Event_id>7</Event_id>
	<Success_level>1</Success_level>
	<Incentive_no>13</Incentive_no>
	<Choose_rate>5</Choose_rate>
	<Material_id>2</Material_id>
	<Material_count>100</Material_count>
</mst_mapcellincentive>
<mst_mapcellincentive>
	<Id>63127114</Id>
	<Mapcell_id>12</Mapcell_id>
	<Event_id>7</Event_id>
	<Success_level>1</Success_level>
	<Incentive_no>14</Incentive_no>
	<Choose_rate>5</Choose_rate>
	<Material_id>7</Material_id>
	<Material_count>2</Material_count>
</mst_mapcellincentive>
<mst_mapcellincentive>
	<Id>63127115</Id>
	<Mapcell_id>12</Mapcell_id>
	<Event_id>7</Event_id>
	<Success_level>1</Success_level>
	<Incentive_no>15</Incentive_no>
	<Choose_rate>5</Choose_rate>
	<Material_id>7</Material_id>
	<Material_count>2</Material_count>
</mst_mapcellincentive>
<mst_mapcellincentive>
	<Id>63127116</Id>
	<Mapcell_id>12</Mapcell_id>
	<Event_id>7</Event_id>
	<Success_level>1</Success_level>
	<Incentive_no>16</Incentive_no>
	<Choose_rate>5</Choose_rate>
	<Material_id>4</Material_id>
	<Material_count>80</Material_count>
</mst_mapcellincentive>
<mst_mapcellincentive>
	<Id>63127117</Id>
	<Mapcell_id>12</Mapcell_id>
	<Event_id>7</Event_id>
	<Success_level>1</Success_level>
	<Incentive_no>17</Incentive_no>
	<Choose_rate>5</Choose_rate>
	<Material_id>4</Material_id>
	<Material_count>80</Material_count>
</mst_mapcellincentive>
<mst_mapcellincentive>
	<Id>63127118</Id>
	<Mapcell_id>12</Mapcell_id>
	<Event_id>7</Event_id>
	<Success_level>1</Success_level>
	<Incentive_no>18</Incentive_no>
	<Choose_rate>5</Choose_rate>
	<Material_id>4</Material_id>
	<Material_count>80</Material_count>
</mst_mapcellincentive>
<mst_mapcellincentive>
	<Id>63127119</Id>
	<Mapcell_id>12</Mapcell_id>
	<Event_id>7</Event_id>
	<Success_level>1</Success_level>
	<Incentive_no>19</Incentive_no>
	<Choose_rate>5</Choose_rate>
	<Material_id>7</Material_id>
	<Material_count>2</Material_count>
</mst_mapcellincentive>
<mst_mapcellincentive>
	<Id>63127120</Id>
	<Mapcell_id>12</Mapcell_id>
	<Event_id>7</Event_id>
	<Success_level>1</Success_level>
	<Incentive_no>20</Incentive_no>
	<Choose_rate>5</Choose_rate>
	<Material_id>7</Material_id>
	<Material_count>2</Material_count>
</mst_mapcellincentive>
</mst_mapcellincentive_data>
