<?xml version="1.0" encoding="utf-8"?>
<mst_mapcell2_data xmlns:i="http://www.w3.org/2001/XMLSchema-instance">
<mst_mapcell2>
	<Id>16400</Id>
	<Map_no>164</Map_no>
	<Maparea_id>16</Maparea_id>
	<Mapinfo_no>4</Mapinfo_no>
	<No>0</No>
	<Color_no>0</Color_no>
	<Link_no />
	<Event_1>0</Event_1>
	<Event_2>0</Event_2>
	<Event_point_1>0</Event_point_1>
	<Event_point_2>0</Event_point_2>
	<Table_no1>0</Table_no1>
	<Table_no2>0</Table_no2>
	<Next_no_1>1</Next_no_1>
	<Next_no_2>2</Next_no_2>
	<Next_no_3>0</Next_no_3>
	<Next_no_4>0</Next_no_4>
	<Next_rate>50,50</Next_rate>
	<Next_rate_req />
	<Req_ship_count>0</Req_ship_count>
	<Req_shiptype />
	<Item_no>0</Item_no>
	<Item_count>0</Item_count>
</mst_mapcell2>
<mst_mapcell2>
	<Id>16401</Id>
	<Map_no>164</Map_no>
	<Maparea_id>16</Maparea_id>
	<Mapinfo_no>4</Mapinfo_no>
	<No>1</No>
	<Color_no>4</Color_no>
	<Link_no />
	<Event_1>6</Event_1>
	<Event_2>2</Event_2>
	<Event_point_1>0</Event_point_1>
	<Event_point_2>0</Event_point_2>
	<Table_no1>0</Table_no1>
	<Table_no2>0</Table_no2>
	<Next_no_1>3</Next_no_1>
	<Next_no_2>4</Next_no_2>
	<Next_no_3>0</Next_no_3>
	<Next_no_4>0</Next_no_4>
	<Next_rate>50,50</Next_rate>
	<Next_rate_req />
	<Req_ship_count>0</Req_ship_count>
	<Req_shiptype />
	<Item_no>0</Item_no>
	<Item_count>0</Item_count>
</mst_mapcell2>
<mst_mapcell2>
	<Id>16402</Id>
	<Map_no>164</Map_no>
	<Maparea_id>16</Maparea_id>
	<Mapinfo_no>4</Mapinfo_no>
	<No>2</No>
	<Color_no>4</Color_no>
	<Link_no />
	<Event_1>6</Event_1>
	<Event_2>2</Event_2>
	<Event_point_1>0</Event_point_1>
	<Event_point_2>0</Event_point_2>
	<Table_no1>0</Table_no1>
	<Table_no2>0</Table_no2>
	<Next_no_1>5</Next_no_1>
	<Next_no_2>6</Next_no_2>
	<Next_no_3>0</Next_no_3>
	<Next_no_4>0</Next_no_4>
	<Next_rate>50,50</Next_rate>
	<Next_rate_req />
	<Req_ship_count>0</Req_ship_count>
	<Req_shiptype />
	<Item_no>0</Item_no>
	<Item_count>0</Item_count>
</mst_mapcell2>
<mst_mapcell2>
	<Id>16403</Id>
	<Map_no>164</Map_no>
	<Maparea_id>16</Maparea_id>
	<Mapinfo_no>4</Mapinfo_no>
	<No>3</No>
	<Color_no>7</Color_no>
	<Link_no />
	<Event_1>4</Event_1>
	<Event_2>4</Event_2>
	<Event_point_1>0</Event_point_1>
	<Event_point_2>0</Event_point_2>
	<Table_no1>16401</Table_no1>
	<Table_no2>0</Table_no2>
	<Next_no_1>8</Next_no_1>
	<Next_no_2>0</Next_no_2>
	<Next_no_3>0</Next_no_3>
	<Next_no_4>0</Next_no_4>
	<Next_rate />
	<Next_rate_req />
	<Req_ship_count>0</Req_ship_count>
	<Req_shiptype />
	<Item_no>0</Item_no>
	<Item_count>0</Item_count>
</mst_mapcell2>
<mst_mapcell2>
	<Id>16404</Id>
	<Map_no>164</Map_no>
	<Maparea_id>16</Maparea_id>
	<Mapinfo_no>4</Mapinfo_no>
	<No>4</No>
	<Color_no>7</Color_no>
	<Link_no />
	<Event_1>4</Event_1>
	<Event_2>4</Event_2>
	<Event_point_1>0</Event_point_1>
	<Event_point_2>0</Event_point_2>
	<Table_no1>16402</Table_no1>
	<Table_no2>0</Table_no2>
	<Next_no_1>7</Next_no_1>
	<Next_no_2>15</Next_no_2>
	<Next_no_3>0</Next_no_3>
	<Next_no_4>0</Next_no_4>
	<Next_rate>50,50</Next_rate>
	<Next_rate_req />
	<Req_ship_count>0</Req_ship_count>
	<Req_shiptype />
	<Item_no>0</Item_no>
	<Item_count>0</Item_count>
</mst_mapcell2>
<mst_mapcell2>
	<Id>16405</Id>
	<Map_no>164</Map_no>
	<Maparea_id>16</Maparea_id>
	<Mapinfo_no>4</Mapinfo_no>
	<No>5</No>
	<Color_no>4</Color_no>
	<Link_no />
	<Event_1>4</Event_1>
	<Event_2>1</Event_2>
	<Event_point_1>0</Event_point_1>
	<Event_point_2>0</Event_point_2>
	<Table_no1>16403</Table_no1>
	<Table_no2>0</Table_no2>
	<Next_no_1>10</Next_no_1>
	<Next_no_2>0</Next_no_2>
	<Next_no_3>0</Next_no_3>
	<Next_no_4>0</Next_no_4>
	<Next_rate />
	<Next_rate_req />
	<Req_ship_count>0</Req_ship_count>
	<Req_shiptype />
	<Item_no>0</Item_no>
	<Item_count>0</Item_count>
</mst_mapcell2>
<mst_mapcell2>
	<Id>16406</Id>
	<Map_no>164</Map_no>
	<Maparea_id>16</Maparea_id>
	<Mapinfo_no>4</Mapinfo_no>
	<No>6</No>
	<Color_no>4</Color_no>
	<Link_no />
	<Event_1>4</Event_1>
	<Event_2>1</Event_2>
	<Event_point_1>0</Event_point_1>
	<Event_point_2>0</Event_point_2>
	<Table_no1>16404</Table_no1>
	<Table_no2>0</Table_no2>
	<Next_no_1>18</Next_no_1>
	<Next_no_2>0</Next_no_2>
	<Next_no_3>0</Next_no_3>
	<Next_no_4>0</Next_no_4>
	<Next_rate />
	<Next_rate_req />
	<Req_ship_count>0</Req_ship_count>
	<Req_shiptype />
	<Item_no>0</Item_no>
	<Item_count>0</Item_count>
</mst_mapcell2>
<mst_mapcell2>
	<Id>16407</Id>
	<Map_no>164</Map_no>
	<Maparea_id>16</Maparea_id>
	<Mapinfo_no>4</Mapinfo_no>
	<No>7</No>
	<Color_no>4</Color_no>
	<Link_no />
	<Event_1>4</Event_1>
	<Event_2>1</Event_2>
	<Event_point_1>0</Event_point_1>
	<Event_point_2>0</Event_point_2>
	<Table_no1>16405</Table_no1>
	<Table_no2>0</Table_no2>
	<Next_no_1>16</Next_no_1>
	<Next_no_2>0</Next_no_2>
	<Next_no_3>0</Next_no_3>
	<Next_no_4>0</Next_no_4>
	<Next_rate />
	<Next_rate_req />
	<Req_ship_count>0</Req_ship_count>
	<Req_shiptype />
	<Item_no>0</Item_no>
	<Item_count>0</Item_count>
</mst_mapcell2>
<mst_mapcell2>
	<Id>16408</Id>
	<Map_no>164</Map_no>
	<Maparea_id>16</Maparea_id>
	<Mapinfo_no>4</Mapinfo_no>
	<No>8</No>
	<Color_no>4</Color_no>
	<Link_no>15,16</Link_no>
	<Event_1>4</Event_1>
	<Event_2>1</Event_2>
	<Event_point_1>0</Event_point_1>
	<Event_point_2>0</Event_point_2>
	<Table_no1>16406</Table_no1>
	<Table_no2>0</Table_no2>
	<Next_no_1>9</Next_no_1>
	<Next_no_2>11</Next_no_2>
	<Next_no_3>12</Next_no_3>
	<Next_no_4>0</Next_no_4>
	<Next_rate>33,33,34</Next_rate>
	<Next_rate_req />
	<Req_ship_count>0</Req_ship_count>
	<Req_shiptype />
	<Item_no>0</Item_no>
	<Item_count>0</Item_count>
</mst_mapcell2>
<mst_mapcell2>
	<Id>16409</Id>
	<Map_no>164</Map_no>
	<Maparea_id>16</Maparea_id>
	<Mapinfo_no>4</Mapinfo_no>
	<No>9</No>
	<Color_no>4</Color_no>
	<Link_no>17</Link_no>
	<Event_1>6</Event_1>
	<Event_2>1</Event_2>
	<Event_point_1>0</Event_point_1>
	<Event_point_2>0</Event_point_2>
	<Table_no1>0</Table_no1>
	<Table_no2>0</Table_no2>
	<Next_no_1>0</Next_no_1>
	<Next_no_2>0</Next_no_2>
	<Next_no_3>0</Next_no_3>
	<Next_no_4>0</Next_no_4>
	<Next_rate />
	<Next_rate_req />
	<Req_ship_count>0</Req_ship_count>
	<Req_shiptype />
	<Item_no>0</Item_no>
	<Item_count>0</Item_count>
</mst_mapcell2>
<mst_mapcell2>
	<Id>16410</Id>
	<Map_no>164</Map_no>
	<Maparea_id>16</Maparea_id>
	<Mapinfo_no>4</Mapinfo_no>
	<No>10</No>
	<Color_no>4</Color_no>
	<Link_no>18</Link_no>
	<Event_1>4</Event_1>
	<Event_2>1</Event_2>
	<Event_point_1>0</Event_point_1>
	<Event_point_2>0</Event_point_2>
	<Table_no1>16407</Table_no1>
	<Table_no2>0</Table_no2>
	<Next_no_1>17</Next_no_1>
	<Next_no_2>19</Next_no_2>
	<Next_no_3>0</Next_no_3>
	<Next_no_4>0</Next_no_4>
	<Next_rate>50,50</Next_rate>
	<Next_rate_req />
	<Req_ship_count>0</Req_ship_count>
	<Req_shiptype />
	<Item_no>0</Item_no>
	<Item_count>0</Item_count>
</mst_mapcell2>
<mst_mapcell2>
	<Id>16411</Id>
	<Map_no>164</Map_no>
	<Maparea_id>16</Maparea_id>
	<Mapinfo_no>4</Mapinfo_no>
	<No>11</No>
	<Color_no>4</Color_no>
	<Link_no />
	<Event_1>4</Event_1>
	<Event_2>1</Event_2>
	<Event_point_1>0</Event_point_1>
	<Event_point_2>0</Event_point_2>
	<Table_no1>16408</Table_no1>
	<Table_no2>0</Table_no2>
	<Next_no_1>13</Next_no_1>
	<Next_no_2>0</Next_no_2>
	<Next_no_3>0</Next_no_3>
	<Next_no_4>0</Next_no_4>
	<Next_rate />
	<Next_rate_req />
	<Req_ship_count>0</Req_ship_count>
	<Req_shiptype />
	<Item_no>0</Item_no>
	<Item_count>0</Item_count>
</mst_mapcell2>
<mst_mapcell2>
	<Id>16412</Id>
	<Map_no>164</Map_no>
	<Maparea_id>16</Maparea_id>
	<Mapinfo_no>4</Mapinfo_no>
	<No>12</No>
	<Color_no>3</Color_no>
	<Link_no>19</Link_no>
	<Event_1>3</Event_1>
	<Event_2>0</Event_2>
	<Event_point_1>0</Event_point_1>
	<Event_point_2>0</Event_point_2>
	<Table_no1>0</Table_no1>
	<Table_no2>0</Table_no2>
	<Next_no_1>20</Next_no_1>
	<Next_no_2>0</Next_no_2>
	<Next_no_3>0</Next_no_3>
	<Next_no_4>0</Next_no_4>
	<Next_rate />
	<Next_rate_req />
	<Req_ship_count>0</Req_ship_count>
	<Req_shiptype />
	<Item_no>1</Item_no>
	<Item_count>20</Item_count>
</mst_mapcell2>
<mst_mapcell2>
	<Id>16413</Id>
	<Map_no>164</Map_no>
	<Maparea_id>16</Maparea_id>
	<Mapinfo_no>4</Mapinfo_no>
	<No>13</No>
	<Color_no>4</Color_no>
	<Link_no>20</Link_no>
	<Event_1>4</Event_1>
	<Event_2>1</Event_2>
	<Event_point_1>0</Event_point_1>
	<Event_point_2>0</Event_point_2>
	<Table_no1>16409</Table_no1>
	<Table_no2>0</Table_no2>
	<Next_no_1>14</Next_no_1>
	<Next_no_2>0</Next_no_2>
	<Next_no_3>0</Next_no_3>
	<Next_no_4>0</Next_no_4>
	<Next_rate />
	<Next_rate_req />
	<Req_ship_count>0</Req_ship_count>
	<Req_shiptype />
	<Item_no>0</Item_no>
	<Item_count>0</Item_count>
</mst_mapcell2>
<mst_mapcell2>
	<Id>16414</Id>
	<Map_no>164</Map_no>
	<Maparea_id>16</Maparea_id>
	<Mapinfo_no>4</Mapinfo_no>
	<No>14</No>
	<Color_no>5</Color_no>
	<Link_no />
	<Event_1>5</Event_1>
	<Event_2>1</Event_2>
	<Event_point_1>0</Event_point_1>
	<Event_point_2>0</Event_point_2>
	<Table_no1>16410</Table_no1>
	<Table_no2>0</Table_no2>
	<Next_no_1>0</Next_no_1>
	<Next_no_2>0</Next_no_2>
	<Next_no_3>0</Next_no_3>
	<Next_no_4>0</Next_no_4>
	<Next_rate />
	<Next_rate_req />
	<Req_ship_count>0</Req_ship_count>
	<Req_shiptype />
	<Item_no>0</Item_no>
	<Item_count>0</Item_count>
</mst_mapcell2>
<mst_mapcell2>
	<Id>16415</Id>
	<Map_no>164</Map_no>
	<Maparea_id>16</Maparea_id>
	<Mapinfo_no>4</Mapinfo_no>
	<No>15</No>
	<Color_no>4</Color_no>
	<Link_no>8,16</Link_no>
	<Event_1>4</Event_1>
	<Event_2>1</Event_2>
	<Event_point_1>0</Event_point_1>
	<Event_point_2>0</Event_point_2>
	<Table_no1>16406</Table_no1>
	<Table_no2>0</Table_no2>
	<Next_no_1>9</Next_no_1>
	<Next_no_2>11</Next_no_2>
	<Next_no_3>12</Next_no_3>
	<Next_no_4>0</Next_no_4>
	<Next_rate>33,33,34</Next_rate>
	<Next_rate_req />
	<Req_ship_count>0</Req_ship_count>
	<Req_shiptype />
	<Item_no>0</Item_no>
	<Item_count>0</Item_count>
</mst_mapcell2>
<mst_mapcell2>
	<Id>16416</Id>
	<Map_no>164</Map_no>
	<Maparea_id>16</Maparea_id>
	<Mapinfo_no>4</Mapinfo_no>
	<No>16</No>
	<Color_no>4</Color_no>
	<Link_no>8,15</Link_no>
	<Event_1>4</Event_1>
	<Event_2>1</Event_2>
	<Event_point_1>0</Event_point_1>
	<Event_point_2>0</Event_point_2>
	<Table_no1>16406</Table_no1>
	<Table_no2>0</Table_no2>
	<Next_no_1>9</Next_no_1>
	<Next_no_2>11</Next_no_2>
	<Next_no_3>12</Next_no_3>
	<Next_no_4>0</Next_no_4>
	<Next_rate>33,33,34</Next_rate>
	<Next_rate_req />
	<Req_ship_count>0</Req_ship_count>
	<Req_shiptype />
	<Item_no>0</Item_no>
	<Item_count>0</Item_count>
</mst_mapcell2>
<mst_mapcell2>
	<Id>16417</Id>
	<Map_no>164</Map_no>
	<Maparea_id>16</Maparea_id>
	<Mapinfo_no>4</Mapinfo_no>
	<No>17</No>
	<Color_no>4</Color_no>
	<Link_no>9</Link_no>
	<Event_1>6</Event_1>
	<Event_2>1</Event_2>
	<Event_point_1>0</Event_point_1>
	<Event_point_2>0</Event_point_2>
	<Table_no1>0</Table_no1>
	<Table_no2>0</Table_no2>
	<Next_no_1>0</Next_no_1>
	<Next_no_2>0</Next_no_2>
	<Next_no_3>0</Next_no_3>
	<Next_no_4>0</Next_no_4>
	<Next_rate />
	<Next_rate_req />
	<Req_ship_count>0</Req_ship_count>
	<Req_shiptype />
	<Item_no>0</Item_no>
	<Item_count>0</Item_count>
</mst_mapcell2>
<mst_mapcell2>
	<Id>16418</Id>
	<Map_no>164</Map_no>
	<Maparea_id>16</Maparea_id>
	<Mapinfo_no>4</Mapinfo_no>
	<No>18</No>
	<Color_no>4</Color_no>
	<Link_no>10</Link_no>
	<Event_1>4</Event_1>
	<Event_2>1</Event_2>
	<Event_point_1>0</Event_point_1>
	<Event_point_2>0</Event_point_2>
	<Table_no1>16407</Table_no1>
	<Table_no2>0</Table_no2>
	<Next_no_1>17</Next_no_1>
	<Next_no_2>19</Next_no_2>
	<Next_no_3>0</Next_no_3>
	<Next_no_4>0</Next_no_4>
	<Next_rate>50,50</Next_rate>
	<Next_rate_req />
	<Req_ship_count>0</Req_ship_count>
	<Req_shiptype />
	<Item_no>0</Item_no>
	<Item_count>0</Item_count>
</mst_mapcell2>
<mst_mapcell2>
	<Id>16419</Id>
	<Map_no>164</Map_no>
	<Maparea_id>16</Maparea_id>
	<Mapinfo_no>4</Mapinfo_no>
	<No>19</No>
	<Color_no>3</Color_no>
	<Link_no>12</Link_no>
	<Event_1>3</Event_1>
	<Event_2>0</Event_2>
	<Event_point_1>0</Event_point_1>
	<Event_point_2>0</Event_point_2>
	<Table_no1>0</Table_no1>
	<Table_no2>0</Table_no2>
	<Next_no_1>20</Next_no_1>
	<Next_no_2>0</Next_no_2>
	<Next_no_3>0</Next_no_3>
	<Next_no_4>0</Next_no_4>
	<Next_rate />
	<Next_rate_req />
	<Req_ship_count>0</Req_ship_count>
	<Req_shiptype />
	<Item_no>1</Item_no>
	<Item_count>20</Item_count>
</mst_mapcell2>
<mst_mapcell2>
	<Id>16420</Id>
	<Map_no>164</Map_no>
	<Maparea_id>16</Maparea_id>
	<Mapinfo_no>4</Mapinfo_no>
	<No>20</No>
	<Color_no>4</Color_no>
	<Link_no>13</Link_no>
	<Event_1>4</Event_1>
	<Event_2>1</Event_2>
	<Event_point_1>0</Event_point_1>
	<Event_point_2>0</Event_point_2>
	<Table_no1>16409</Table_no1>
	<Table_no2>0</Table_no2>
	<Next_no_1>14</Next_no_1>
	<Next_no_2>0</Next_no_2>
	<Next_no_3>0</Next_no_3>
	<Next_no_4>0</Next_no_4>
	<Next_rate />
	<Next_rate_req />
	<Req_ship_count>0</Req_ship_count>
	<Req_shiptype />
	<Item_no>0</Item_no>
	<Item_count>0</Item_count>
</mst_mapcell2>
</mst_mapcell2_data>
