<?xml version="1.0" encoding="utf-8"?>
<mst_mapcell2_data xmlns:i="http://www.w3.org/2001/XMLSchema-instance">
<mst_mapcell2>
	<Id>7400</Id>
	<Map_no>74</Map_no>
	<Maparea_id>7</Maparea_id>
	<Mapinfo_no>4</Mapinfo_no>
	<No>0</No>
	<Color_no>0</Color_no>
	<Link_no />
	<Event_1>0</Event_1>
	<Event_2>0</Event_2>
	<Event_point_1>0</Event_point_1>
	<Event_point_2>0</Event_point_2>
	<Table_no1>0</Table_no1>
	<Table_no2>0</Table_no2>
	<Next_no_1>1</Next_no_1>
	<Next_no_2>2</Next_no_2>
	<Next_no_3>0</Next_no_3>
	<Next_no_4>0</Next_no_4>
	<Next_rate>50,50</Next_rate>
	<Next_rate_req />
	<Req_ship_count>0</Req_ship_count>
	<Req_shiptype />
	<Item_no>0</Item_no>
	<Item_count>0</Item_count>
</mst_mapcell2>
<mst_mapcell2>
	<Id>7401</Id>
	<Map_no>74</Map_no>
	<Maparea_id>7</Maparea_id>
	<Mapinfo_no>4</Mapinfo_no>
	<No>1</No>
	<Color_no>4</Color_no>
	<Link_no />
	<Event_1>6</Event_1>
	<Event_2>2</Event_2>
	<Event_point_1>0</Event_point_1>
	<Event_point_2>0</Event_point_2>
	<Table_no1>0</Table_no1>
	<Table_no2>0</Table_no2>
	<Next_no_1>3</Next_no_1>
	<Next_no_2>5</Next_no_2>
	<Next_no_3>0</Next_no_3>
	<Next_no_4>0</Next_no_4>
	<Next_rate>50,50</Next_rate>
	<Next_rate_req />
	<Req_ship_count>0</Req_ship_count>
	<Req_shiptype />
	<Item_no>0</Item_no>
	<Item_count>0</Item_count>
</mst_mapcell2>
<mst_mapcell2>
	<Id>7402</Id>
	<Map_no>74</Map_no>
	<Maparea_id>7</Maparea_id>
	<Mapinfo_no>4</Mapinfo_no>
	<No>2</No>
	<Color_no>4</Color_no>
	<Link_no />
	<Event_1>4</Event_1>
	<Event_2>1</Event_2>
	<Event_point_1>0</Event_point_1>
	<Event_point_2>0</Event_point_2>
	<Table_no1>7401</Table_no1>
	<Table_no2>0</Table_no2>
	<Next_no_1>14</Next_no_1>
	<Next_no_2>0</Next_no_2>
	<Next_no_3>0</Next_no_3>
	<Next_no_4>0</Next_no_4>
	<Next_rate />
	<Next_rate_req />
	<Req_ship_count>0</Req_ship_count>
	<Req_shiptype />
	<Item_no>0</Item_no>
	<Item_count>0</Item_count>
</mst_mapcell2>
<mst_mapcell2>
	<Id>7403</Id>
	<Map_no>74</Map_no>
	<Maparea_id>7</Maparea_id>
	<Mapinfo_no>4</Mapinfo_no>
	<No>3</No>
	<Color_no>4</Color_no>
	<Link_no />
	<Event_1>4</Event_1>
	<Event_2>1</Event_2>
	<Event_point_1>0</Event_point_1>
	<Event_point_2>0</Event_point_2>
	<Table_no1>7402</Table_no1>
	<Table_no2>0</Table_no2>
	<Next_no_1>4</Next_no_1>
	<Next_no_2>6</Next_no_2>
	<Next_no_3>0</Next_no_3>
	<Next_no_4>0</Next_no_4>
	<Next_rate>50,50</Next_rate>
	<Next_rate_req />
	<Req_ship_count>0</Req_ship_count>
	<Req_shiptype />
	<Item_no>0</Item_no>
	<Item_count>0</Item_count>
</mst_mapcell2>
<mst_mapcell2>
	<Id>7404</Id>
	<Map_no>74</Map_no>
	<Maparea_id>7</Maparea_id>
	<Mapinfo_no>4</Mapinfo_no>
	<No>4</No>
	<Color_no>4</Color_no>
	<Link_no />
	<Event_1>6</Event_1>
	<Event_2>0</Event_2>
	<Event_point_1>0</Event_point_1>
	<Event_point_2>0</Event_point_2>
	<Table_no1>0</Table_no1>
	<Table_no2>0</Table_no2>
	<Next_no_1>0</Next_no_1>
	<Next_no_2>0</Next_no_2>
	<Next_no_3>0</Next_no_3>
	<Next_no_4>0</Next_no_4>
	<Next_rate />
	<Next_rate_req />
	<Req_ship_count>0</Req_ship_count>
	<Req_shiptype />
	<Item_no>0</Item_no>
	<Item_count>0</Item_count>
</mst_mapcell2>
<mst_mapcell2>
	<Id>7405</Id>
	<Map_no>74</Map_no>
	<Maparea_id>7</Maparea_id>
	<Mapinfo_no>4</Mapinfo_no>
	<No>5</No>
	<Color_no>4</Color_no>
	<Link_no>14</Link_no>
	<Event_1>4</Event_1>
	<Event_2>1</Event_2>
	<Event_point_1>0</Event_point_1>
	<Event_point_2>0</Event_point_2>
	<Table_no1>7403</Table_no1>
	<Table_no2>0</Table_no2>
	<Next_no_1>7</Next_no_1>
	<Next_no_2>15</Next_no_2>
	<Next_no_3>0</Next_no_3>
	<Next_no_4>0</Next_no_4>
	<Next_rate>50,50</Next_rate>
	<Next_rate_req />
	<Req_ship_count>0</Req_ship_count>
	<Req_shiptype />
	<Item_no>0</Item_no>
	<Item_count>0</Item_count>
</mst_mapcell2>
<mst_mapcell2>
	<Id>7406</Id>
	<Map_no>74</Map_no>
	<Maparea_id>7</Maparea_id>
	<Mapinfo_no>4</Mapinfo_no>
	<No>6</No>
	<Color_no>4</Color_no>
	<Link_no>15</Link_no>
	<Event_1>4</Event_1>
	<Event_2>1</Event_2>
	<Event_point_1>0</Event_point_1>
	<Event_point_2>0</Event_point_2>
	<Table_no1>7404</Table_no1>
	<Table_no2>0</Table_no2>
	<Next_no_1>8</Next_no_1>
	<Next_no_2>10</Next_no_2>
	<Next_no_3>11</Next_no_3>
	<Next_no_4>0</Next_no_4>
	<Next_rate>33,33,34</Next_rate>
	<Next_rate_req />
	<Req_ship_count>0</Req_ship_count>
	<Req_shiptype />
	<Item_no>0</Item_no>
	<Item_count>0</Item_count>
</mst_mapcell2>
<mst_mapcell2>
	<Id>7407</Id>
	<Map_no>74</Map_no>
	<Maparea_id>7</Maparea_id>
	<Mapinfo_no>4</Mapinfo_no>
	<No>7</No>
	<Color_no>3</Color_no>
	<Link_no />
	<Event_1>3</Event_1>
	<Event_2>0</Event_2>
	<Event_point_1>0</Event_point_1>
	<Event_point_2>0</Event_point_2>
	<Table_no1>0</Table_no1>
	<Table_no2>0</Table_no2>
	<Next_no_1>9</Next_no_1>
	<Next_no_2>12</Next_no_2>
	<Next_no_3>16</Next_no_3>
	<Next_no_4>0</Next_no_4>
	<Next_rate>33,33,34</Next_rate>
	<Next_rate_req />
	<Req_ship_count>0</Req_ship_count>
	<Req_shiptype />
	<Item_no>1</Item_no>
	<Item_count>30</Item_count>
</mst_mapcell2>
<mst_mapcell2>
	<Id>7408</Id>
	<Map_no>74</Map_no>
	<Maparea_id>7</Maparea_id>
	<Mapinfo_no>4</Mapinfo_no>
	<No>8</No>
	<Color_no>4</Color_no>
	<Link_no>16</Link_no>
	<Event_1>4</Event_1>
	<Event_2>1</Event_2>
	<Event_point_1>0</Event_point_1>
	<Event_point_2>0</Event_point_2>
	<Table_no1>7405</Table_no1>
	<Table_no2>0</Table_no2>
	<Next_no_1>13</Next_no_1>
	<Next_no_2>0</Next_no_2>
	<Next_no_3>0</Next_no_3>
	<Next_no_4>0</Next_no_4>
	<Next_rate />
	<Next_rate_req />
	<Req_ship_count>0</Req_ship_count>
	<Req_shiptype />
	<Item_no>0</Item_no>
	<Item_count>0</Item_count>
</mst_mapcell2>
<mst_mapcell2>
	<Id>7409</Id>
	<Map_no>74</Map_no>
	<Maparea_id>7</Maparea_id>
	<Mapinfo_no>4</Mapinfo_no>
	<No>9</No>
	<Color_no>4</Color_no>
	<Link_no />
	<Event_1>6</Event_1>
	<Event_2>1</Event_2>
	<Event_point_1>0</Event_point_1>
	<Event_point_2>0</Event_point_2>
	<Table_no1>0</Table_no1>
	<Table_no2>0</Table_no2>
	<Next_no_1>0</Next_no_1>
	<Next_no_2>0</Next_no_2>
	<Next_no_3>0</Next_no_3>
	<Next_no_4>0</Next_no_4>
	<Next_rate />
	<Next_rate_req />
	<Req_ship_count>0</Req_ship_count>
	<Req_shiptype />
	<Item_no>0</Item_no>
	<Item_count>0</Item_count>
</mst_mapcell2>
<mst_mapcell2>
	<Id>7410</Id>
	<Map_no>74</Map_no>
	<Maparea_id>7</Maparea_id>
	<Mapinfo_no>4</Mapinfo_no>
	<No>10</No>
	<Color_no>4</Color_no>
	<Link_no />
	<Event_1>6</Event_1>
	<Event_2>1</Event_2>
	<Event_point_1>0</Event_point_1>
	<Event_point_2>0</Event_point_2>
	<Table_no1>0</Table_no1>
	<Table_no2>0</Table_no2>
	<Next_no_1>0</Next_no_1>
	<Next_no_2>0</Next_no_2>
	<Next_no_3>0</Next_no_3>
	<Next_no_4>0</Next_no_4>
	<Next_rate />
	<Next_rate_req />
	<Req_ship_count>0</Req_ship_count>
	<Req_shiptype />
	<Item_no>0</Item_no>
	<Item_count>0</Item_count>
</mst_mapcell2>
<mst_mapcell2>
	<Id>7411</Id>
	<Map_no>74</Map_no>
	<Maparea_id>7</Maparea_id>
	<Mapinfo_no>4</Mapinfo_no>
	<No>11</No>
	<Color_no>4</Color_no>
	<Link_no />
	<Event_1>4</Event_1>
	<Event_2>1</Event_2>
	<Event_point_1>0</Event_point_1>
	<Event_point_2>0</Event_point_2>
	<Table_no1>7406</Table_no1>
	<Table_no2>0</Table_no2>
	<Next_no_1>17</Next_no_1>
	<Next_no_2>0</Next_no_2>
	<Next_no_3>0</Next_no_3>
	<Next_no_4>0</Next_no_4>
	<Next_rate />
	<Next_rate_req />
	<Req_ship_count>0</Req_ship_count>
	<Req_shiptype />
	<Item_no>0</Item_no>
	<Item_count>0</Item_count>
</mst_mapcell2>
<mst_mapcell2>
	<Id>7412</Id>
	<Map_no>74</Map_no>
	<Maparea_id>7</Maparea_id>
	<Mapinfo_no>4</Mapinfo_no>
	<No>12</No>
	<Color_no>4</Color_no>
	<Link_no />
	<Event_1>4</Event_1>
	<Event_2>1</Event_2>
	<Event_point_1>0</Event_point_1>
	<Event_point_2>0</Event_point_2>
	<Table_no1>7407</Table_no1>
	<Table_no2>0</Table_no2>
	<Next_no_1>18</Next_no_1>
	<Next_no_2>0</Next_no_2>
	<Next_no_3>0</Next_no_3>
	<Next_no_4>0</Next_no_4>
	<Next_rate />
	<Next_rate_req />
	<Req_ship_count>0</Req_ship_count>
	<Req_shiptype />
	<Item_no>0</Item_no>
	<Item_count>0</Item_count>
</mst_mapcell2>
<mst_mapcell2>
	<Id>7413</Id>
	<Map_no>74</Map_no>
	<Maparea_id>7</Maparea_id>
	<Mapinfo_no>4</Mapinfo_no>
	<No>13</No>
	<Color_no>5</Color_no>
	<Link_no>17,18</Link_no>
	<Event_1>5</Event_1>
	<Event_2>1</Event_2>
	<Event_point_1>0</Event_point_1>
	<Event_point_2>0</Event_point_2>
	<Table_no1>7408</Table_no1>
	<Table_no2>0</Table_no2>
	<Next_no_1>0</Next_no_1>
	<Next_no_2>0</Next_no_2>
	<Next_no_3>0</Next_no_3>
	<Next_no_4>0</Next_no_4>
	<Next_rate />
	<Next_rate_req />
	<Req_ship_count>0</Req_ship_count>
	<Req_shiptype />
	<Item_no>0</Item_no>
	<Item_count>0</Item_count>
</mst_mapcell2>
<mst_mapcell2>
	<Id>7414</Id>
	<Map_no>74</Map_no>
	<Maparea_id>7</Maparea_id>
	<Mapinfo_no>4</Mapinfo_no>
	<No>14</No>
	<Color_no>4</Color_no>
	<Link_no>5</Link_no>
	<Event_1>4</Event_1>
	<Event_2>1</Event_2>
	<Event_point_1>0</Event_point_1>
	<Event_point_2>0</Event_point_2>
	<Table_no1>7403</Table_no1>
	<Table_no2>0</Table_no2>
	<Next_no_1>7</Next_no_1>
	<Next_no_2>15</Next_no_2>
	<Next_no_3>0</Next_no_3>
	<Next_no_4>0</Next_no_4>
	<Next_rate>50,50</Next_rate>
	<Next_rate_req />
	<Req_ship_count>0</Req_ship_count>
	<Req_shiptype />
	<Item_no>0</Item_no>
	<Item_count>0</Item_count>
</mst_mapcell2>
<mst_mapcell2>
	<Id>7415</Id>
	<Map_no>74</Map_no>
	<Maparea_id>7</Maparea_id>
	<Mapinfo_no>4</Mapinfo_no>
	<No>15</No>
	<Color_no>4</Color_no>
	<Link_no>6</Link_no>
	<Event_1>4</Event_1>
	<Event_2>1</Event_2>
	<Event_point_1>0</Event_point_1>
	<Event_point_2>0</Event_point_2>
	<Table_no1>7404</Table_no1>
	<Table_no2>0</Table_no2>
	<Next_no_1>8</Next_no_1>
	<Next_no_2>10</Next_no_2>
	<Next_no_3>11</Next_no_3>
	<Next_no_4>0</Next_no_4>
	<Next_rate>33,33,34</Next_rate>
	<Next_rate_req />
	<Req_ship_count>0</Req_ship_count>
	<Req_shiptype />
	<Item_no>0</Item_no>
	<Item_count>0</Item_count>
</mst_mapcell2>
<mst_mapcell2>
	<Id>7416</Id>
	<Map_no>74</Map_no>
	<Maparea_id>7</Maparea_id>
	<Mapinfo_no>4</Mapinfo_no>
	<No>16</No>
	<Color_no>4</Color_no>
	<Link_no>8</Link_no>
	<Event_1>4</Event_1>
	<Event_2>1</Event_2>
	<Event_point_1>0</Event_point_1>
	<Event_point_2>0</Event_point_2>
	<Table_no1>7405</Table_no1>
	<Table_no2>0</Table_no2>
	<Next_no_1>13</Next_no_1>
	<Next_no_2>0</Next_no_2>
	<Next_no_3>0</Next_no_3>
	<Next_no_4>0</Next_no_4>
	<Next_rate />
	<Next_rate_req />
	<Req_ship_count>0</Req_ship_count>
	<Req_shiptype />
	<Item_no>0</Item_no>
	<Item_count>0</Item_count>
</mst_mapcell2>
<mst_mapcell2>
	<Id>7417</Id>
	<Map_no>74</Map_no>
	<Maparea_id>7</Maparea_id>
	<Mapinfo_no>4</Mapinfo_no>
	<No>17</No>
	<Color_no>5</Color_no>
	<Link_no>13,18</Link_no>
	<Event_1>5</Event_1>
	<Event_2>1</Event_2>
	<Event_point_1>0</Event_point_1>
	<Event_point_2>0</Event_point_2>
	<Table_no1>7408</Table_no1>
	<Table_no2>0</Table_no2>
	<Next_no_1>0</Next_no_1>
	<Next_no_2>0</Next_no_2>
	<Next_no_3>0</Next_no_3>
	<Next_no_4>0</Next_no_4>
	<Next_rate />
	<Next_rate_req />
	<Req_ship_count>0</Req_ship_count>
	<Req_shiptype />
	<Item_no>0</Item_no>
	<Item_count>0</Item_count>
</mst_mapcell2>
<mst_mapcell2>
	<Id>7418</Id>
	<Map_no>74</Map_no>
	<Maparea_id>7</Maparea_id>
	<Mapinfo_no>4</Mapinfo_no>
	<No>18</No>
	<Color_no>5</Color_no>
	<Link_no>13,17</Link_no>
	<Event_1>5</Event_1>
	<Event_2>1</Event_2>
	<Event_point_1>0</Event_point_1>
	<Event_point_2>0</Event_point_2>
	<Table_no1>7408</Table_no1>
	<Table_no2>0</Table_no2>
	<Next_no_1>0</Next_no_1>
	<Next_no_2>0</Next_no_2>
	<Next_no_3>0</Next_no_3>
	<Next_no_4>0</Next_no_4>
	<Next_rate />
	<Next_rate_req />
	<Req_ship_count>0</Req_ship_count>
	<Req_shiptype />
	<Item_no>0</Item_no>
	<Item_count>0</Item_count>
</mst_mapcell2>
</mst_mapcell2_data>
