<?xml version="1.0" encoding="utf-8"?>
<mst_mapcell2_data xmlns:i="http://www.w3.org/2001/XMLSchema-instance">
<mst_mapcell2>
	<Id>2300</Id>
	<Map_no>23</Map_no>
	<Maparea_id>2</Maparea_id>
	<Mapinfo_no>3</Mapinfo_no>
	<No>0</No>
	<Color_no>0</Color_no>
	<Link_no />
	<Event_1>0</Event_1>
	<Event_2>0</Event_2>
	<Event_point_1>0</Event_point_1>
	<Event_point_2>0</Event_point_2>
	<Table_no1>0</Table_no1>
	<Table_no2>0</Table_no2>
	<Next_no_1>2</Next_no_1>
	<Next_no_2>5</Next_no_2>
	<Next_no_3>0</Next_no_3>
	<Next_no_4>0</Next_no_4>
	<Next_rate>50,50</Next_rate>
	<Next_rate_req />
	<Req_ship_count>0</Req_ship_count>
	<Req_shiptype />
	<Item_no>0</Item_no>
	<Item_count>0</Item_count>
</mst_mapcell2>
<mst_mapcell2>
	<Id>2301</Id>
	<Map_no>23</Map_no>
	<Maparea_id>2</Maparea_id>
	<Mapinfo_no>3</Mapinfo_no>
	<No>1</No>
	<Color_no>2</Color_no>
	<Link_no />
	<Event_1>2</Event_1>
	<Event_2>0</Event_2>
	<Event_point_1>0</Event_point_1>
	<Event_point_2>0</Event_point_2>
	<Table_no1>0</Table_no1>
	<Table_no2>0</Table_no2>
	<Next_no_1>0</Next_no_1>
	<Next_no_2>0</Next_no_2>
	<Next_no_3>0</Next_no_3>
	<Next_no_4>0</Next_no_4>
	<Next_rate />
	<Next_rate_req />
	<Req_ship_count>0</Req_ship_count>
	<Req_shiptype />
	<Item_no>2</Item_no>
	<Item_count>20</Item_count>
</mst_mapcell2>
<mst_mapcell2>
	<Id>2302</Id>
	<Map_no>23</Map_no>
	<Maparea_id>2</Maparea_id>
	<Mapinfo_no>3</Mapinfo_no>
	<No>2</No>
	<Color_no>4</Color_no>
	<Link_no />
	<Event_1>4</Event_1>
	<Event_2>1</Event_2>
	<Event_point_1>0</Event_point_1>
	<Event_point_2>0</Event_point_2>
	<Table_no1>2301</Table_no1>
	<Table_no2>0</Table_no2>
	<Next_no_1>1</Next_no_1>
	<Next_no_2>3</Next_no_2>
	<Next_no_3>0</Next_no_3>
	<Next_no_4>0</Next_no_4>
	<Next_rate>50,50</Next_rate>
	<Next_rate_req />
	<Req_ship_count>0</Req_ship_count>
	<Req_shiptype />
	<Item_no>0</Item_no>
	<Item_count>0</Item_count>
</mst_mapcell2>
<mst_mapcell2>
	<Id>2303</Id>
	<Map_no>23</Map_no>
	<Maparea_id>2</Maparea_id>
	<Mapinfo_no>3</Mapinfo_no>
	<No>3</No>
	<Color_no>4</Color_no>
	<Link_no>11</Link_no>
	<Event_1>4</Event_1>
	<Event_2>1</Event_2>
	<Event_point_1>0</Event_point_1>
	<Event_point_2>0</Event_point_2>
	<Table_no1>2302</Table_no1>
	<Table_no2>0</Table_no2>
	<Next_no_1>4</Next_no_1>
	<Next_no_2>0</Next_no_2>
	<Next_no_3>0</Next_no_3>
	<Next_no_4>0</Next_no_4>
	<Next_rate />
	<Next_rate_req />
	<Req_ship_count>0</Req_ship_count>
	<Req_shiptype />
	<Item_no>0</Item_no>
	<Item_count>0</Item_count>
</mst_mapcell2>
<mst_mapcell2>
	<Id>2304</Id>
	<Map_no>23</Map_no>
	<Maparea_id>2</Maparea_id>
	<Mapinfo_no>3</Mapinfo_no>
	<No>4</No>
	<Color_no>3</Color_no>
	<Link_no />
	<Event_1>3</Event_1>
	<Event_2>0</Event_2>
	<Event_point_1>0</Event_point_1>
	<Event_point_2>0</Event_point_2>
	<Table_no1>0</Table_no1>
	<Table_no2>0</Table_no2>
	<Next_no_1>6</Next_no_1>
	<Next_no_2>0</Next_no_2>
	<Next_no_3>0</Next_no_3>
	<Next_no_4>0</Next_no_4>
	<Next_rate />
	<Next_rate_req />
	<Req_ship_count>0</Req_ship_count>
	<Req_shiptype />
	<Item_no>1</Item_no>
	<Item_count>20</Item_count>
</mst_mapcell2>
<mst_mapcell2>
	<Id>2305</Id>
	<Map_no>23</Map_no>
	<Maparea_id>2</Maparea_id>
	<Mapinfo_no>3</Mapinfo_no>
	<No>5</No>
	<Color_no>4</Color_no>
	<Link_no />
	<Event_1>4</Event_1>
	<Event_2>1</Event_2>
	<Event_point_1>0</Event_point_1>
	<Event_point_2>0</Event_point_2>
	<Table_no1>2303</Table_no1>
	<Table_no2>0</Table_no2>
	<Next_no_1>7</Next_no_1>
	<Next_no_2>11</Next_no_2>
	<Next_no_3>0</Next_no_3>
	<Next_no_4>0</Next_no_4>
	<Next_rate>50,50</Next_rate>
	<Next_rate_req />
	<Req_ship_count>0</Req_ship_count>
	<Req_shiptype />
	<Item_no>0</Item_no>
	<Item_count>0</Item_count>
</mst_mapcell2>
<mst_mapcell2>
	<Id>2306</Id>
	<Map_no>23</Map_no>
	<Maparea_id>2</Maparea_id>
	<Mapinfo_no>3</Mapinfo_no>
	<No>6</No>
	<Color_no>4</Color_no>
	<Link_no>12</Link_no>
	<Event_1>4</Event_1>
	<Event_2>2</Event_2>
	<Event_point_1>0</Event_point_1>
	<Event_point_2>0</Event_point_2>
	<Table_no1>2304</Table_no1>
	<Table_no2>0</Table_no2>
	<Next_no_1>8</Next_no_1>
	<Next_no_2>10</Next_no_2>
	<Next_no_3>0</Next_no_3>
	<Next_no_4>0</Next_no_4>
	<Next_rate>50,50</Next_rate>
	<Next_rate_req />
	<Req_ship_count>0</Req_ship_count>
	<Req_shiptype />
	<Item_no>0</Item_no>
	<Item_count>0</Item_count>
</mst_mapcell2>
<mst_mapcell2>
	<Id>2307</Id>
	<Map_no>23</Map_no>
	<Maparea_id>2</Maparea_id>
	<Mapinfo_no>3</Mapinfo_no>
	<No>7</No>
	<Color_no>4</Color_no>
	<Link_no />
	<Event_1>4</Event_1>
	<Event_2>1</Event_2>
	<Event_point_1>0</Event_point_1>
	<Event_point_2>0</Event_point_2>
	<Table_no1>2305</Table_no1>
	<Table_no2>0</Table_no2>
	<Next_no_1>9</Next_no_1>
	<Next_no_2>12</Next_no_2>
	<Next_no_3>0</Next_no_3>
	<Next_no_4>0</Next_no_4>
	<Next_rate>50,50</Next_rate>
	<Next_rate_req />
	<Req_ship_count>0</Req_ship_count>
	<Req_shiptype />
	<Item_no>0</Item_no>
	<Item_count>0</Item_count>
</mst_mapcell2>
<mst_mapcell2>
	<Id>2308</Id>
	<Map_no>23</Map_no>
	<Maparea_id>2</Maparea_id>
	<Mapinfo_no>3</Mapinfo_no>
	<No>8</No>
	<Color_no>4</Color_no>
	<Link_no />
	<Event_1>6</Event_1>
	<Event_2>1</Event_2>
	<Event_point_1>0</Event_point_1>
	<Event_point_2>0</Event_point_2>
	<Table_no1>0</Table_no1>
	<Table_no2>0</Table_no2>
	<Next_no_1>0</Next_no_1>
	<Next_no_2>0</Next_no_2>
	<Next_no_3>0</Next_no_3>
	<Next_no_4>0</Next_no_4>
	<Next_rate />
	<Next_rate_req />
	<Req_ship_count>0</Req_ship_count>
	<Req_shiptype />
	<Item_no>0</Item_no>
	<Item_count>0</Item_count>
</mst_mapcell2>
<mst_mapcell2>
	<Id>2309</Id>
	<Map_no>23</Map_no>
	<Maparea_id>2</Maparea_id>
	<Mapinfo_no>3</Mapinfo_no>
	<No>9</No>
	<Color_no>3</Color_no>
	<Link_no />
	<Event_1>3</Event_1>
	<Event_2>0</Event_2>
	<Event_point_1>0</Event_point_1>
	<Event_point_2>0</Event_point_2>
	<Table_no1>0</Table_no1>
	<Table_no2>0</Table_no2>
	<Next_no_1>0</Next_no_1>
	<Next_no_2>0</Next_no_2>
	<Next_no_3>0</Next_no_3>
	<Next_no_4>0</Next_no_4>
	<Next_rate />
	<Next_rate_req />
	<Req_ship_count>0</Req_ship_count>
	<Req_shiptype />
	<Item_no>1</Item_no>
	<Item_count>20</Item_count>
</mst_mapcell2>
<mst_mapcell2>
	<Id>2310</Id>
	<Map_no>23</Map_no>
	<Maparea_id>2</Maparea_id>
	<Mapinfo_no>3</Mapinfo_no>
	<No>10</No>
	<Color_no>5</Color_no>
	<Link_no />
	<Event_1>5</Event_1>
	<Event_2>1</Event_2>
	<Event_point_1>0</Event_point_1>
	<Event_point_2>0</Event_point_2>
	<Table_no1>2306</Table_no1>
	<Table_no2>0</Table_no2>
	<Next_no_1>0</Next_no_1>
	<Next_no_2>0</Next_no_2>
	<Next_no_3>0</Next_no_3>
	<Next_no_4>0</Next_no_4>
	<Next_rate />
	<Next_rate_req />
	<Req_ship_count>0</Req_ship_count>
	<Req_shiptype />
	<Item_no>0</Item_no>
	<Item_count>0</Item_count>
</mst_mapcell2>
<mst_mapcell2>
	<Id>2311</Id>
	<Map_no>23</Map_no>
	<Maparea_id>2</Maparea_id>
	<Mapinfo_no>3</Mapinfo_no>
	<No>11</No>
	<Color_no>4</Color_no>
	<Link_no>3</Link_no>
	<Event_1>4</Event_1>
	<Event_2>1</Event_2>
	<Event_point_1>0</Event_point_1>
	<Event_point_2>0</Event_point_2>
	<Table_no1>2302</Table_no1>
	<Table_no2>0</Table_no2>
	<Next_no_1>4</Next_no_1>
	<Next_no_2>0</Next_no_2>
	<Next_no_3>0</Next_no_3>
	<Next_no_4>0</Next_no_4>
	<Next_rate />
	<Next_rate_req />
	<Req_ship_count>0</Req_ship_count>
	<Req_shiptype />
	<Item_no>0</Item_no>
	<Item_count>0</Item_count>
</mst_mapcell2>
<mst_mapcell2>
	<Id>2312</Id>
	<Map_no>23</Map_no>
	<Maparea_id>2</Maparea_id>
	<Mapinfo_no>3</Mapinfo_no>
	<No>12</No>
	<Color_no>4</Color_no>
	<Link_no>6</Link_no>
	<Event_1>4</Event_1>
	<Event_2>2</Event_2>
	<Event_point_1>0</Event_point_1>
	<Event_point_2>0</Event_point_2>
	<Table_no1>2304</Table_no1>
	<Table_no2>0</Table_no2>
	<Next_no_1>8</Next_no_1>
	<Next_no_2>10</Next_no_2>
	<Next_no_3>0</Next_no_3>
	<Next_no_4>0</Next_no_4>
	<Next_rate>50,50</Next_rate>
	<Next_rate_req />
	<Req_ship_count>0</Req_ship_count>
	<Req_shiptype />
	<Item_no>0</Item_no>
	<Item_count>0</Item_count>
</mst_mapcell2>
</mst_mapcell2_data>
