<?xml version="1.0" encoding="utf-8"?>
<mst_mapcell2_data xmlns:i="http://www.w3.org/2001/XMLSchema-instance">
<mst_mapcell2>
	<Id>12100</Id>
	<Map_no>121</Map_no>
	<Maparea_id>12</Maparea_id>
	<Mapinfo_no>1</Mapinfo_no>
	<No>0</No>
	<Color_no>0</Color_no>
	<Link_no />
	<Event_1>0</Event_1>
	<Event_2>0</Event_2>
	<Event_point_1>0</Event_point_1>
	<Event_point_2>0</Event_point_2>
	<Table_no1>0</Table_no1>
	<Table_no2>0</Table_no2>
	<Next_no_1>1</Next_no_1>
	<Next_no_2>0</Next_no_2>
	<Next_no_3>0</Next_no_3>
	<Next_no_4>0</Next_no_4>
	<Next_rate />
	<Next_rate_req />
	<Req_ship_count>0</Req_ship_count>
	<Req_shiptype />
	<Item_no>0</Item_no>
	<Item_count>0</Item_count>
</mst_mapcell2>
<mst_mapcell2>
	<Id>12101</Id>
	<Map_no>121</Map_no>
	<Maparea_id>12</Maparea_id>
	<Mapinfo_no>1</Mapinfo_no>
	<No>1</No>
	<Color_no>4</Color_no>
	<Link_no />
	<Event_1>6</Event_1>
	<Event_2>2</Event_2>
	<Event_point_1>0</Event_point_1>
	<Event_point_2>0</Event_point_2>
	<Table_no1>0</Table_no1>
	<Table_no2>0</Table_no2>
	<Next_no_1>2</Next_no_1>
	<Next_no_2>3</Next_no_2>
	<Next_no_3>0</Next_no_3>
	<Next_no_4>0</Next_no_4>
	<Next_rate>50,50</Next_rate>
	<Next_rate_req />
	<Req_ship_count>0</Req_ship_count>
	<Req_shiptype />
	<Item_no>0</Item_no>
	<Item_count>0</Item_count>
</mst_mapcell2>
<mst_mapcell2>
	<Id>12102</Id>
	<Map_no>121</Map_no>
	<Maparea_id>12</Maparea_id>
	<Mapinfo_no>1</Mapinfo_no>
	<No>2</No>
	<Color_no>4</Color_no>
	<Link_no />
	<Event_1>4</Event_1>
	<Event_2>1</Event_2>
	<Event_point_1>0</Event_point_1>
	<Event_point_2>0</Event_point_2>
	<Table_no1>12101</Table_no1>
	<Table_no2>0</Table_no2>
	<Next_no_1>4</Next_no_1>
	<Next_no_2>0</Next_no_2>
	<Next_no_3>0</Next_no_3>
	<Next_no_4>0</Next_no_4>
	<Next_rate />
	<Next_rate_req />
	<Req_ship_count>0</Req_ship_count>
	<Req_shiptype />
	<Item_no>0</Item_no>
	<Item_count>0</Item_count>
</mst_mapcell2>
<mst_mapcell2>
	<Id>12103</Id>
	<Map_no>121</Map_no>
	<Maparea_id>12</Maparea_id>
	<Mapinfo_no>1</Mapinfo_no>
	<No>3</No>
	<Color_no>4</Color_no>
	<Link_no />
	<Event_1>6</Event_1>
	<Event_2>0</Event_2>
	<Event_point_1>0</Event_point_1>
	<Event_point_2>0</Event_point_2>
	<Table_no1>0</Table_no1>
	<Table_no2>0</Table_no2>
	<Next_no_1>5</Next_no_1>
	<Next_no_2>6</Next_no_2>
	<Next_no_3>0</Next_no_3>
	<Next_no_4>0</Next_no_4>
	<Next_rate>50,50</Next_rate>
	<Next_rate_req />
	<Req_ship_count>0</Req_ship_count>
	<Req_shiptype />
	<Item_no>0</Item_no>
	<Item_count>0</Item_count>
</mst_mapcell2>
<mst_mapcell2>
	<Id>12104</Id>
	<Map_no>121</Map_no>
	<Maparea_id>12</Maparea_id>
	<Mapinfo_no>1</Mapinfo_no>
	<No>4</No>
	<Color_no>4</Color_no>
	<Link_no />
	<Event_1>6</Event_1>
	<Event_2>2</Event_2>
	<Event_point_1>0</Event_point_1>
	<Event_point_2>0</Event_point_2>
	<Table_no1>0</Table_no1>
	<Table_no2>0</Table_no2>
	<Next_no_1>7</Next_no_1>
	<Next_no_2>13</Next_no_2>
	<Next_no_3>0</Next_no_3>
	<Next_no_4>0</Next_no_4>
	<Next_rate>50,50</Next_rate>
	<Next_rate_req />
	<Req_ship_count>0</Req_ship_count>
	<Req_shiptype />
	<Item_no>0</Item_no>
	<Item_count>0</Item_count>
</mst_mapcell2>
<mst_mapcell2>
	<Id>12105</Id>
	<Map_no>121</Map_no>
	<Maparea_id>12</Maparea_id>
	<Mapinfo_no>1</Mapinfo_no>
	<No>5</No>
	<Color_no>4</Color_no>
	<Link_no />
	<Event_1>4</Event_1>
	<Event_2>1</Event_2>
	<Event_point_1>0</Event_point_1>
	<Event_point_2>0</Event_point_2>
	<Table_no1>12102</Table_no1>
	<Table_no2>0</Table_no2>
	<Next_no_1>0</Next_no_1>
	<Next_no_2>0</Next_no_2>
	<Next_no_3>0</Next_no_3>
	<Next_no_4>0</Next_no_4>
	<Next_rate />
	<Next_rate_req />
	<Req_ship_count>0</Req_ship_count>
	<Req_shiptype />
	<Item_no>0</Item_no>
	<Item_count>0</Item_count>
</mst_mapcell2>
<mst_mapcell2>
	<Id>12106</Id>
	<Map_no>121</Map_no>
	<Maparea_id>12</Maparea_id>
	<Mapinfo_no>1</Mapinfo_no>
	<No>6</No>
	<Color_no>4</Color_no>
	<Link_no>13</Link_no>
	<Event_1>4</Event_1>
	<Event_2>1</Event_2>
	<Event_point_1>0</Event_point_1>
	<Event_point_2>0</Event_point_2>
	<Table_no1>12103</Table_no1>
	<Table_no2>0</Table_no2>
	<Next_no_1>8</Next_no_1>
	<Next_no_2>12</Next_no_2>
	<Next_no_3>0</Next_no_3>
	<Next_no_4>0</Next_no_4>
	<Next_rate>50,50</Next_rate>
	<Next_rate_req />
	<Req_ship_count>0</Req_ship_count>
	<Req_shiptype />
	<Item_no>0</Item_no>
	<Item_count>0</Item_count>
</mst_mapcell2>
<mst_mapcell2>
	<Id>12107</Id>
	<Map_no>121</Map_no>
	<Maparea_id>12</Maparea_id>
	<Mapinfo_no>1</Mapinfo_no>
	<No>7</No>
	<Color_no>4</Color_no>
	<Link_no />
	<Event_1>4</Event_1>
	<Event_2>1</Event_2>
	<Event_point_1>0</Event_point_1>
	<Event_point_2>0</Event_point_2>
	<Table_no1>12104</Table_no1>
	<Table_no2>0</Table_no2>
	<Next_no_1>9</Next_no_1>
	<Next_no_2>0</Next_no_2>
	<Next_no_3>0</Next_no_3>
	<Next_no_4>0</Next_no_4>
	<Next_rate />
	<Next_rate_req />
	<Req_ship_count>0</Req_ship_count>
	<Req_shiptype />
	<Item_no>0</Item_no>
	<Item_count>0</Item_count>
</mst_mapcell2>
<mst_mapcell2>
	<Id>12108</Id>
	<Map_no>121</Map_no>
	<Maparea_id>12</Maparea_id>
	<Mapinfo_no>1</Mapinfo_no>
	<No>8</No>
	<Color_no>4</Color_no>
	<Link_no />
	<Event_1>4</Event_1>
	<Event_2>1</Event_2>
	<Event_point_1>0</Event_point_1>
	<Event_point_2>0</Event_point_2>
	<Table_no1>12105</Table_no1>
	<Table_no2>0</Table_no2>
	<Next_no_1>10</Next_no_1>
	<Next_no_2>14</Next_no_2>
	<Next_no_3>0</Next_no_3>
	<Next_no_4>0</Next_no_4>
	<Next_rate>50,50</Next_rate>
	<Next_rate_req />
	<Req_ship_count>0</Req_ship_count>
	<Req_shiptype />
	<Item_no>0</Item_no>
	<Item_count>0</Item_count>
</mst_mapcell2>
<mst_mapcell2>
	<Id>12109</Id>
	<Map_no>121</Map_no>
	<Maparea_id>12</Maparea_id>
	<Mapinfo_no>1</Mapinfo_no>
	<No>9</No>
	<Color_no>4</Color_no>
	<Link_no />
	<Event_1>4</Event_1>
	<Event_2>1</Event_2>
	<Event_point_1>0</Event_point_1>
	<Event_point_2>0</Event_point_2>
	<Table_no1>12106</Table_no1>
	<Table_no2>0</Table_no2>
	<Next_no_1>11</Next_no_1>
	<Next_no_2>15</Next_no_2>
	<Next_no_3>0</Next_no_3>
	<Next_no_4>0</Next_no_4>
	<Next_rate>50,50</Next_rate>
	<Next_rate_req />
	<Req_ship_count>0</Req_ship_count>
	<Req_shiptype />
	<Item_no>0</Item_no>
	<Item_count>0</Item_count>
</mst_mapcell2>
<mst_mapcell2>
	<Id>12110</Id>
	<Map_no>121</Map_no>
	<Maparea_id>12</Maparea_id>
	<Mapinfo_no>1</Mapinfo_no>
	<No>10</No>
	<Color_no>4</Color_no>
	<Link_no />
	<Event_1>6</Event_1>
	<Event_2>1</Event_2>
	<Event_point_1>0</Event_point_1>
	<Event_point_2>0</Event_point_2>
	<Table_no1>0</Table_no1>
	<Table_no2>0</Table_no2>
	<Next_no_1>0</Next_no_1>
	<Next_no_2>0</Next_no_2>
	<Next_no_3>0</Next_no_3>
	<Next_no_4>0</Next_no_4>
	<Next_rate />
	<Next_rate_req />
	<Req_ship_count>0</Req_ship_count>
	<Req_shiptype />
	<Item_no>0</Item_no>
	<Item_count>0</Item_count>
</mst_mapcell2>
<mst_mapcell2>
	<Id>12111</Id>
	<Map_no>121</Map_no>
	<Maparea_id>12</Maparea_id>
	<Mapinfo_no>1</Mapinfo_no>
	<No>11</No>
	<Color_no>4</Color_no>
	<Link_no />
	<Event_1>6</Event_1>
	<Event_2>1</Event_2>
	<Event_point_1>0</Event_point_1>
	<Event_point_2>0</Event_point_2>
	<Table_no1>0</Table_no1>
	<Table_no2>0</Table_no2>
	<Next_no_1>0</Next_no_1>
	<Next_no_2>0</Next_no_2>
	<Next_no_3>0</Next_no_3>
	<Next_no_4>0</Next_no_4>
	<Next_rate />
	<Next_rate_req />
	<Req_ship_count>0</Req_ship_count>
	<Req_shiptype />
	<Item_no>0</Item_no>
	<Item_count>0</Item_count>
</mst_mapcell2>
<mst_mapcell2>
	<Id>12112</Id>
	<Map_no>121</Map_no>
	<Maparea_id>12</Maparea_id>
	<Mapinfo_no>1</Mapinfo_no>
	<No>12</No>
	<Color_no>5</Color_no>
	<Link_no>14,15</Link_no>
	<Event_1>5</Event_1>
	<Event_2>1</Event_2>
	<Event_point_1>0</Event_point_1>
	<Event_point_2>0</Event_point_2>
	<Table_no1>12107</Table_no1>
	<Table_no2>0</Table_no2>
	<Next_no_1>0</Next_no_1>
	<Next_no_2>0</Next_no_2>
	<Next_no_3>0</Next_no_3>
	<Next_no_4>0</Next_no_4>
	<Next_rate />
	<Next_rate_req />
	<Req_ship_count>0</Req_ship_count>
	<Req_shiptype />
	<Item_no>0</Item_no>
	<Item_count>0</Item_count>
</mst_mapcell2>
<mst_mapcell2>
	<Id>12113</Id>
	<Map_no>121</Map_no>
	<Maparea_id>12</Maparea_id>
	<Mapinfo_no>1</Mapinfo_no>
	<No>13</No>
	<Color_no>4</Color_no>
	<Link_no>6</Link_no>
	<Event_1>4</Event_1>
	<Event_2>1</Event_2>
	<Event_point_1>0</Event_point_1>
	<Event_point_2>0</Event_point_2>
	<Table_no1>12103</Table_no1>
	<Table_no2>0</Table_no2>
	<Next_no_1>8</Next_no_1>
	<Next_no_2>12</Next_no_2>
	<Next_no_3>0</Next_no_3>
	<Next_no_4>0</Next_no_4>
	<Next_rate>50,50</Next_rate>
	<Next_rate_req />
	<Req_ship_count>0</Req_ship_count>
	<Req_shiptype />
	<Item_no>0</Item_no>
	<Item_count>0</Item_count>
</mst_mapcell2>
<mst_mapcell2>
	<Id>12114</Id>
	<Map_no>121</Map_no>
	<Maparea_id>12</Maparea_id>
	<Mapinfo_no>1</Mapinfo_no>
	<No>14</No>
	<Color_no>5</Color_no>
	<Link_no>12,15</Link_no>
	<Event_1>5</Event_1>
	<Event_2>1</Event_2>
	<Event_point_1>0</Event_point_1>
	<Event_point_2>0</Event_point_2>
	<Table_no1>12107</Table_no1>
	<Table_no2>0</Table_no2>
	<Next_no_1>0</Next_no_1>
	<Next_no_2>0</Next_no_2>
	<Next_no_3>0</Next_no_3>
	<Next_no_4>0</Next_no_4>
	<Next_rate />
	<Next_rate_req />
	<Req_ship_count>0</Req_ship_count>
	<Req_shiptype />
	<Item_no>0</Item_no>
	<Item_count>0</Item_count>
</mst_mapcell2>
<mst_mapcell2>
	<Id>12115</Id>
	<Map_no>121</Map_no>
	<Maparea_id>12</Maparea_id>
	<Mapinfo_no>1</Mapinfo_no>
	<No>15</No>
	<Color_no>5</Color_no>
	<Link_no>12,14</Link_no>
	<Event_1>5</Event_1>
	<Event_2>1</Event_2>
	<Event_point_1>0</Event_point_1>
	<Event_point_2>0</Event_point_2>
	<Table_no1>12107</Table_no1>
	<Table_no2>0</Table_no2>
	<Next_no_1>0</Next_no_1>
	<Next_no_2>0</Next_no_2>
	<Next_no_3>0</Next_no_3>
	<Next_no_4>0</Next_no_4>
	<Next_rate />
	<Next_rate_req />
	<Req_ship_count>0</Req_ship_count>
	<Req_shiptype />
	<Item_no>0</Item_no>
	<Item_count>0</Item_count>
</mst_mapcell2>
</mst_mapcell2_data>
