<?xml version="1.0" encoding="utf-8"?>
<mst_rebellionpoint_data xmlns:i="http://www.w3.org/2001/XMLSchema-instance">
<mst_rebellionpoint>
	<Id>1</Id>
	<Turn_from>22</Turn_from>
	<Turn_to>117</Turn_to>
	<Area_value>3,15,6,0,3,9,3,6,15,12,6,0,0,0,0,0</Area_value>
</mst_rebellionpoint>
<mst_rebellionpoint>
	<Id>2</Id>
	<Turn_from>118</Turn_from>
	<Turn_to>167</Turn_to>
	<Area_value>6,15,12,0,15,12,6,9,18,24,3,21,24,0,0,0</Area_value>
</mst_rebellionpoint>
<mst_rebellionpoint>
	<Id>3</Id>
	<Turn_from>168</Turn_from>
	<Turn_to>200</Turn_to>
	<Area_value>9,30,15,0,45,15,15,12,24,27,12,30,18,0,0,0</Area_value>
</mst_rebellionpoint>
<mst_rebellionpoint>
	<Id>4</Id>
	<Turn_from>201</Turn_from>
	<Turn_to>360</Turn_to>
	<Area_value>12,18,9,15,30,24,12,6,15,18,21,45,27,21,0,0</Area_value>
</mst_rebellionpoint>
<mst_rebellionpoint>
	<Id>5</Id>
	<Turn_from>361</Turn_from>
	<Turn_to>500</Turn_to>
	<Area_value>15,24,18,21,24,27,24,15,21,24,18,39,24,45,0,0</Area_value>
</mst_rebellionpoint>
<mst_rebellionpoint>
	<Id>6</Id>
	<Turn_from>501</Turn_from>
	<Turn_to>-1</Turn_to>
	<Area_value>30,45,40,50,50,45,50,35,45,50,45,70,60,60,50,50</Area_value>
</mst_rebellionpoint>
</mst_rebellionpoint_data>
