<?xml version="1.0" encoding="utf-8"?>
<mst_ship_class_data xmlns:i="http://www.w3.org/2001/XMLSchema-instance">
<mst_ship_class>
	<Id>1</Id>
	<Name>綾波型</Name>
</mst_ship_class>
<mst_ship_class>
	<Id>2</Id>
	<Name>伊勢型</Name>
</mst_ship_class>
<mst_ship_class>
	<Id>3</Id>
	<Name>加賀型</Name>
</mst_ship_class>
<mst_ship_class>
	<Id>4</Id>
	<Name>球磨型</Name>
</mst_ship_class>
<mst_ship_class>
	<Id>5</Id>
	<Name>暁型</Name>
</mst_ship_class>
<mst_ship_class>
	<Id>6</Id>
	<Name>金剛型</Name>
</mst_ship_class>
<mst_ship_class>
	<Id>7</Id>
	<Name>古鷹型</Name>
</mst_ship_class>
<mst_ship_class>
	<Id>8</Id>
	<Name>高雄型</Name>
</mst_ship_class>
<mst_ship_class>
	<Id>9</Id>
	<Name>最上型</Name>
</mst_ship_class>
<mst_ship_class>
	<Id>10</Id>
	<Name>初春型</Name>
</mst_ship_class>
<mst_ship_class>
	<Id>11</Id>
	<Name>祥鳳型</Name>
</mst_ship_class>
<mst_ship_class>
	<Id>12</Id>
	<Name>吹雪型</Name>
</mst_ship_class>
<mst_ship_class>
	<Id>13</Id>
	<Name>青葉型</Name>
</mst_ship_class>
<mst_ship_class>
	<Id>14</Id>
	<Name>赤城型</Name>
</mst_ship_class>
<mst_ship_class>
	<Id>15</Id>
	<Name>千歳型</Name>
</mst_ship_class>
<mst_ship_class>
	<Id>16</Id>
	<Name>川内型</Name>
</mst_ship_class>
<mst_ship_class>
	<Id>17</Id>
	<Name>蒼龍型</Name>
</mst_ship_class>
<mst_ship_class>
	<Id>18</Id>
	<Name>朝潮型</Name>
</mst_ship_class>
<mst_ship_class>
	<Id>19</Id>
	<Name>長門型</Name>
</mst_ship_class>
<mst_ship_class>
	<Id>20</Id>
	<Name>長良型</Name>
</mst_ship_class>
<mst_ship_class>
	<Id>21</Id>
	<Name>天龍型</Name>
</mst_ship_class>
<mst_ship_class>
	<Id>22</Id>
	<Name>島風型</Name>
</mst_ship_class>
<mst_ship_class>
	<Id>23</Id>
	<Name>白露型</Name>
</mst_ship_class>
<mst_ship_class>
	<Id>24</Id>
	<Name>飛鷹型</Name>
</mst_ship_class>
<mst_ship_class>
	<Id>25</Id>
	<Name>飛龍型</Name>
</mst_ship_class>
<mst_ship_class>
	<Id>26</Id>
	<Name>扶桑型</Name>
</mst_ship_class>
<mst_ship_class>
	<Id>27</Id>
	<Name>鳳翔型</Name>
</mst_ship_class>
<mst_ship_class>
	<Id>28</Id>
	<Name>睦月型</Name>
</mst_ship_class>
<mst_ship_class>
	<Id>29</Id>
	<Name>妙高型</Name>
</mst_ship_class>
<mst_ship_class>
	<Id>30</Id>
	<Name>陽炎型</Name>
</mst_ship_class>
<mst_ship_class>
	<Id>31</Id>
	<Name>利根型</Name>
</mst_ship_class>
<mst_ship_class>
	<Id>32</Id>
	<Name>龍驤型</Name>
</mst_ship_class>
<mst_ship_class>
	<Id>33</Id>
	<Name>翔鶴型</Name>
</mst_ship_class>
<mst_ship_class>
	<Id>34</Id>
	<Name>夕張型</Name>
</mst_ship_class>
<mst_ship_class>
	<Id>35</Id>
	<Name>海大VI型</Name>
</mst_ship_class>
<mst_ship_class>
	<Id>36</Id>
	<Name>巡潜乙型改二</Name>
</mst_ship_class>
<mst_ship_class>
	<Id>37</Id>
	<Name>大和型</Name>
</mst_ship_class>
<mst_ship_class>
	<Id>38</Id>
	<Name>夕雲型</Name>
</mst_ship_class>
<mst_ship_class>
	<Id>39</Id>
	<Name>巡潜乙型</Name>
</mst_ship_class>
<mst_ship_class>
	<Id>40</Id>
	<Name>巡潜３型</Name>
</mst_ship_class>
<mst_ship_class>
	<Id>41</Id>
	<Name>阿賀野型</Name>
</mst_ship_class>
<mst_ship_class>
	<Id>42</Id>
	<Name>霧の艦隊</Name>
</mst_ship_class>
<mst_ship_class>
	<Id>43</Id>
	<Name>大鳳型</Name>
</mst_ship_class>
<mst_ship_class>
	<Id>44</Id>
	<Name>潜特型</Name>
</mst_ship_class>
<mst_ship_class>
	<Id>45</Id>
	<Name>特殊船丙型</Name>
</mst_ship_class>
<mst_ship_class>
	<Id>46</Id>
	<Name>三式潜航輸送艇</Name>
</mst_ship_class>
<mst_ship_class>
	<Id>47</Id>
	<Name>Bismarck級</Name>
</mst_ship_class>
<mst_ship_class>
	<Id>48</Id>
	<Name>Z1型</Name>
</mst_ship_class>
<mst_ship_class>
	<Id>49</Id>
	<Name>明石型</Name>
</mst_ship_class>
<mst_ship_class>
	<Id>50</Id>
	<Name>大鯨型</Name>
</mst_ship_class>
<mst_ship_class>
	<Id>51</Id>
	<Name>龍鳳型</Name>
</mst_ship_class>
<mst_ship_class>
	<Id>52</Id>
	<Name>大淀型</Name>
</mst_ship_class>
<mst_ship_class>
	<Id>53</Id>
	<Name>雲龍型</Name>
</mst_ship_class>
<mst_ship_class>
	<Id>54</Id>
	<Name>秋月型</Name>
</mst_ship_class>
<mst_ship_class>
	<Id>55</Id>
	<Name>Admiral Hipper級</Name>
</mst_ship_class>
<mst_ship_class>
	<Id>56</Id>
	<Name>香取型</Name>
</mst_ship_class>
<mst_ship_class>
	<Id>57</Id>
	<Name>UボートIXC型</Name>
</mst_ship_class>
<mst_ship_class>
	<Id>58</Id>
	<Name>V.Veneto級</Name>
</mst_ship_class>
<mst_ship_class>
	<Id>59</Id>
	<Name>秋津洲型</Name>
</mst_ship_class>
<mst_ship_class>
	<Id>60</Id>
	<Name>改風早型</Name>
</mst_ship_class>
<mst_ship_class>
	<Id>61</Id>
	<Name>Maestrale級</Name>
</mst_ship_class>
<mst_ship_class>
	<Id>62</Id>
	<Name>瑞穂型</Name>
</mst_ship_class>
<mst_ship_class>
	<Id>63</Id>
	<Name>Graf Zeppelin級</Name>
</mst_ship_class>
<mst_ship_class>
	<Id>64</Id>
	<Name>Iowa級</Name>
</mst_ship_class>
</mst_ship_class_data>
