<?xml version="1.0" encoding="utf-8"?>
<mst_slotitem_equiptype_data xmlns:i="http://www.w3.org/2001/XMLSchema-instance">
<mst_slotitem_equiptype>
	<Id>1</Id>
	<Name>小口径主砲</Name>
	<Show_flg>1</Show_flg>
</mst_slotitem_equiptype>
<mst_slotitem_equiptype>
	<Id>2</Id>
	<Name>中口径主砲</Name>
	<Show_flg>1</Show_flg>
</mst_slotitem_equiptype>
<mst_slotitem_equiptype>
	<Id>3</Id>
	<Name>大口径主砲</Name>
	<Show_flg>1</Show_flg>
</mst_slotitem_equiptype>
<mst_slotitem_equiptype>
	<Id>4</Id>
	<Name>副砲</Name>
	<Show_flg>1</Show_flg>
</mst_slotitem_equiptype>
<mst_slotitem_equiptype>
	<Id>5</Id>
	<Name>魚雷</Name>
	<Show_flg>1</Show_flg>
</mst_slotitem_equiptype>
<mst_slotitem_equiptype>
	<Id>6</Id>
	<Name>艦上戦闘機</Name>
	<Show_flg>1</Show_flg>
</mst_slotitem_equiptype>
<mst_slotitem_equiptype>
	<Id>7</Id>
	<Name>艦上爆撃機</Name>
	<Show_flg>1</Show_flg>
</mst_slotitem_equiptype>
<mst_slotitem_equiptype>
	<Id>8</Id>
	<Name>艦上攻撃機</Name>
	<Show_flg>1</Show_flg>
</mst_slotitem_equiptype>
<mst_slotitem_equiptype>
	<Id>9</Id>
	<Name>艦上偵察機</Name>
	<Show_flg>1</Show_flg>
</mst_slotitem_equiptype>
<mst_slotitem_equiptype>
	<Id>10</Id>
	<Name>水上偵察機</Name>
	<Show_flg>1</Show_flg>
</mst_slotitem_equiptype>
<mst_slotitem_equiptype>
	<Id>11</Id>
	<Name>水上爆撃機</Name>
	<Show_flg>1</Show_flg>
</mst_slotitem_equiptype>
<mst_slotitem_equiptype>
	<Id>12</Id>
	<Name>小型電探</Name>
	<Show_flg>1</Show_flg>
</mst_slotitem_equiptype>
<mst_slotitem_equiptype>
	<Id>13</Id>
	<Name>大型電探</Name>
	<Show_flg>1</Show_flg>
</mst_slotitem_equiptype>
<mst_slotitem_equiptype>
	<Id>14</Id>
	<Name>ソナー</Name>
	<Show_flg>1</Show_flg>
</mst_slotitem_equiptype>
<mst_slotitem_equiptype>
	<Id>15</Id>
	<Name>爆雷</Name>
	<Show_flg>1</Show_flg>
</mst_slotitem_equiptype>
<mst_slotitem_equiptype>
	<Id>16</Id>
	<Name>追加装甲</Name>
	<Show_flg>1</Show_flg>
</mst_slotitem_equiptype>
<mst_slotitem_equiptype>
	<Id>17</Id>
	<Name>機関部強化</Name>
	<Show_flg>1</Show_flg>
</mst_slotitem_equiptype>
<mst_slotitem_equiptype>
	<Id>18</Id>
	<Name>対空強化弾</Name>
	<Show_flg>1</Show_flg>
</mst_slotitem_equiptype>
<mst_slotitem_equiptype>
	<Id>19</Id>
	<Name>対艦強化弾</Name>
	<Show_flg>1</Show_flg>
</mst_slotitem_equiptype>
<mst_slotitem_equiptype>
	<Id>20</Id>
	<Name>VT信管</Name>
	<Show_flg>1</Show_flg>
</mst_slotitem_equiptype>
<mst_slotitem_equiptype>
	<Id>21</Id>
	<Name>対空機銃</Name>
	<Show_flg>1</Show_flg>
</mst_slotitem_equiptype>
<mst_slotitem_equiptype>
	<Id>22</Id>
	<Name>特殊潜航艇</Name>
	<Show_flg>1</Show_flg>
</mst_slotitem_equiptype>
<mst_slotitem_equiptype>
	<Id>23</Id>
	<Name>応急修理要員</Name>
	<Show_flg>1</Show_flg>
</mst_slotitem_equiptype>
<mst_slotitem_equiptype>
	<Id>24</Id>
	<Name>上陸用舟艇</Name>
	<Show_flg>1</Show_flg>
</mst_slotitem_equiptype>
<mst_slotitem_equiptype>
	<Id>25</Id>
	<Name>オートジャイロ</Name>
	<Show_flg>1</Show_flg>
</mst_slotitem_equiptype>
<mst_slotitem_equiptype>
	<Id>26</Id>
	<Name>対潜哨戒機</Name>
	<Show_flg>1</Show_flg>
</mst_slotitem_equiptype>
<mst_slotitem_equiptype>
	<Id>27</Id>
	<Name>追加装甲(中型)</Name>
	<Show_flg>1</Show_flg>
</mst_slotitem_equiptype>
<mst_slotitem_equiptype>
	<Id>28</Id>
	<Name>追加装甲(大型)</Name>
	<Show_flg>1</Show_flg>
</mst_slotitem_equiptype>
<mst_slotitem_equiptype>
	<Id>29</Id>
	<Name>探照灯</Name>
	<Show_flg>0</Show_flg>
</mst_slotitem_equiptype>
<mst_slotitem_equiptype>
	<Id>30</Id>
	<Name>簡易輸送部材</Name>
	<Show_flg>1</Show_flg>
</mst_slotitem_equiptype>
<mst_slotitem_equiptype>
	<Id>31</Id>
	<Name>艦艇修理施設</Name>
	<Show_flg>0</Show_flg>
</mst_slotitem_equiptype>
<mst_slotitem_equiptype>
	<Id>32</Id>
	<Name>潜水艦魚雷</Name>
	<Show_flg>1</Show_flg>
</mst_slotitem_equiptype>
<mst_slotitem_equiptype>
	<Id>33</Id>
	<Name>照明弾</Name>
	<Show_flg>0</Show_flg>
</mst_slotitem_equiptype>
<mst_slotitem_equiptype>
	<Id>34</Id>
	<Name>司令部施設</Name>
	<Show_flg>0</Show_flg>
</mst_slotitem_equiptype>
<mst_slotitem_equiptype>
	<Id>35</Id>
	<Name>航空要員</Name>
	<Show_flg>0</Show_flg>
</mst_slotitem_equiptype>
<mst_slotitem_equiptype>
	<Id>36</Id>
	<Name>高射装置</Name>
	<Show_flg>0</Show_flg>
</mst_slotitem_equiptype>
<mst_slotitem_equiptype>
	<Id>37</Id>
	<Name>対地装備</Name>
	<Show_flg>0</Show_flg>
</mst_slotitem_equiptype>
<mst_slotitem_equiptype>
	<Id>38</Id>
	<Name>大口径主砲（II）</Name>
	<Show_flg>0</Show_flg>
</mst_slotitem_equiptype>
<mst_slotitem_equiptype>
	<Id>39</Id>
	<Name>水上艦要員</Name>
	<Show_flg>0</Show_flg>
</mst_slotitem_equiptype>
<mst_slotitem_equiptype>
	<Id>40</Id>
	<Name>大型ソナー</Name>
	<Show_flg>0</Show_flg>
</mst_slotitem_equiptype>
<mst_slotitem_equiptype>
	<Id>41</Id>
	<Name>大型飛行艇</Name>
	<Show_flg>0</Show_flg>
</mst_slotitem_equiptype>
<mst_slotitem_equiptype>
	<Id>42</Id>
	<Name>大型探照灯</Name>
	<Show_flg>0</Show_flg>
</mst_slotitem_equiptype>
<mst_slotitem_equiptype>
	<Id>43</Id>
	<Name>戦闘糧食</Name>
	<Show_flg>0</Show_flg>
</mst_slotitem_equiptype>
<mst_slotitem_equiptype>
	<Id>44</Id>
	<Name>補給物資</Name>
	<Show_flg>0</Show_flg>
</mst_slotitem_equiptype>
<mst_slotitem_equiptype>
	<Id>93</Id>
	<Name>大型電探（II）</Name>
	<Show_flg>0</Show_flg>
</mst_slotitem_equiptype>
<mst_slotitem_equiptype>
	<Id>94</Id>
	<Name>艦上偵察機（II）</Name>
	<Show_flg>0</Show_flg>
</mst_slotitem_equiptype>
</mst_slotitem_equiptype_data>
