<?xml version="1.0" encoding="utf-8"?>
<mst_createship_change_data xmlns:i="http://www.w3.org/2001/XMLSchema-instance">
<mst_createship_change>
	<Id>1</Id>
	<Flag_ship_id>174</Flag_ship_id>
	<Ship_create_id>203</Ship_create_id>
	<Changed_ship_id>175</Changed_ship_id>
</mst_createship_change>
<mst_createship_change>
	<Id>2</Id>
	<Flag_ship_id>174</Flag_ship_id>
	<Ship_create_id>282</Ship_create_id>
	<Changed_ship_id>175</Changed_ship_id>
</mst_createship_change>
<mst_createship_change>
	<Id>3</Id>
	<Flag_ship_id>310</Flag_ship_id>
	<Ship_create_id>203</Ship_create_id>
	<Changed_ship_id>175</Changed_ship_id>
</mst_createship_change>
<mst_createship_change>
	<Id>4</Id>
	<Flag_ship_id>310</Flag_ship_id>
	<Ship_create_id>282</Ship_create_id>
	<Changed_ship_id>175</Changed_ship_id>
</mst_createship_change>
<mst_createship_change>
	<Id>5</Id>
	<Flag_ship_id>179</Flag_ship_id>
	<Ship_create_id>203</Ship_create_id>
	<Changed_ship_id>175</Changed_ship_id>
</mst_createship_change>
<mst_createship_change>
	<Id>6</Id>
	<Flag_ship_id>179</Flag_ship_id>
	<Ship_create_id>282</Ship_create_id>
	<Changed_ship_id>175</Changed_ship_id>
</mst_createship_change>
<mst_createship_change>
	<Id>7</Id>
	<Flag_ship_id>175</Flag_ship_id>
	<Ship_create_id>204</Ship_create_id>
	<Changed_ship_id>174</Changed_ship_id>
</mst_createship_change>
<mst_createship_change>
	<Id>8</Id>
	<Flag_ship_id>175</Flag_ship_id>
	<Ship_create_id>283</Ship_create_id>
	<Changed_ship_id>174</Changed_ship_id>
</mst_createship_change>
<mst_createship_change>
	<Id>9</Id>
	<Flag_ship_id>311</Flag_ship_id>
	<Ship_create_id>204</Ship_create_id>
	<Changed_ship_id>174</Changed_ship_id>
</mst_createship_change>
<mst_createship_change>
	<Id>10</Id>
	<Flag_ship_id>311</Flag_ship_id>
	<Ship_create_id>283</Ship_create_id>
	<Changed_ship_id>174</Changed_ship_id>
</mst_createship_change>
<mst_createship_change>
	<Id>11</Id>
	<Flag_ship_id>180</Flag_ship_id>
	<Ship_create_id>204</Ship_create_id>
	<Changed_ship_id>174</Changed_ship_id>
</mst_createship_change>
<mst_createship_change>
	<Id>12</Id>
	<Flag_ship_id>180</Flag_ship_id>
	<Ship_create_id>283</Ship_create_id>
	<Changed_ship_id>174</Changed_ship_id>
</mst_createship_change>
</mst_createship_change_data>
