<?xml version="1.0" encoding="utf-8"?>
<mst_stype_group_data xmlns:i="http://www.w3.org/2001/XMLSchema-instance">
<mst_stype_group>
	<Id>1</Id>
	<Createitem>1</Createitem>
	<Support>0</Support>
	<Mission>0</Mission>
	<Escort>1</Escort>
</mst_stype_group>
<mst_stype_group>
	<Id>2</Id>
	<Createitem>1</Createitem>
	<Support>6</Support>
	<Mission>3</Mission>
	<Escort>1</Escort>
</mst_stype_group>
<mst_stype_group>
	<Id>3</Id>
	<Createitem>1</Createitem>
	<Support>5</Support>
	<Mission>2</Mission>
	<Escort>1</Escort>
</mst_stype_group>
<mst_stype_group>
	<Id>4</Id>
	<Createitem>1</Createitem>
	<Support>2</Support>
	<Mission>0</Mission>
	<Escort>0</Escort>
</mst_stype_group>
<mst_stype_group>
	<Id>5</Id>
	<Createitem>2</Createitem>
	<Support>4</Support>
	<Mission>5</Mission>
	<Escort>0</Escort>
</mst_stype_group>
<mst_stype_group>
	<Id>6</Id>
	<Createitem>3</Createitem>
	<Support>4</Support>
	<Mission>0</Mission>
	<Escort>1</Escort>
</mst_stype_group>
<mst_stype_group>
	<Id>7</Id>
	<Createitem>3</Createitem>
	<Support>1</Support>
	<Mission>1</Mission>
	<Escort>1</Escort>
</mst_stype_group>
<mst_stype_group>
	<Id>8</Id>
	<Createitem>2</Createitem>
	<Support>3</Support>
	<Mission>0</Mission>
	<Escort>0</Escort>
</mst_stype_group>
<mst_stype_group>
	<Id>9</Id>
	<Createitem>2</Createitem>
	<Support>3</Support>
	<Mission>0</Mission>
	<Escort>0</Escort>
</mst_stype_group>
<mst_stype_group>
	<Id>10</Id>
	<Createitem>3</Createitem>
	<Support>3</Support>
	<Mission>4</Mission>
	<Escort>1</Escort>
</mst_stype_group>
<mst_stype_group>
	<Id>11</Id>
	<Createitem>3</Createitem>
	<Support>1</Support>
	<Mission>1</Mission>
	<Escort>0</Escort>
</mst_stype_group>
<mst_stype_group>
	<Id>12</Id>
	<Createitem>2</Createitem>
	<Support>0</Support>
	<Mission>0</Mission>
	<Escort>0</Escort>
</mst_stype_group>
<mst_stype_group>
	<Id>13</Id>
	<Createitem>1</Createitem>
	<Support>0</Support>
	<Mission>6</Mission>
	<Escort>0</Escort>
</mst_stype_group>
<mst_stype_group>
	<Id>14</Id>
	<Createitem>3</Createitem>
	<Support>0</Support>
	<Mission>6</Mission>
	<Escort>0</Escort>
</mst_stype_group>
<mst_stype_group>
	<Id>15</Id>
	<Createitem>1</Createitem>
	<Support>0</Support>
	<Mission>7</Mission>
	<Escort>0</Escort>
</mst_stype_group>
<mst_stype_group>
	<Id>16</Id>
	<Createitem>3</Createitem>
	<Support>1</Support>
	<Mission>8</Mission>
	<Escort>1</Escort>
</mst_stype_group>
<mst_stype_group>
	<Id>17</Id>
	<Createitem>3</Createitem>
	<Support>1</Support>
	<Mission>0</Mission>
	<Escort>1</Escort>
</mst_stype_group>
<mst_stype_group>
	<Id>18</Id>
	<Createitem>3</Createitem>
	<Support>1</Support>
	<Mission>1</Mission>
	<Escort>0</Escort>
</mst_stype_group>
<mst_stype_group>
	<Id>19</Id>
	<Createitem>2</Createitem>
	<Support>0</Support>
	<Mission>0</Mission>
	<Escort>0</Escort>
</mst_stype_group>
<mst_stype_group>
	<Id>20</Id>
	<Createitem>3</Createitem>
	<Support>0</Support>
	<Mission>9</Mission>
	<Escort>0</Escort>
</mst_stype_group>
<mst_stype_group>
	<Id>21</Id>
	<Createitem>1</Createitem>
	<Support>0</Support>
	<Mission>0</Mission>
	<Escort>1</Escort>
</mst_stype_group>
<mst_stype_group>
	<Id>22</Id>
	<Createitem>1</Createitem>
	<Support>0</Support>
	<Mission>0</Mission>
	<Escort>0</Escort>
</mst_stype_group>
</mst_stype_group_data>
