<?xml version="1.0" encoding="utf-8"?>
<mst_useitem_data xmlns:i="http://www.w3.org/2001/XMLSchema-instance">
<mst_useitem>
	<Id>1</Id>
	<Usetype>1</Usetype>
	<Category>1</Category>
	<Name>高速修復材</Name>
	<Description />
	<Description2 />
	<Price>0</Price>
</mst_useitem>
<mst_useitem>
	<Id>2</Id>
	<Usetype>2</Usetype>
	<Category>2</Category>
	<Name>高速建造材</Name>
	<Description />
	<Description2 />
	<Price>0</Price>
</mst_useitem>
<mst_useitem>
	<Id>3</Id>
	<Usetype>3</Usetype>
	<Category>3</Category>
	<Name>開発資材</Name>
	<Description />
	<Description2 />
	<Price>0</Price>
</mst_useitem>
<mst_useitem>
	<Id>4</Id>
	<Usetype>3</Usetype>
	<Category>4</Category>
	<Name>改修資材</Name>
	<Description />
	<Description2 />
	<Price>0</Price>
</mst_useitem>
<mst_useitem>
	<Id>5</Id>
	<Usetype>4</Usetype>
	<Category>4</Category>
	<Name />
	<Description />
	<Description2 />
	<Price>0</Price>
</mst_useitem>
<mst_useitem>
	<Id>6</Id>
	<Usetype>4</Usetype>
	<Category>4</Category>
	<Name />
	<Description />
	<Description2 />
	<Price>0</Price>
</mst_useitem>
<mst_useitem>
	<Id>7</Id>
	<Usetype>4</Usetype>
	<Category>5</Category>
	<Name />
	<Description />
	<Description2 />
	<Price>0</Price>
</mst_useitem>
<mst_useitem>
	<Id>8</Id>
	<Usetype>4</Usetype>
	<Category>5</Category>
	<Name />
	<Description />
	<Description2 />
	<Price>0</Price>
</mst_useitem>
<mst_useitem>
	<Id>9</Id>
	<Usetype>4</Usetype>
	<Category>5</Category>
	<Name />
	<Description />
	<Description2 />
	<Price>0</Price>
</mst_useitem>
<mst_useitem>
	<Id>10</Id>
	<Usetype>4</Usetype>
	<Category>6</Category>
	<Name>家具箱（小）</Name>
	<Description />
	<Description2>200</Description2>
	<Price>0</Price>
</mst_useitem>
<mst_useitem>
	<Id>11</Id>
	<Usetype>4</Usetype>
	<Category>6</Category>
	<Name>家具箱（中）</Name>
	<Description />
	<Description2>400</Description2>
	<Price>0</Price>
</mst_useitem>
<mst_useitem>
	<Id>12</Id>
	<Usetype>4</Usetype>
	<Category>6</Category>
	<Name>家具箱（大）</Name>
	<Description />
	<Description2>700</Description2>
	<Price>0</Price>
</mst_useitem>
<mst_useitem>
	<Id>13</Id>
	<Usetype>4</Usetype>
	<Category>7</Category>
	<Name />
	<Description />
	<Description2 />
	<Price>0</Price>
</mst_useitem>
<mst_useitem>
	<Id>14</Id>
	<Usetype>4</Usetype>
	<Category>7</Category>
	<Name />
	<Description />
	<Description2 />
	<Price>0</Price>
</mst_useitem>
<mst_useitem>
	<Id>15</Id>
	<Usetype>4</Usetype>
	<Category>8</Category>
	<Name />
	<Description />
	<Description2 />
	<Price>0</Price>
</mst_useitem>
<mst_useitem>
	<Id>16</Id>
	<Usetype>5</Usetype>
	<Category>9</Category>
	<Name />
	<Description />
	<Description2 />
	<Price>0</Price>
</mst_useitem>
<mst_useitem>
	<Id>17</Id>
	<Usetype>5</Usetype>
	<Category>9</Category>
	<Name />
	<Description />
	<Description2 />
	<Price>0</Price>
</mst_useitem>
<mst_useitem>
	<Id>18</Id>
	<Usetype>5</Usetype>
	<Category>10</Category>
	<Name />
	<Description />
	<Description2 />
	<Price>0</Price>
</mst_useitem>
<mst_useitem>
	<Id>19</Id>
	<Usetype>5</Usetype>
	<Category>10</Category>
	<Name />
	<Description />
	<Description2 />
	<Price>0</Price>
</mst_useitem>
<mst_useitem>
	<Id>20</Id>
	<Usetype>5</Usetype>
	<Category>11</Category>
	<Name />
	<Description />
	<Description2 />
	<Price>0</Price>
</mst_useitem>
<mst_useitem>
	<Id>21</Id>
	<Usetype>5</Usetype>
	<Category>11</Category>
	<Name />
	<Description />
	<Description2 />
	<Price>0</Price>
</mst_useitem>
<mst_useitem>
	<Id>22</Id>
	<Usetype>5</Usetype>
	<Category>11</Category>
	<Name />
	<Description />
	<Description2 />
	<Price>0</Price>
</mst_useitem>
<mst_useitem>
	<Id>23</Id>
	<Usetype>5</Usetype>
	<Category>12</Category>
	<Name />
	<Description />
	<Description2 />
	<Price>0</Price>
</mst_useitem>
<mst_useitem>
	<Id>24</Id>
	<Usetype>5</Usetype>
	<Category>12</Category>
	<Name />
	<Description />
	<Description2 />
	<Price>0</Price>
</mst_useitem>
<mst_useitem>
	<Id>25</Id>
	<Usetype>5</Usetype>
	<Category>13</Category>
	<Name />
	<Description />
	<Description2 />
	<Price>0</Price>
</mst_useitem>
<mst_useitem>
	<Id>26</Id>
	<Usetype>5</Usetype>
	<Category>13</Category>
	<Name />
	<Description />
	<Description2 />
	<Price>0</Price>
</mst_useitem>
<mst_useitem>
	<Id>27</Id>
	<Usetype>5</Usetype>
	<Category>14</Category>
	<Name />
	<Description />
	<Description2 />
	<Price>0</Price>
</mst_useitem>
<mst_useitem>
	<Id>28</Id>
	<Usetype>5</Usetype>
	<Category>15</Category>
	<Name />
	<Description />
	<Description2 />
	<Price>0</Price>
</mst_useitem>
<mst_useitem>
	<Id>29</Id>
	<Usetype>5</Usetype>
	<Category>15</Category>
	<Name />
	<Description />
	<Description2 />
	<Price>0</Price>
</mst_useitem>
<mst_useitem>
	<Id>30</Id>
	<Usetype>5</Usetype>
	<Category>15</Category>
	<Name />
	<Description />
	<Description2 />
	<Price>0</Price>
</mst_useitem>
<mst_useitem>
	<Id>31</Id>
	<Usetype>6</Usetype>
	<Category>16</Category>
	<Name>燃料</Name>
	<Description />
	<Description2 />
	<Price>0</Price>
</mst_useitem>
<mst_useitem>
	<Id>32</Id>
	<Usetype>6</Usetype>
	<Category>17</Category>
	<Name>弾薬</Name>
	<Description />
	<Description2 />
	<Price>0</Price>
</mst_useitem>
<mst_useitem>
	<Id>33</Id>
	<Usetype>6</Usetype>
	<Category>18</Category>
	<Name>鋼材</Name>
	<Description />
	<Description2 />
	<Price>0</Price>
</mst_useitem>
<mst_useitem>
	<Id>34</Id>
	<Usetype>6</Usetype>
	<Category>19</Category>
	<Name>ボーキサイト</Name>
	<Description />
	<Description2 />
	<Price>0</Price>
</mst_useitem>
<mst_useitem>
	<Id>35</Id>
	<Usetype>7</Usetype>
	<Category>20</Category>
	<Name />
	<Description />
	<Description2 />
	<Price>0</Price>
</mst_useitem>
<mst_useitem>
	<Id>36</Id>
	<Usetype>7</Usetype>
	<Category>20</Category>
	<Name />
	<Description />
	<Description2 />
	<Price>0</Price>
</mst_useitem>
<mst_useitem>
	<Id>37</Id>
	<Usetype>7</Usetype>
	<Category>20</Category>
	<Name />
	<Description />
	<Description2 />
	<Price>0</Price>
</mst_useitem>
<mst_useitem>
	<Id>38</Id>
	<Usetype>7</Usetype>
	<Category>20</Category>
	<Name />
	<Description />
	<Description2 />
	<Price>0</Price>
</mst_useitem>
<mst_useitem>
	<Id>39</Id>
	<Usetype>7</Usetype>
	<Category>20</Category>
	<Name />
	<Description />
	<Description2 />
	<Price>0</Price>
</mst_useitem>
<mst_useitem>
	<Id>40</Id>
	<Usetype>7</Usetype>
	<Category>20</Category>
	<Name />
	<Description />
	<Description2 />
	<Price>0</Price>
</mst_useitem>
<mst_useitem>
	<Id>41</Id>
	<Usetype>7</Usetype>
	<Category>20</Category>
	<Name />
	<Description />
	<Description2 />
	<Price>0</Price>
</mst_useitem>
<mst_useitem>
	<Id>42</Id>
	<Usetype>7</Usetype>
	<Category>20</Category>
	<Name />
	<Description />
	<Description2 />
	<Price>0</Price>
</mst_useitem>
<mst_useitem>
	<Id>43</Id>
	<Usetype>7</Usetype>
	<Category>20</Category>
	<Name />
	<Description />
	<Description2 />
	<Price>0</Price>
</mst_useitem>
<mst_useitem>
	<Id>44</Id>
	<Usetype>6</Usetype>
	<Category>21</Category>
	<Name>家具コイン</Name>
	<Description />
	<Description2 />
	<Price>0</Price>
</mst_useitem>
<mst_useitem>
	<Id>45</Id>
	<Usetype>6</Usetype>
	<Category>16</Category>
	<Name />
	<Description />
	<Description2 />
	<Price>0</Price>
</mst_useitem>
<mst_useitem>
	<Id>46</Id>
	<Usetype>6</Usetype>
	<Category>17</Category>
	<Name />
	<Description />
	<Description2 />
	<Price>0</Price>
</mst_useitem>
<mst_useitem>
	<Id>47</Id>
	<Usetype>6</Usetype>
	<Category>18</Category>
	<Name />
	<Description />
	<Description2 />
	<Price>0</Price>
</mst_useitem>
<mst_useitem>
	<Id>48</Id>
	<Usetype>6</Usetype>
	<Category>19</Category>
	<Name />
	<Description />
	<Description2 />
	<Price>0</Price>
</mst_useitem>
<mst_useitem>
	<Id>49</Id>
	<Usetype>0</Usetype>
	<Category>0</Category>
	<Name>ドック開放キー</Name>
	<Description />
	<Description2 />
	<Price>0</Price>
</mst_useitem>
<mst_useitem>
	<Id>50</Id>
	<Usetype>0</Usetype>
	<Category>0</Category>
	<Name>応急修理要員</Name>
	<Description />
	<Description2 />
	<Price>0</Price>
</mst_useitem>
<mst_useitem>
	<Id>51</Id>
	<Usetype>0</Usetype>
	<Category>0</Category>
	<Name>応急修理女神</Name>
	<Description />
	<Description2 />
	<Price>0</Price>
</mst_useitem>
<mst_useitem>
	<Id>52</Id>
	<Usetype>0</Usetype>
	<Category>0</Category>
	<Name>特注家具職人</Name>
	<Description />
	<Description2 />
	<Price>0</Price>
</mst_useitem>
<mst_useitem>
	<Id>53</Id>
	<Usetype>4</Usetype>
	<Category>0</Category>
	<Name>母港拡張</Name>
	<Description />
	<Description2 />
	<Price>0</Price>
</mst_useitem>
<mst_useitem>
	<Id>54</Id>
	<Usetype>0</Usetype>
	<Category>0</Category>
	<Name>給糧艦「間宮」</Name>
	<Description />
	<Description2 />
	<Price>0</Price>
</mst_useitem>
<mst_useitem>
	<Id>55</Id>
	<Usetype>0</Usetype>
	<Category>0</Category>
	<Name>書類一式＆指輪</Name>
	<Description />
	<Description2 />
	<Price>0</Price>
</mst_useitem>
<mst_useitem>
	<Id>56</Id>
	<Usetype>4</Usetype>
	<Category>0</Category>
	<Name>艦娘からのチョコ</Name>
	<Description />
	<Description2 />
	<Price>0</Price>
</mst_useitem>
<mst_useitem>
	<Id>57</Id>
	<Usetype>4</Usetype>
	<Category>0</Category>
	<Name>勲章</Name>
	<Description />
	<Description2 />
	<Price>0</Price>
</mst_useitem>
<mst_useitem>
	<Id>58</Id>
	<Usetype>0</Usetype>
	<Category>0</Category>
	<Name>改装設計図</Name>
	<Description />
	<Description2 />
	<Price>0</Price>
</mst_useitem>
<mst_useitem>
	<Id>59</Id>
	<Usetype>0</Usetype>
	<Category>0</Category>
	<Name>給糧艦「伊良湖」</Name>
	<Description />
	<Description2 />
	<Price>0</Price>
</mst_useitem>
<mst_useitem>
	<Id>60</Id>
	<Usetype>4</Usetype>
	<Category>0</Category>
	<Name>プレゼント箱</Name>
	<Description />
	<Description2 />
	<Price>0</Price>
</mst_useitem>
<mst_useitem>
	<Id>61</Id>
	<Usetype>4</Usetype>
	<Category>0</Category>
	<Name>甲種勲章</Name>
	<Description />
	<Description2 />
	<Price>0</Price>
</mst_useitem>
<mst_useitem>
	<Id>62</Id>
	<Usetype>4</Usetype>
	<Category>0</Category>
	<Name>菱餅</Name>
	<Description />
	<Description2 />
	<Price>0</Price>
</mst_useitem>
<mst_useitem>
	<Id>63</Id>
	<Usetype>4</Usetype>
	<Category>0</Category>
	<Name>司令部要員</Name>
	<Description />
	<Description2 />
	<Price>0</Price>
</mst_useitem>
<mst_useitem>
	<Id>64</Id>
	<Usetype>0</Usetype>
	<Category>0</Category>
	<Name>補強増設</Name>
	<Description />
	<Description2 />
	<Price>0</Price>
</mst_useitem>
<mst_useitem>
	<Id>65</Id>
	<Usetype>0</Usetype>
	<Category>0</Category>
	<Name>試製甲板カタパルト</Name>
	<Description />
	<Description2 />
	<Price>0</Price>
</mst_useitem>
<mst_useitem>
	<Id>66</Id>
	<Usetype>0</Usetype>
	<Category>0</Category>
	<Name>戦闘糧食</Name>
	<Description />
	<Description2 />
	<Price>0</Price>
</mst_useitem>
<mst_useitem>
	<Id>67</Id>
	<Usetype>0</Usetype>
	<Category>0</Category>
	<Name>洋上補給</Name>
	<Description />
	<Description2 />
	<Price>0</Price>
</mst_useitem>
<mst_useitem>
	<Id>68</Id>
	<Usetype>4</Usetype>
	<Category>0</Category>
	<Name>秋刀魚</Name>
	<Description />
	<Description2 />
	<Price>0</Price>
</mst_useitem>
<mst_useitem>
	<Id>69</Id>
	<Usetype>0</Usetype>
	<Category>0</Category>
	<Name>秋刀魚の缶詰</Name>
	<Description />
	<Description2 />
	<Price>0</Price>
</mst_useitem>
<mst_useitem>
	<Id>70</Id>
	<Usetype>0</Usetype>
	<Category>0</Category>
	<Name>熟練搭乗員</Name>
	<Description />
	<Description2 />
	<Price>0</Price>
</mst_useitem>
</mst_useitem_data>
