<?xml version="1.0" encoding="utf-8"?>
<mst_furniture_data xmlns:i="http://www.w3.org/2001/XMLSchema-instance">
<mst_furniture>
	<Id>1</Id>
	<Type>0</Type>
	<No>0</No>
	<Title>鎮守府の床</Title>
	<Description />
	<Rarity>0</Rarity>
	<Price>0</Price>
	<Season>0</Season>
	<Sale_from>0</Sale_from>
	<Sale_to>0</Sale_to>
</mst_furniture>
<mst_furniture>
	<Id>2</Id>
	<Type>0</Type>
	<No>1</No>
	<Title>ナチュラルな床</Title>
	<Description />
	<Rarity>1</Rarity>
	<Price>50</Price>
	<Season>0</Season>
	<Sale_from>1</Sale_from>
	<Sale_to>12</Sale_to>
</mst_furniture>
<mst_furniture>
	<Id>3</Id>
	<Type>0</Type>
	<No>2</No>
	<Title>桜舞う春のフローリング</Title>
	<Description />
	<Rarity>3</Rarity>
	<Price>1700</Price>
	<Season>0</Season>
	<Sale_from>0</Sale_from>
	<Sale_to>0</Sale_to>
</mst_furniture>
<mst_furniture>
	<Id>4</Id>
	<Type>0</Type>
	<No>3</No>
	<Title>新緑のフローリング</Title>
	<Description />
	<Rarity>3</Rarity>
	<Price>1300</Price>
	<Season>0</Season>
	<Sale_from>0</Sale_from>
	<Sale_to>0</Sale_to>
</mst_furniture>
<mst_furniture>
	<Id>5</Id>
	<Type>0</Type>
	<No>4</No>
	<Title>高級フローリング</Title>
	<Description />
	<Rarity>1</Rarity>
	<Price>100</Price>
	<Season>0</Season>
	<Sale_from>1</Sale_from>
	<Sale_to>12</Sale_to>
</mst_furniture>
<mst_furniture>
	<Id>6</Id>
	<Type>0</Type>
	<No>5</No>
	<Title>砂浜の床</Title>
	<Description />
	<Rarity>4</Rarity>
	<Price>2000</Price>
	<Season>0</Season>
	<Sale_from>1</Sale_from>
	<Sale_to>12</Sale_to>
</mst_furniture>
<mst_furniture>
	<Id>7</Id>
	<Type>0</Type>
	<No>6</No>
	<Title>ブルーカーペット</Title>
	<Description />
	<Rarity>1</Rarity>
	<Price>150</Price>
	<Season>0</Season>
	<Sale_from>1</Sale_from>
	<Sale_to>12</Sale_to>
</mst_furniture>
<mst_furniture>
	<Id>8</Id>
	<Type>0</Type>
	<No>7</No>
	<Title>明るいウッドタイルの床</Title>
	<Description />
	<Rarity>0</Rarity>
	<Price>0</Price>
	<Season>0</Season>
	<Sale_from>0</Sale_from>
	<Sale_to>0</Sale_to>
</mst_furniture>
<mst_furniture>
	<Id>9</Id>
	<Type>0</Type>
	<No>8</No>
	<Title>白い石板タイル</Title>
	<Description />
	<Rarity>1</Rarity>
	<Price>150</Price>
	<Season>0</Season>
	<Sale_from>1</Sale_from>
	<Sale_to>12</Sale_to>
</mst_furniture>
<mst_furniture>
	<Id>10</Id>
	<Type>0</Type>
	<No>9</No>
	<Title>暗めのウッドタイルの床</Title>
	<Description />
	<Rarity>0</Rarity>
	<Price>0</Price>
	<Season>0</Season>
	<Sale_from>0</Sale_from>
	<Sale_to>0</Sale_to>
</mst_furniture>
<mst_furniture>
	<Id>11</Id>
	<Type>0</Type>
	<No>10</No>
	<Title>黒いタイルの床</Title>
	<Description />
	<Rarity>0</Rarity>
	<Price>0</Price>
	<Season>0</Season>
	<Sale_from>0</Sale_from>
	<Sale_to>0</Sale_to>
</mst_furniture>
<mst_furniture>
	<Id>12</Id>
	<Type>0</Type>
	<No>11</No>
	<Title>小花柄カーペット</Title>
	<Description />
	<Rarity>2</Rarity>
	<Price>200</Price>
	<Season>0</Season>
	<Sale_from>1</Sale_from>
	<Sale_to>12</Sale_to>
</mst_furniture>
<mst_furniture>
	<Id>13</Id>
	<Type>0</Type>
	<No>12</No>
	<Title>青の小花柄のカーペット</Title>
	<Description />
	<Rarity>0</Rarity>
	<Price>0</Price>
	<Season>0</Season>
	<Sale_from>0</Sale_from>
	<Sale_to>0</Sale_to>
</mst_furniture>
<mst_furniture>
	<Id>14</Id>
	<Type>0</Type>
	<No>13</No>
	<Title>桜の床</Title>
	<Description />
	<Rarity>5</Rarity>
	<Price>20000</Price>
	<Season>0</Season>
	<Sale_from>0</Sale_from>
	<Sale_to>0</Sale_to>
</mst_furniture>
<mst_furniture>
	<Id>15</Id>
	<Type>0</Type>
	<No>14</No>
	<Title>紫の小花柄のカーペット</Title>
	<Description />
	<Rarity>0</Rarity>
	<Price>0</Price>
	<Season>0</Season>
	<Sale_from>0</Sale_from>
	<Sale_to>0</Sale_to>
</mst_furniture>
<mst_furniture>
	<Id>16</Id>
	<Type>0</Type>
	<No>15</No>
	<Title>モダンな床</Title>
	<Description />
	<Rarity>0</Rarity>
	<Price>0</Price>
	<Season>0</Season>
	<Sale_from>0</Sale_from>
	<Sale_to>0</Sale_to>
</mst_furniture>
<mst_furniture>
	<Id>17</Id>
	<Type>0</Type>
	<No>16</No>
	<Title>ピンクの床</Title>
	<Description />
	<Rarity>1</Rarity>
	<Price>1200</Price>
	<Season>0</Season>
	<Sale_from>1</Sale_from>
	<Sale_to>12</Sale_to>
</mst_furniture>
<mst_furniture>
	<Id>18</Id>
	<Type>0</Type>
	<No>17</No>
	<Title>エスニックなマット</Title>
	<Description />
	<Rarity>0</Rarity>
	<Price>0</Price>
	<Season>0</Season>
	<Sale_from>0</Sale_from>
	<Sale_to>0</Sale_to>
</mst_furniture>
<mst_furniture>
	<Id>19</Id>
	<Type>0</Type>
	<No>18</No>
	<Title>フェミニンなマット</Title>
	<Description />
	<Rarity>0</Rarity>
	<Price>0</Price>
	<Season>0</Season>
	<Sale_from>0</Sale_from>
	<Sale_to>0</Sale_to>
</mst_furniture>
<mst_furniture>
	<Id>20</Id>
	<Type>0</Type>
	<No>19</No>
	<Title>西欧風カーペット</Title>
	<Description />
	<Rarity>3</Rarity>
	<Price>300</Price>
	<Season>0</Season>
	<Sale_from>0</Sale_from>
	<Sale_to>0</Sale_to>
</mst_furniture>
<mst_furniture>
	<Id>21</Id>
	<Type>0</Type>
	<No>20</No>
	<Title>真っ赤な高級絨毯</Title>
	<Description />
	<Rarity>2</Rarity>
	<Price>800</Price>
	<Season>0</Season>
	<Sale_from>1</Sale_from>
	<Sale_to>12</Sale_to>
</mst_furniture>
<mst_furniture>
	<Id>22</Id>
	<Type>0</Type>
	<No>21</No>
	<Title>真っ白なフワフワ絨毯</Title>
	<Description />
	<Rarity>3</Rarity>
	<Price>1500</Price>
	<Season>0</Season>
	<Sale_from>1</Sale_from>
	<Sale_to>12</Sale_to>
</mst_furniture>
<mst_furniture>
	<Id>23</Id>
	<Type>0</Type>
	<No>22</No>
	<Title>雪原の床</Title>
	<Description />
	<Rarity>5</Rarity>
	<Price>3300</Price>
	<Season>0</Season>
	<Sale_from>1</Sale_from>
	<Sale_to>12</Sale_to>
</mst_furniture>
<mst_furniture>
	<Id>24</Id>
	<Type>0</Type>
	<No>23</No>
	<Title>春色の床</Title>
	<Description />
	<Rarity>4</Rarity>
	<Price>1500</Price>
	<Season>0</Season>
	<Sale_from>0</Sale_from>
	<Sale_to>0</Sale_to>
</mst_furniture>
<mst_furniture>
	<Id>25</Id>
	<Type>0</Type>
	<No>24</No>
	<Title>青畳</Title>
	<Description />
	<Rarity>3</Rarity>
	<Price>500</Price>
	<Season>0</Season>
	<Sale_from>1</Sale_from>
	<Sale_to>12</Sale_to>
</mst_furniture>
<mst_furniture>
	<Id>26</Id>
	<Type>0</Type>
	<No>25</No>
	<Title>白い高級大理石床</Title>
	<Description />
	<Rarity>3</Rarity>
	<Price>2200</Price>
	<Season>0</Season>
	<Sale_from>1</Sale_from>
	<Sale_to>12</Sale_to>
</mst_furniture>
<mst_furniture>
	<Id>27</Id>
	<Type>0</Type>
	<No>26</No>
	<Title>朱色の床</Title>
	<Description />
	<Rarity>0</Rarity>
	<Price>0</Price>
	<Season>0</Season>
	<Sale_from>0</Sale_from>
	<Sale_to>0</Sale_to>
</mst_furniture>
<mst_furniture>
	<Id>28</Id>
	<Type>0</Type>
	<No>27</No>
	<Title>真っ青な床</Title>
	<Description />
	<Rarity>0</Rarity>
	<Price>0</Price>
	<Season>0</Season>
	<Sale_from>0</Sale_from>
	<Sale_to>0</Sale_to>
</mst_furniture>
<mst_furniture>
	<Id>29</Id>
	<Type>0</Type>
	<No>28</No>
	<Title>緑の床</Title>
	<Description />
	<Rarity>0</Rarity>
	<Price>0</Price>
	<Season>0</Season>
	<Sale_from>0</Sale_from>
	<Sale_to>0</Sale_to>
</mst_furniture>
<mst_furniture>
	<Id>30</Id>
	<Type>0</Type>
	<No>29</No>
	<Title>黄緑の床</Title>
	<Description />
	<Rarity>0</Rarity>
	<Price>0</Price>
	<Season>0</Season>
	<Sale_from>0</Sale_from>
	<Sale_to>0</Sale_to>
</mst_furniture>
<mst_furniture>
	<Id>31</Id>
	<Type>0</Type>
	<No>30</No>
	<Title>飛行甲板</Title>
	<Description />
	<Rarity>4</Rarity>
	<Price>1900</Price>
	<Season>0</Season>
	<Sale_from>1</Sale_from>
	<Sale_to>12</Sale_to>
</mst_furniture>
<mst_furniture>
	<Id>32</Id>
	<Type>0</Type>
	<No>31</No>
	<Title>合宿セット・布団</Title>
	<Description />
	<Rarity>0</Rarity>
	<Price>0</Price>
	<Season>0</Season>
	<Sale_from>0</Sale_from>
	<Sale_to>0</Sale_to>
</mst_furniture>
<mst_furniture>
	<Id>33</Id>
	<Type>0</Type>
	<No>32</No>
	<Title>コンクリート床</Title>
	<Description />
	<Rarity>2</Rarity>
	<Price>200</Price>
	<Season>0</Season>
	<Sale_from>1</Sale_from>
	<Sale_to>12</Sale_to>
</mst_furniture>
<mst_furniture>
	<Id>34</Id>
	<Type>0</Type>
	<No>33</No>
	<Title>ラクガキ床</Title>
	<Description />
	<Rarity>4</Rarity>
	<Price>400</Price>
	<Season>0</Season>
	<Sale_from>1</Sale_from>
	<Sale_to>12</Sale_to>
</mst_furniture>
<mst_furniture>
	<Id>35</Id>
	<Type>0</Type>
	<No>34</No>
	<Title>戦艦タイルの床</Title>
	<Description />
	<Rarity>4</Rarity>
	<Price>450</Price>
	<Season>0</Season>
	<Sale_from>1</Sale_from>
	<Sale_to>12</Sale_to>
</mst_furniture>
<mst_furniture>
	<Id>36</Id>
	<Type>0</Type>
	<No>35</No>
	<Title>鮮やかな畳</Title>
	<Description />
	<Rarity>0</Rarity>
	<Price>0</Price>
	<Season>0</Season>
	<Sale_from>0</Sale_from>
	<Sale_to>0</Sale_to>
</mst_furniture>
<mst_furniture>
	<Id>37</Id>
	<Type>0</Type>
	<No>36</No>
	<Title>い草の畳</Title>
	<Description />
	<Rarity>5</Rarity>
	<Price>700</Price>
	<Season>0</Season>
	<Sale_from>1</Sale_from>
	<Sale_to>12</Sale_to>
</mst_furniture>
<mst_furniture>
	<Id>38</Id>
	<Type>1</Type>
	<No>0</No>
	<Title>普通の壁紙</Title>
	<Description />
	<Rarity>0</Rarity>
	<Price>0</Price>
	<Season>0</Season>
	<Sale_from>0</Sale_from>
	<Sale_to>0</Sale_to>
</mst_furniture>
<mst_furniture>
	<Id>39</Id>
	<Type>1</Type>
	<No>1</No>
	<Title>低予算な壁紙</Title>
	<Description />
	<Rarity>1</Rarity>
	<Price>50</Price>
	<Season>0</Season>
	<Sale_from>1</Sale_from>
	<Sale_to>12</Sale_to>
</mst_furniture>
<mst_furniture>
	<Id>40</Id>
	<Type>1</Type>
	<No>2</No>
	<Title>和のシンプル壁紙</Title>
	<Description />
	<Rarity>2</Rarity>
	<Price>300</Price>
	<Season>0</Season>
	<Sale_from>1</Sale_from>
	<Sale_to>12</Sale_to>
</mst_furniture>
<mst_furniture>
	<Id>41</Id>
	<Type>1</Type>
	<No>3</No>
	<Title>緑の壁紙</Title>
	<Description />
	<Rarity>2</Rarity>
	<Price>250</Price>
	<Season>0</Season>
	<Sale_from>0</Sale_from>
	<Sale_to>0</Sale_to>
</mst_furniture>
<mst_furniture>
	<Id>42</Id>
	<Type>1</Type>
	<No>4</No>
	<Title>春仕様の壁紙</Title>
	<Description />
	<Rarity>2</Rarity>
	<Price>1000</Price>
	<Season>0</Season>
	<Sale_from>0</Sale_from>
	<Sale_to>0</Sale_to>
</mst_furniture>
<mst_furniture>
	<Id>43</Id>
	<Type>1</Type>
	<No>5</No>
	<Title>昭和レトロな壁紙</Title>
	<Description />
	<Rarity>0</Rarity>
	<Price>0</Price>
	<Season>0</Season>
	<Sale_from>0</Sale_from>
	<Sale_to>0</Sale_to>
</mst_furniture>
<mst_furniture>
	<Id>44</Id>
	<Type>1</Type>
	<No>6</No>
	<Title>チョコレートの壁紙</Title>
	<Description />
	<Rarity>2</Rarity>
	<Price>550</Price>
	<Season>0</Season>
	<Sale_from>1</Sale_from>
	<Sale_to>12</Sale_to>
</mst_furniture>
<mst_furniture>
	<Id>45</Id>
	<Type>1</Type>
	<No>7</No>
	<Title>ポップな壁紙</Title>
	<Description />
	<Rarity>1</Rarity>
	<Price>100</Price>
	<Season>0</Season>
	<Sale_from>1</Sale_from>
	<Sale_to>12</Sale_to>
</mst_furniture>
<mst_furniture>
	<Id>46</Id>
	<Type>1</Type>
	<No>8</No>
	<Title>お菓子作りの壁紙</Title>
	<Description />
	<Rarity>2</Rarity>
	<Price>700</Price>
	<Season>15</Season>
	<Sale_from>1</Sale_from>
	<Sale_to>12</Sale_to>
</mst_furniture>
<mst_furniture>
	<Id>47</Id>
	<Type>1</Type>
	<No>9</No>
	<Title>高級和風壁紙</Title>
	<Description />
	<Rarity>2</Rarity>
	<Price>700</Price>
	<Season>0</Season>
	<Sale_from>1</Sale_from>
	<Sale_to>12</Sale_to>
</mst_furniture>
<mst_furniture>
	<Id>48</Id>
	<Type>1</Type>
	<No>10</No>
	<Title>家具職人の壁紙</Title>
	<Description />
	<Rarity>3</Rarity>
	<Price>2000</Price>
	<Season>0</Season>
	<Sale_from>1</Sale_from>
	<Sale_to>12</Sale_to>
</mst_furniture>
<mst_furniture>
	<Id>49</Id>
	<Type>1</Type>
	<No>11</No>
	<Title>秋仕様の壁紙</Title>
	<Description />
	<Rarity>2</Rarity>
	<Price>1000</Price>
	<Season>0</Season>
	<Sale_from>0</Sale_from>
	<Sale_to>0</Sale_to>
</mst_furniture>
<mst_furniture>
	<Id>50</Id>
	<Type>1</Type>
	<No>12</No>
	<Title>シンプルモダン壁紙</Title>
	<Description />
	<Rarity>2</Rarity>
	<Price>200</Price>
	<Season>0</Season>
	<Sale_from>0</Sale_from>
	<Sale_to>0</Sale_to>
</mst_furniture>
<mst_furniture>
	<Id>51</Id>
	<Type>1</Type>
	<No>13</No>
	<Title>軍艦色の壁</Title>
	<Description />
	<Rarity>2</Rarity>
	<Price>900</Price>
	<Season>0</Season>
	<Sale_from>1</Sale_from>
	<Sale_to>12</Sale_to>
</mst_furniture>
<mst_furniture>
	<Id>52</Id>
	<Type>1</Type>
	<No>14</No>
	<Title>白い冬の壁紙</Title>
	<Description />
	<Rarity>3</Rarity>
	<Price>1200</Price>
	<Season>0</Season>
	<Sale_from>0</Sale_from>
	<Sale_to>0</Sale_to>
</mst_furniture>
<mst_furniture>
	<Id>53</Id>
	<Type>1</Type>
	<No>15</No>
	<Title>青い壁紙</Title>
	<Description />
	<Rarity>2</Rarity>
	<Price>200</Price>
	<Season>0</Season>
	<Sale_from>0</Sale_from>
	<Sale_to>0</Sale_to>
</mst_furniture>
<mst_furniture>
	<Id>54</Id>
	<Type>1</Type>
	<No>16</No>
	<Title>高級赤煉瓦の壁</Title>
	<Description />
	<Rarity>4</Rarity>
	<Price>1900</Price>
	<Season>0</Season>
	<Sale_from>1</Sale_from>
	<Sale_to>12</Sale_to>
</mst_furniture>
<mst_furniture>
	<Id>55</Id>
	<Type>1</Type>
	<No>17</No>
	<Title>チェック＆リーフ壁紙</Title>
	<Description />
	<Rarity>3</Rarity>
	<Price>300</Price>
	<Season>0</Season>
	<Sale_from>0</Sale_from>
	<Sale_to>0</Sale_to>
</mst_furniture>
<mst_furniture>
	<Id>56</Id>
	<Type>1</Type>
	<No>18</No>
	<Title>木板の壁</Title>
	<Description />
	<Rarity>2</Rarity>
	<Price>1000</Price>
	<Season>0</Season>
	<Sale_from>1</Sale_from>
	<Sale_to>12</Sale_to>
</mst_furniture>
<mst_furniture>
	<Id>57</Id>
	<Type>1</Type>
	<No>19</No>
	<Title>高級木材の壁</Title>
	<Description />
	<Rarity>3</Rarity>
	<Price>2200</Price>
	<Season>0</Season>
	<Sale_from>1</Sale_from>
	<Sale_to>12</Sale_to>
</mst_furniture>
<mst_furniture>
	<Id>58</Id>
	<Type>1</Type>
	<No>20</No>
	<Title>折鶴の壁紙</Title>
	<Description />
	<Rarity>3</Rarity>
	<Price>1500</Price>
	<Season>0</Season>
	<Sale_from>1</Sale_from>
	<Sale_to>12</Sale_to>
</mst_furniture>
<mst_furniture>
	<Id>59</Id>
	<Type>1</Type>
	<No>21</No>
	<Title>緑の和壁紙</Title>
	<Description />
	<Rarity>4</Rarity>
	<Price>1400</Price>
	<Season>0</Season>
	<Sale_from>1</Sale_from>
	<Sale_to>12</Sale_to>
</mst_furniture>
<mst_furniture>
	<Id>60</Id>
	<Type>1</Type>
	<No>22</No>
	<Title>新緑の壁紙</Title>
	<Description />
	<Rarity>2</Rarity>
	<Price>900</Price>
	<Season>0</Season>
	<Sale_from>0</Sale_from>
	<Sale_to>0</Sale_to>
</mst_furniture>
<mst_furniture>
	<Id>61</Id>
	<Type>1</Type>
	<No>23</No>
	<Title>ピンクドット壁紙</Title>
	<Description />
	<Rarity>4</Rarity>
	<Price>400</Price>
	<Season>0</Season>
	<Sale_from>1</Sale_from>
	<Sale_to>12</Sale_to>
</mst_furniture>
<mst_furniture>
	<Id>62</Id>
	<Type>1</Type>
	<No>24</No>
	<Title>ブルードットな壁紙</Title>
	<Description />
	<Rarity>0</Rarity>
	<Price>0</Price>
	<Season>0</Season>
	<Sale_from>0</Sale_from>
	<Sale_to>0</Sale_to>
</mst_furniture>
<mst_furniture>
	<Id>63</Id>
	<Type>1</Type>
	<No>25</No>
	<Title>冬のモダンアート壁紙</Title>
	<Description />
	<Rarity>3</Rarity>
	<Price>750</Price>
	<Season>0</Season>
	<Sale_from>1</Sale_from>
	<Sale_to>12</Sale_to>
</mst_furniture>
<mst_furniture>
	<Id>64</Id>
	<Type>1</Type>
	<No>26</No>
	<Title>和モダンアート壁紙</Title>
	<Description />
	<Rarity>5</Rarity>
	<Price>750</Price>
	<Season>0</Season>
	<Sale_from>0</Sale_from>
	<Sale_to>0</Sale_to>
</mst_furniture>
<mst_furniture>
	<Id>65</Id>
	<Type>1</Type>
	<No>27</No>
	<Title>桃の節句の壁紙</Title>
	<Description />
	<Rarity>2</Rarity>
	<Price>330</Price>
	<Season>16</Season>
	<Sale_from>0</Sale_from>
	<Sale_to>0</Sale_to>
</mst_furniture>
<mst_furniture>
	<Id>66</Id>
	<Type>1</Type>
	<No>28</No>
	<Title>穏やかな壁紙</Title>
	<Description />
	<Rarity>0</Rarity>
	<Price>0</Price>
	<Season>0</Season>
	<Sale_from>0</Sale_from>
	<Sale_to>0</Sale_to>
</mst_furniture>
<mst_furniture>
	<Id>67</Id>
	<Type>1</Type>
	<No>29</No>
	<Title>新春の壁紙</Title>
	<Description />
	<Rarity>3</Rarity>
	<Price>1800</Price>
	<Season>0</Season>
	<Sale_from>0</Sale_from>
	<Sale_to>0</Sale_to>
</mst_furniture>
<mst_furniture>
	<Id>68</Id>
	<Type>1</Type>
	<No>30</No>
	<Title>コンクリート壁</Title>
	<Description />
	<Rarity>2</Rarity>
	<Price>200</Price>
	<Season>0</Season>
	<Sale_from>1</Sale_from>
	<Sale_to>12</Sale_to>
</mst_furniture>
<mst_furniture>
	<Id>69</Id>
	<Type>1</Type>
	<No>31</No>
	<Title>ピンクコンクリ壁</Title>
	<Description />
	<Rarity>2</Rarity>
	<Price>250</Price>
	<Season>0</Season>
	<Sale_from>1</Sale_from>
	<Sale_to>12</Sale_to>
</mst_furniture>
<mst_furniture>
	<Id>70</Id>
	<Type>1</Type>
	<No>32</No>
	<Title>龍の壁紙</Title>
	<Description />
	<Rarity>4</Rarity>
	<Price>20000</Price>
	<Season>0</Season>
	<Sale_from>1</Sale_from>
	<Sale_to>12</Sale_to>
</mst_furniture>
<mst_furniture>
	<Id>71</Id>
	<Type>1</Type>
	<No>33</No>
	<Title>紅葉の壁紙</Title>
	<Description />
	<Rarity>5</Rarity>
	<Price>20000</Price>
	<Season>0</Season>
	<Sale_from>1</Sale_from>
	<Sale_to>12</Sale_to>
</mst_furniture>
<mst_furniture>
	<Id>72</Id>
	<Type>2</Type>
	<No>0</No>
	<Title>赤カーテンの窓</Title>
	<Description />
	<Rarity>0</Rarity>
	<Price>0</Price>
	<Season>0</Season>
	<Sale_from>0</Sale_from>
	<Sale_to>0</Sale_to>
</mst_furniture>
<mst_furniture>
	<Id>73</Id>
	<Type>2</Type>
	<No>1</No>
	<Title>緑カーテンの窓</Title>
	<Description />
	<Rarity>1</Rarity>
	<Price>50</Price>
	<Season>0</Season>
	<Sale_from>1</Sale_from>
	<Sale_to>12</Sale_to>
</mst_furniture>
<mst_furniture>
	<Id>74</Id>
	<Type>2</Type>
	<No>2</No>
	<Title>青カーテンの窓</Title>
	<Description />
	<Rarity>1</Rarity>
	<Price>100</Price>
	<Season>0</Season>
	<Sale_from>1</Sale_from>
	<Sale_to>12</Sale_to>
</mst_furniture>
<mst_furniture>
	<Id>75</Id>
	<Type>2</Type>
	<No>3</No>
	<Title>鎮守府新年飾り</Title>
	<Description />
	<Rarity>3</Rarity>
	<Price>2000</Price>
	<Season>0</Season>
	<Sale_from>0</Sale_from>
	<Sale_to>0</Sale_to>
</mst_furniture>
<mst_furniture>
	<Id>76</Id>
	<Type>2</Type>
	<No>4</No>
	<Title>破魔矢の窓</Title>
	<Description />
	<Rarity>4</Rarity>
	<Price>2200</Price>
	<Season>0</Season>
	<Sale_from>0</Sale_from>
	<Sale_to>0</Sale_to>
</mst_furniture>
<mst_furniture>
	<Id>77</Id>
	<Type>2</Type>
	<No>5</No>
	<Title>ちょっとゴージャスな窓</Title>
	<Description />
	<Rarity>2</Rarity>
	<Price>200</Price>
	<Season>0</Season>
	<Sale_from>1</Sale_from>
	<Sale_to>12</Sale_to>
</mst_furniture>
<mst_furniture>
	<Id>78</Id>
	<Type>2</Type>
	<No>6</No>
	<Title>晩秋の高級和窓</Title>
	<Description />
	<Rarity>4</Rarity>
	<Price>1980</Price>
	<Season>0</Season>
	<Sale_from>0</Sale_from>
	<Sale_to>0</Sale_to>
</mst_furniture>
<mst_furniture>
	<Id>79</Id>
	<Type>2</Type>
	<No>7</No>
	<Title>青い上品な大窓</Title>
	<Description />
	<Rarity>3</Rarity>
	<Price>350</Price>
	<Season>0</Season>
	<Sale_from>0</Sale_from>
	<Sale_to>0</Sale_to>
</mst_furniture>
<mst_furniture>
	<Id>80</Id>
	<Type>2</Type>
	<No>8</No>
	<Title>広く開いた大窓</Title>
	<Description />
	<Rarity>4</Rarity>
	<Price>1200</Price>
	<Season>0</Season>
	<Sale_from>1</Sale_from>
	<Sale_to>12</Sale_to>
</mst_furniture>
<mst_furniture>
	<Id>81</Id>
	<Type>2</Type>
	<No>9</No>
	<Title>白いカーテンの小窓</Title>
	<Description />
	<Rarity>3</Rarity>
	<Price>330</Price>
	<Season>0</Season>
	<Sale_from>1</Sale_from>
	<Sale_to>12</Sale_to>
</mst_furniture>
<mst_furniture>
	<Id>82</Id>
	<Type>2</Type>
	<No>10</No>
	<Title>桃の節句の窓</Title>
	<Description />
	<Rarity>4</Rarity>
	<Price>3300</Price>
	<Season>16</Season>
	<Sale_from>0</Sale_from>
	<Sale_to>0</Sale_to>
</mst_furniture>
<mst_furniture>
	<Id>83</Id>
	<Type>2</Type>
	<No>11</No>
	<Title>爽やかな窓</Title>
	<Description />
	<Rarity>3</Rarity>
	<Price>300</Price>
	<Season>0</Season>
	<Sale_from>1</Sale_from>
	<Sale_to>12</Sale_to>
</mst_furniture>
<mst_furniture>
	<Id>84</Id>
	<Type>2</Type>
	<No>12</No>
	<Title>てるてる坊主の窓</Title>
	<Description />
	<Rarity>3</Rarity>
	<Price>1300</Price>
	<Season>0</Season>
	<Sale_from>1</Sale_from>
	<Sale_to>12</Sale_to>
</mst_furniture>
<mst_furniture>
	<Id>85</Id>
	<Type>2</Type>
	<No>13</No>
	<Title>紫陽花の窓</Title>
	<Description />
	<Rarity>3</Rarity>
	<Price>1800</Price>
	<Season>0</Season>
	<Sale_from>0</Sale_from>
	<Sale_to>0</Sale_to>
</mst_furniture>
<mst_furniture>
	<Id>86</Id>
	<Type>2</Type>
	<No>14</No>
	<Title>お花見窓</Title>
	<Description />
	<Rarity>4</Rarity>
	<Price>3000</Price>
	<Season>0</Season>
	<Sale_from>0</Sale_from>
	<Sale_to>0</Sale_to>
</mst_furniture>
<mst_furniture>
	<Id>87</Id>
	<Type>2</Type>
	<No>15</No>
	<Title>鉄格子の窓</Title>
	<Description />
	<Rarity>5</Rarity>
	<Price>1700</Price>
	<Season>0</Season>
	<Sale_from>1</Sale_from>
	<Sale_to>12</Sale_to>
</mst_furniture>
<mst_furniture>
	<Id>88</Id>
	<Type>2</Type>
	<No>16</No>
	<Title>お月見窓</Title>
	<Description />
	<Rarity>2</Rarity>
	<Price>1200</Price>
	<Season>0</Season>
	<Sale_from>0</Sale_from>
	<Sale_to>0</Sale_to>
</mst_furniture>
<mst_furniture>
	<Id>89</Id>
	<Type>2</Type>
	<No>17</No>
	<Title>防空加工窓</Title>
	<Description />
	<Rarity>4</Rarity>
	<Price>1800</Price>
	<Season>0</Season>
	<Sale_from>1</Sale_from>
	<Sale_to>12</Sale_to>
</mst_furniture>
<mst_furniture>
	<Id>90</Id>
	<Type>2</Type>
	<No>18</No>
	<Title>障子デラックス</Title>
	<Description />
	<Rarity>5</Rarity>
	<Price>1900</Price>
	<Season>0</Season>
	<Sale_from>1</Sale_from>
	<Sale_to>12</Sale_to>
</mst_furniture>
<mst_furniture>
	<Id>91</Id>
	<Type>2</Type>
	<No>19</No>
	<Title>シンプルフレーム</Title>
	<Description />
	<Rarity>1</Rarity>
	<Price>100</Price>
	<Season>0</Season>
	<Sale_from>0</Sale_from>
	<Sale_to>0</Sale_to>
</mst_furniture>
<mst_furniture>
	<Id>92</Id>
	<Type>2</Type>
	<No>20</No>
	<Title>シンプルフレーム2型</Title>
	<Description />
	<Rarity>1</Rarity>
	<Price>200</Price>
	<Season>0</Season>
	<Sale_from>0</Sale_from>
	<Sale_to>0</Sale_to>
</mst_furniture>
<mst_furniture>
	<Id>93</Id>
	<Type>2</Type>
	<No>21</No>
	<Title>豪華なお月見窓</Title>
	<Description />
	<Rarity>4</Rarity>
	<Price>2200</Price>
	<Season>0</Season>
	<Sale_from>0</Sale_from>
	<Sale_to>0</Sale_to>
</mst_furniture>
<mst_furniture>
	<Id>94</Id>
	<Type>2</Type>
	<No>22</No>
	<Title>シンプルなすだれ窓</Title>
	<Description />
	<Rarity>2</Rarity>
	<Price>350</Price>
	<Season>0</Season>
	<Sale_from>0</Sale_from>
	<Sale_to>0</Sale_to>
</mst_furniture>
<mst_furniture>
	<Id>95</Id>
	<Type>2</Type>
	<No>23</No>
	<Title>すだれ窓</Title>
	<Description />
	<Rarity>2</Rarity>
	<Price>250</Price>
	<Season>0</Season>
	<Sale_from>0</Sale_from>
	<Sale_to>0</Sale_to>
</mst_furniture>
<mst_furniture>
	<Id>96</Id>
	<Type>2</Type>
	<No>24</No>
	<Title>昔ながらのすりガラス</Title>
	<Description />
	<Rarity>4</Rarity>
	<Price>400</Price>
	<Season>0</Season>
	<Sale_from>1</Sale_from>
	<Sale_to>12</Sale_to>
</mst_furniture>
<mst_furniture>
	<Id>97</Id>
	<Type>2</Type>
	<No>25</No>
	<Title>艦娘による冬の窓</Title>
	<Description />
	<Rarity>3</Rarity>
	<Price>1300</Price>
	<Season>0</Season>
	<Sale_from>0</Sale_from>
	<Sale_to>0</Sale_to>
</mst_furniture>
<mst_furniture>
	<Id>98</Id>
	<Type>2</Type>
	<No>26</No>
	<Title>冬のステンドグラス</Title>
	<Description />
	<Rarity>4</Rarity>
	<Price>2220</Price>
	<Season>0</Season>
	<Sale_from>0</Sale_from>
	<Sale_to>0</Sale_to>
</mst_furniture>
<mst_furniture>
	<Id>99</Id>
	<Type>2</Type>
	<No>27</No>
	<Title>おしゃれな格子窓</Title>
	<Description />
	<Rarity>5</Rarity>
	<Price>550</Price>
	<Season>0</Season>
	<Sale_from>1</Sale_from>
	<Sale_to>12</Sale_to>
</mst_furniture>
<mst_furniture>
	<Id>100</Id>
	<Type>2</Type>
	<No>28</No>
	<Title>障子</Title>
	<Description />
	<Rarity>5</Rarity>
	<Price>800</Price>
	<Season>0</Season>
	<Sale_from>0</Sale_from>
	<Sale_to>0</Sale_to>
</mst_furniture>
<mst_furniture>
	<Id>101</Id>
	<Type>2</Type>
	<No>29</No>
	<Title>桜の高級窓</Title>
	<Description />
	<Rarity>5</Rarity>
	<Price>2000</Price>
	<Season>0</Season>
	<Sale_from>1</Sale_from>
	<Sale_to>12</Sale_to>
</mst_furniture>
<mst_furniture>
	<Id>102</Id>
	<Type>3</Type>
	<No>0</No>
	<Title>なし</Title>
	<Description />
	<Rarity>0</Rarity>
	<Price>0</Price>
	<Season>0</Season>
	<Sale_from>0</Sale_from>
	<Sale_to>0</Sale_to>
</mst_furniture>
<mst_furniture>
	<Id>103</Id>
	<Type>3</Type>
	<No>1</No>
	<Title>壁掛け古時計</Title>
	<Description />
	<Rarity>2</Rarity>
	<Price>150</Price>
	<Season>0</Season>
	<Sale_from>1</Sale_from>
	<Sale_to>12</Sale_to>
</mst_furniture>
<mst_furniture>
	<Id>104</Id>
	<Type>3</Type>
	<No>2</No>
	<Title>お詫び掛け軸</Title>
	<Description />
	<Rarity>4</Rarity>
	<Price>0</Price>
	<Season>0</Season>
	<Sale_from>0</Sale_from>
	<Sale_to>0</Sale_to>
</mst_furniture>
<mst_furniture>
	<Id>105</Id>
	<Type>3</Type>
	<No>3</No>
	<Title>ステンドグラス</Title>
	<Description />
	<Rarity>4</Rarity>
	<Price>500</Price>
	<Season>0</Season>
	<Sale_from>1</Sale_from>
	<Sale_to>12</Sale_to>
</mst_furniture>
<mst_furniture>
	<Id>106</Id>
	<Type>3</Type>
	<No>4</No>
	<Title>鹿のオブジェ</Title>
	<Description />
	<Rarity>2</Rarity>
	<Price>300</Price>
	<Season>0</Season>
	<Sale_from>1</Sale_from>
	<Sale_to>12</Sale_to>
</mst_furniture>
<mst_furniture>
	<Id>107</Id>
	<Type>3</Type>
	<No>5</No>
	<Title>「海上護衛」掛け軸</Title>
	<Description />
	<Rarity>3</Rarity>
	<Price>1000</Price>
	<Season>0</Season>
	<Sale_from>1</Sale_from>
	<Sale_to>12</Sale_to>
</mst_furniture>
<mst_furniture>
	<Id>108</Id>
	<Type>3</Type>
	<No>6</No>
	<Title>花の絵画</Title>
	<Description />
	<Rarity>1</Rarity>
	<Price>100</Price>
	<Season>0</Season>
	<Sale_from>1</Sale_from>
	<Sale_to>12</Sale_to>
</mst_furniture>
<mst_furniture>
	<Id>109</Id>
	<Type>3</Type>
	<No>7</No>
	<Title>「20万の感謝」掛け軸</Title>
	<Description />
	<Rarity>2</Rarity>
	<Price>0</Price>
	<Season>0</Season>
	<Sale_from>0</Sale_from>
	<Sale_to>0</Sale_to>
</mst_furniture>
<mst_furniture>
	<Id>110</Id>
	<Type>3</Type>
	<No>8</No>
	<Title>「100万の感謝」掛け軸</Title>
	<Description />
	<Rarity>4</Rarity>
	<Price>0</Price>
	<Season>0</Season>
	<Sale_from>0</Sale_from>
	<Sale_to>0</Sale_to>
</mst_furniture>
<mst_furniture>
	<Id>111</Id>
	<Type>3</Type>
	<No>9</No>
	<Title>紳士な帽子掛け</Title>
	<Description />
	<Rarity>2</Rarity>
	<Price>200</Price>
	<Season>0</Season>
	<Sale_from>1</Sale_from>
	<Sale_to>12</Sale_to>
</mst_furniture>
<mst_furniture>
	<Id>112</Id>
	<Type>3</Type>
	<No>10</No>
	<Title>「夜戦」掛け軸</Title>
	<Description />
	<Rarity>4</Rarity>
	<Price>1100</Price>
	<Season>0</Season>
	<Sale_from>1</Sale_from>
	<Sale_to>12</Sale_to>
</mst_furniture>
<mst_furniture>
	<Id>113</Id>
	<Type>3</Type>
	<No>11</No>
	<Title>「50万の感謝」掛け軸</Title>
	<Description />
	<Rarity>4</Rarity>
	<Price>0</Price>
	<Season>0</Season>
	<Sale_from>0</Sale_from>
	<Sale_to>0</Sale_to>
</mst_furniture>
<mst_furniture>
	<Id>114</Id>
	<Type>3</Type>
	<No>12</No>
	<Title>「謹賀新年」掛け軸</Title>
	<Description />
	<Rarity>4</Rarity>
	<Price>3000</Price>
	<Season>0</Season>
	<Sale_from>0</Sale_from>
	<Sale_to>0</Sale_to>
</mst_furniture>
<mst_furniture>
	<Id>115</Id>
	<Type>3</Type>
	<No>13</No>
	<Title>「80万の感謝」掛け軸</Title>
	<Description />
	<Rarity>4</Rarity>
	<Price>0</Price>
	<Season>0</Season>
	<Sale_from>0</Sale_from>
	<Sale_to>0</Sale_to>
</mst_furniture>
<mst_furniture>
	<Id>116</Id>
	<Type>3</Type>
	<No>14</No>
	<Title>古い世界地図</Title>
	<Description />
	<Rarity>1</Rarity>
	<Price>50</Price>
	<Season>0</Season>
	<Sale_from>1</Sale_from>
	<Sale_to>12</Sale_to>
</mst_furniture>
<mst_furniture>
	<Id>117</Id>
	<Type>3</Type>
	<No>15</No>
	<Title>「なのです」掛け軸</Title>
	<Description />
	<Rarity>4</Rarity>
	<Price>600</Price>
	<Season>0</Season>
	<Sale_from>1</Sale_from>
	<Sale_to>12</Sale_to>
</mst_furniture>
<mst_furniture>
	<Id>118</Id>
	<Type>3</Type>
	<No>16</No>
	<Title>「第六駆逐隊」掛け軸</Title>
	<Description />
	<Rarity>4</Rarity>
	<Price>1600</Price>
	<Season>0</Season>
	<Sale_from>1</Sale_from>
	<Sale_to>12</Sale_to>
</mst_furniture>
<mst_furniture>
	<Id>119</Id>
	<Type>3</Type>
	<No>17</No>
	<Title>フレーム付地図</Title>
	<Description />
	<Rarity>0</Rarity>
	<Price>0</Price>
	<Season>0</Season>
	<Sale_from>0</Sale_from>
	<Sale_to>0</Sale_to>
</mst_furniture>
<mst_furniture>
	<Id>120</Id>
	<Type>3</Type>
	<No>18</No>
	<Title>小さな観葉植物</Title>
	<Description />
	<Rarity>1</Rarity>
	<Price>100</Price>
	<Season>0</Season>
	<Sale_from>0</Sale_from>
	<Sale_to>0</Sale_to>
</mst_furniture>
<mst_furniture>
	<Id>121</Id>
	<Type>3</Type>
	<No>19</No>
	<Title>シンプルな観葉植物</Title>
	<Description />
	<Rarity>0</Rarity>
	<Price>0</Price>
	<Season>0</Season>
	<Sale_from>0</Sale_from>
	<Sale_to>0</Sale_to>
</mst_furniture>
<mst_furniture>
	<Id>122</Id>
	<Type>3</Type>
	<No>20</No>
	<Title>「舞鶴鎮守府」掛け軸</Title>
	<Description />
	<Rarity>2</Rarity>
	<Price>0</Price>
	<Season>0</Season>
	<Sale_from>0</Sale_from>
	<Sale_to>0</Sale_to>
</mst_furniture>
<mst_furniture>
	<Id>123</Id>
	<Type>3</Type>
	<No>21</No>
	<Title>アレンジメント</Title>
	<Description />
	<Rarity>2</Rarity>
	<Price>150</Price>
	<Season>0</Season>
	<Sale_from>1</Sale_from>
	<Sale_to>12</Sale_to>
</mst_furniture>
<mst_furniture>
	<Id>124</Id>
	<Type>3</Type>
	<No>22</No>
	<Title>壁掛け図上演習セット</Title>
	<Description />
	<Rarity>4</Rarity>
	<Price>2000</Price>
	<Season>0</Season>
	<Sale_from>1</Sale_from>
	<Sale_to>12</Sale_to>
</mst_furniture>
<mst_furniture>
	<Id>125</Id>
	<Type>3</Type>
	<No>23</No>
	<Title>「150万の感謝」掛け軸</Title>
	<Description />
	<Rarity>4</Rarity>
	<Price>0</Price>
	<Season>0</Season>
	<Sale_from>0</Sale_from>
	<Sale_to>0</Sale_to>
</mst_furniture>
<mst_furniture>
	<Id>126</Id>
	<Type>3</Type>
	<No>24</No>
	<Title>「180万の感謝」掛け軸</Title>
	<Description />
	<Rarity>4</Rarity>
	<Price>0</Price>
	<Season>0</Season>
	<Sale_from>0</Sale_from>
	<Sale_to>0</Sale_to>
</mst_furniture>
<mst_furniture>
	<Id>127</Id>
	<Type>3</Type>
	<No>25</No>
	<Title>「一周年記念」掛け軸</Title>
	<Description />
	<Rarity>4</Rarity>
	<Price>0</Price>
	<Season>0</Season>
	<Sale_from>0</Sale_from>
	<Sale_to>0</Sale_to>
</mst_furniture>
<mst_furniture>
	<Id>128</Id>
	<Type>3</Type>
	<No>26</No>
	<Title>怪獣映画ポスター</Title>
	<Description />
	<Rarity>0</Rarity>
	<Price>0</Price>
	<Season>0</Season>
	<Sale_from>1</Sale_from>
	<Sale_to>12</Sale_to>
</mst_furniture>
<mst_furniture>
	<Id>129</Id>
	<Type>3</Type>
	<No>27</No>
	<Title>富士山の壁画</Title>
	<Description />
	<Rarity>5</Rarity>
	<Price>1300</Price>
	<Season>0</Season>
	<Sale_from>1</Sale_from>
	<Sale_to>12</Sale_to>
</mst_furniture>
<mst_furniture>
	<Id>130</Id>
	<Type>3</Type>
	<No>28</No>
	<Title>戦艦映画ポスター</Title>
	<Description />
	<Rarity>4</Rarity>
	<Price>400</Price>
	<Season>0</Season>
	<Sale_from>1</Sale_from>
	<Sale_to>12</Sale_to>
</mst_furniture>
<mst_furniture>
	<Id>131</Id>
	<Type>3</Type>
	<No>29</No>
	<Title>女の子のポスター</Title>
	<Description />
	<Rarity>0</Rarity>
	<Price>0</Price>
	<Season>0</Season>
	<Sale_from>0</Sale_from>
	<Sale_to>0</Sale_to>
</mst_furniture>
<mst_furniture>
	<Id>132</Id>
	<Type>3</Type>
	<No>30</No>
	<Title>試作艦戦ポスター</Title>
	<Description />
	<Rarity>5</Rarity>
	<Price>1000</Price>
	<Season>0</Season>
	<Sale_from>1</Sale_from>
	<Sale_to>12</Sale_to>
</mst_furniture>
<mst_furniture>
	<Id>133</Id>
	<Type>4</Type>
	<No>0</No>
	<Title>なし</Title>
	<Description />
	<Rarity>0</Rarity>
	<Price>0</Price>
	<Season>0</Season>
	<Sale_from>0</Sale_from>
	<Sale_to>0</Sale_to>
</mst_furniture>
<mst_furniture>
	<Id>134</Id>
	<Type>4</Type>
	<No>1</No>
	<Title>昔ながらの箪笥</Title>
	<Description />
	<Rarity>0</Rarity>
	<Price>0</Price>
	<Season>0</Season>
	<Sale_from>0</Sale_from>
	<Sale_to>0</Sale_to>
</mst_furniture>
<mst_furniture>
	<Id>135</Id>
	<Type>4</Type>
	<No>2</No>
	<Title>サイドボード</Title>
	<Description />
	<Rarity>2</Rarity>
	<Price>200</Price>
	<Season>0</Season>
	<Sale_from>1</Sale_from>
	<Sale_to>12</Sale_to>
</mst_furniture>
<mst_furniture>
	<Id>136</Id>
	<Type>4</Type>
	<No>3</No>
	<Title>「霧」の桐箪笥</Title>
	<Description />
	<Rarity>5</Rarity>
	<Price>0</Price>
	<Season>0</Season>
	<Sale_from>0</Sale_from>
	<Sale_to>0</Sale_to>
</mst_furniture>
<mst_furniture>
	<Id>137</Id>
	<Type>4</Type>
	<No>4</No>
	<Title>節分「豆まき」セット</Title>
	<Description />
	<Rarity>3</Rarity>
	<Price>1300</Price>
	<Season>12</Season>
	<Sale_from>0</Sale_from>
	<Sale_to>0</Sale_to>
</mst_furniture>
<mst_furniture>
	<Id>138</Id>
	<Type>4</Type>
	<No>5</No>
	<Title>暖炉</Title>
	<Description />
	<Rarity>2</Rarity>
	<Price>250</Price>
	<Season>0</Season>
	<Sale_from>1</Sale_from>
	<Sale_to>12</Sale_to>
</mst_furniture>
<mst_furniture>
	<Id>139</Id>
	<Type>4</Type>
	<No>6</No>
	<Title>チョコケーキと紅茶セット</Title>
	<Description />
	<Rarity>4</Rarity>
	<Price>0</Price>
	<Season>15</Season>
	<Sale_from>1</Sale_from>
	<Sale_to>12</Sale_to>
</mst_furniture>
<mst_furniture>
	<Id>140</Id>
	<Type>4</Type>
	<No>7</No>
	<Title>「長門」「陸奥」の雛人形</Title>
	<Description />
	<Rarity>4</Rarity>
	<Price>2000</Price>
	<Season>16</Season>
	<Sale_from>1</Sale_from>
	<Sale_to>12</Sale_to>
</mst_furniture>
<mst_furniture>
	<Id>141</Id>
	<Type>4</Type>
	<No>8</No>
	<Title>エレガントボード</Title>
	<Description />
	<Rarity>3</Rarity>
	<Price>300</Price>
	<Season>0</Season>
	<Sale_from>1</Sale_from>
	<Sale_to>12</Sale_to>
</mst_furniture>
<mst_furniture>
	<Id>142</Id>
	<Type>4</Type>
	<No>9</No>
	<Title>鎮守府のツリー</Title>
	<Description />
	<Rarity>2</Rarity>
	<Price>0</Price>
	<Season>0</Season>
	<Sale_from>0</Sale_from>
	<Sale_to>0</Sale_to>
</mst_furniture>
<mst_furniture>
	<Id>143</Id>
	<Type>4</Type>
	<No>10</No>
	<Title>メルヘンシェルフ</Title>
	<Description />
	<Rarity>4</Rarity>
	<Price>450</Price>
	<Season>0</Season>
	<Sale_from>1</Sale_from>
	<Sale_to>12</Sale_to>
</mst_furniture>
<mst_furniture>
	<Id>144</Id>
	<Type>4</Type>
	<No>11</No>
	<Title>やかんストーブ</Title>
	<Description />
	<Rarity>3</Rarity>
	<Price>1300</Price>
	<Season>0</Season>
	<Sale_from>1</Sale_from>
	<Sale_to>12</Sale_to>
</mst_furniture>
<mst_furniture>
	<Id>145</Id>
	<Type>4</Type>
	<No>12</No>
	<Title>クラシックシェルフ</Title>
	<Description />
	<Rarity>3</Rarity>
	<Price>300</Price>
	<Season>0</Season>
	<Sale_from>0</Sale_from>
	<Sale_to>0</Sale_to>
</mst_furniture>
<mst_furniture>
	<Id>146</Id>
	<Type>4</Type>
	<No>13</No>
	<Title>重巡模型と桐箪笥</Title>
	<Description />
	<Rarity>5</Rarity>
	<Price>6000</Price>
	<Season>0</Season>
	<Sale_from>1</Sale_from>
	<Sale_to>12</Sale_to>
</mst_furniture>
<mst_furniture>
	<Id>147</Id>
	<Type>4</Type>
	<No>14</No>
	<Title>「赤城」模型と桐箪笥</Title>
	<Description />
	<Rarity>5</Rarity>
	<Price>7000</Price>
	<Season>0</Season>
	<Sale_from>1</Sale_from>
	<Sale_to>12</Sale_to>
</mst_furniture>
<mst_furniture>
	<Id>148</Id>
	<Type>4</Type>
	<No>15</No>
	<Title>「長門」模型と桐箪笥</Title>
	<Description />
	<Rarity>5</Rarity>
	<Price>8000</Price>
	<Season>0</Season>
	<Sale_from>1</Sale_from>
	<Sale_to>12</Sale_to>
</mst_furniture>
<mst_furniture>
	<Id>149</Id>
	<Type>4</Type>
	<No>16</No>
	<Title>折り畳み机</Title>
	<Description />
	<Rarity>1</Rarity>
	<Price>150</Price>
	<Season>0</Season>
	<Sale_from>1</Sale_from>
	<Sale_to>12</Sale_to>
</mst_furniture>
<mst_furniture>
	<Id>150</Id>
	<Type>4</Type>
	<No>17</No>
	<Title>ハンガーラック</Title>
	<Description />
	<Rarity>0</Rarity>
	<Price>0</Price>
	<Season>0</Season>
	<Sale_from>0</Sale_from>
	<Sale_to>0</Sale_to>
</mst_furniture>
<mst_furniture>
	<Id>151</Id>
	<Type>4</Type>
	<No>18</No>
	<Title>ハンガーラック</Title>
	<Description />
	<Rarity>1</Rarity>
	<Price>100</Price>
	<Season>0</Season>
	<Sale_from>1</Sale_from>
	<Sale_to>12</Sale_to>
</mst_furniture>
<mst_furniture>
	<Id>152</Id>
	<Type>4</Type>
	<No>19</No>
	<Title>ドレッサー</Title>
	<Description />
	<Rarity>5</Rarity>
	<Price>600</Price>
	<Season>0</Season>
	<Sale_from>1</Sale_from>
	<Sale_to>12</Sale_to>
</mst_furniture>
<mst_furniture>
	<Id>153</Id>
	<Type>4</Type>
	<No>20</No>
	<Title>照れ屋なお面</Title>
	<Description />
	<Rarity>0</Rarity>
	<Price>0</Price>
	<Season>0</Season>
	<Sale_from>0</Sale_from>
	<Sale_to>0</Sale_to>
</mst_furniture>
<mst_furniture>
	<Id>154</Id>
	<Type>4</Type>
	<No>21</No>
	<Title>Ｚ旗の暖炉</Title>
	<Description />
	<Rarity>5</Rarity>
	<Price>2000</Price>
	<Season>0</Season>
	<Sale_from>1</Sale_from>
	<Sale_to>12</Sale_to>
</mst_furniture>
<mst_furniture>
	<Id>155</Id>
	<Type>4</Type>
	<No>22</No>
	<Title>緑のプランター</Title>
	<Description />
	<Rarity>1</Rarity>
	<Price>50</Price>
	<Season>0</Season>
	<Sale_from>1</Sale_from>
	<Sale_to>12</Sale_to>
</mst_furniture>
<mst_furniture>
	<Id>156</Id>
	<Type>4</Type>
	<No>23</No>
	<Title>模様替えお掃除セット</Title>
	<Description />
	<Rarity>2</Rarity>
	<Price>700</Price>
	<Season>0</Season>
	<Sale_from>0</Sale_from>
	<Sale_to>0</Sale_to>
</mst_furniture>
<mst_furniture>
	<Id>157</Id>
	<Type>4</Type>
	<No>24</No>
	<Title>しょうぶ和箪笥</Title>
	<Description />
	<Rarity>3</Rarity>
	<Price>1700</Price>
	<Season>0</Season>
	<Sale_from>1</Sale_from>
	<Sale_to>12</Sale_to>
</mst_furniture>
<mst_furniture>
	<Id>158</Id>
	<Type>4</Type>
	<No>25</No>
	<Title>診療台セット</Title>
	<Description />
	<Rarity>4</Rarity>
	<Price>1900</Price>
	<Season>0</Season>
	<Sale_from>1</Sale_from>
	<Sale_to>12</Sale_to>
</mst_furniture>
<mst_furniture>
	<Id>159</Id>
	<Type>4</Type>
	<No>26</No>
	<Title>教室セット「机」</Title>
	<Description />
	<Rarity>4</Rarity>
	<Price>1500</Price>
	<Season>0</Season>
	<Sale_from>1</Sale_from>
	<Sale_to>12</Sale_to>
</mst_furniture>
<mst_furniture>
	<Id>160</Id>
	<Type>4</Type>
	<No>27</No>
	<Title>「武蔵」模型と桐箪笥</Title>
	<Description />
	<Rarity>5</Rarity>
	<Price>8800</Price>
	<Season>13</Season>
	<Sale_from>1</Sale_from>
	<Sale_to>12</Sale_to>
</mst_furniture>
<mst_furniture>
	<Id>161</Id>
	<Type>4</Type>
	<No>28</No>
	<Title>「加賀」模型と桐箪笥</Title>
	<Description />
	<Rarity>5</Rarity>
	<Price>7700</Price>
	<Season>20</Season>
	<Sale_from>1</Sale_from>
	<Sale_to>12</Sale_to>
</mst_furniture>
<mst_furniture>
	<Id>162</Id>
	<Type>4</Type>
	<No>29</No>
	<Title>だるま</Title>
	<Description />
	<Rarity>2</Rarity>
	<Price>200</Price>
	<Season>0</Season>
	<Sale_from>0</Sale_from>
	<Sale_to>0</Sale_to>
</mst_furniture>
<mst_furniture>
	<Id>163</Id>
	<Type>4</Type>
	<No>30</No>
	<Title>新生だるま</Title>
	<Description />
	<Rarity>0</Rarity>
	<Price>0</Price>
	<Season>0</Season>
	<Sale_from>0</Sale_from>
	<Sale_to>0</Sale_to>
</mst_furniture>
<mst_furniture>
	<Id>164</Id>
	<Type>5</Type>
	<No>0</No>
	<Title>ただの段ボール</Title>
	<Description />
	<Rarity>0</Rarity>
	<Price>0</Price>
	<Season>0</Season>
	<Sale_from>0</Sale_from>
	<Sale_to>0</Sale_to>
</mst_furniture>
<mst_furniture>
	<Id>165</Id>
	<Type>5</Type>
	<No>1</No>
	<Title>椅子</Title>
	<Description />
	<Rarity>1</Rarity>
	<Price>100</Price>
	<Season>0</Season>
	<Sale_from>1</Sale_from>
	<Sale_to>12</Sale_to>
</mst_furniture>
<mst_furniture>
	<Id>166</Id>
	<Type>5</Type>
	<No>2</No>
	<Title>執務机</Title>
	<Description />
	<Rarity>2</Rarity>
	<Price>200</Price>
	<Season>0</Season>
	<Sale_from>1</Sale_from>
	<Sale_to>12</Sale_to>
</mst_furniture>
<mst_furniture>
	<Id>167</Id>
	<Type>5</Type>
	<No>3</No>
	<Title>おさがりの机</Title>
	<Description />
	<Rarity>0</Rarity>
	<Price>0</Price>
	<Season>0</Season>
	<Sale_from>0</Sale_from>
	<Sale_to>0</Sale_to>
</mst_furniture>
<mst_furniture>
	<Id>168</Id>
	<Type>5</Type>
	<No>4</No>
	<Title>提督の机</Title>
	<Description />
	<Rarity>3</Rarity>
	<Price>350</Price>
	<Season>0</Season>
	<Sale_from>1</Sale_from>
	<Sale_to>12</Sale_to>
</mst_furniture>
<mst_furniture>
	<Id>169</Id>
	<Type>5</Type>
	<No>5</No>
	<Title>ダンディな机</Title>
	<Description />
	<Rarity>0</Rarity>
	<Price>0</Price>
	<Season>0</Season>
	<Sale_from>0</Sale_from>
	<Sale_to>0</Sale_to>
</mst_furniture>
<mst_furniture>
	<Id>170</Id>
	<Type>5</Type>
	<No>6</No>
	<Title>大将の机</Title>
	<Description />
	<Rarity>5</Rarity>
	<Price>500</Price>
	<Season>0</Season>
	<Sale_from>1</Sale_from>
	<Sale_to>12</Sale_to>
</mst_furniture>
<mst_furniture>
	<Id>171</Id>
	<Type>5</Type>
	<No>7</No>
	<Title>社長の机</Title>
	<Description />
	<Rarity>0</Rarity>
	<Price>0</Price>
	<Season>0</Season>
	<Sale_from>0</Sale_from>
	<Sale_to>0</Sale_to>
</mst_furniture>
<mst_furniture>
	<Id>172</Id>
	<Type>5</Type>
	<No>8</No>
	<Title>インテリア椅子</Title>
	<Description />
	<Rarity>2</Rarity>
	<Price>200</Price>
	<Season>0</Season>
	<Sale_from>1</Sale_from>
	<Sale_to>12</Sale_to>
</mst_furniture>
<mst_furniture>
	<Id>173</Id>
	<Type>5</Type>
	<No>9</No>
	<Title>ナチュラルな椅子</Title>
	<Description />
	<Rarity>0</Rarity>
	<Price>0</Price>
	<Season>0</Season>
	<Sale_from>1</Sale_from>
	<Sale_to>12</Sale_to>
</mst_furniture>
<mst_furniture>
	<Id>174</Id>
	<Type>5</Type>
	<No>10</No>
	<Title>教室セット「教卓」</Title>
	<Description />
	<Rarity>4</Rarity>
	<Price>40000</Price>
	<Season>0</Season>
	<Sale_from>1</Sale_from>
	<Sale_to>12</Sale_to>
</mst_furniture>
<mst_furniture>
	<Id>175</Id>
	<Type>5</Type>
	<No>11</No>
	<Title>モダンチェア</Title>
	<Description />
	<Rarity>3</Rarity>
	<Price>350</Price>
	<Season>0</Season>
	<Sale_from>0</Sale_from>
	<Sale_to>0</Sale_to>
</mst_furniture>
<mst_furniture>
	<Id>176</Id>
	<Type>5</Type>
	<No>12</No>
	<Title>駆逐艦娘のツリー</Title>
	<Description />
	<Rarity>4</Rarity>
	<Price>3000</Price>
	<Season>0</Season>
	<Sale_from>0</Sale_from>
	<Sale_to>0</Sale_to>
</mst_furniture>
<mst_furniture>
	<Id>177</Id>
	<Type>5</Type>
	<No>13</No>
	<Title>モダンなテーブル</Title>
	<Description />
	<Rarity>0</Rarity>
	<Price>0</Price>
	<Season>0</Season>
	<Sale_from>0</Sale_from>
	<Sale_to>0</Sale_to>
</mst_furniture>
<mst_furniture>
	<Id>178</Id>
	<Type>5</Type>
	<No>14</No>
	<Title>ちゃぶ台セット</Title>
	<Description />
	<Rarity>3</Rarity>
	<Price>1500</Price>
	<Season>0</Season>
	<Sale_from>1</Sale_from>
	<Sale_to>12</Sale_to>
</mst_furniture>
<mst_furniture>
	<Id>179</Id>
	<Type>5</Type>
	<No>15</No>
	<Title>大人の節分セット</Title>
	<Description />
	<Rarity>4</Rarity>
	<Price>2000</Price>
	<Season>12</Season>
	<Sale_from>0</Sale_from>
	<Sale_to>0</Sale_to>
</mst_furniture>
<mst_furniture>
	<Id>180</Id>
	<Type>5</Type>
	<No>16</No>
	<Title>撮影セット</Title>
	<Description />
	<Rarity>4</Rarity>
	<Price>1800</Price>
	<Season>0</Season>
	<Sale_from>1</Sale_from>
	<Sale_to>12</Sale_to>
</mst_furniture>
<mst_furniture>
	<Id>181</Id>
	<Type>5</Type>
	<No>17</No>
	<Title>早く出しすぎた炬燵</Title>
	<Description />
	<Rarity>3</Rarity>
	<Price>1900</Price>
	<Season>0</Season>
	<Sale_from>1</Sale_from>
	<Sale_to>12</Sale_to>
</mst_furniture>
<mst_furniture>
	<Id>182</Id>
	<Type>5</Type>
	<No>18</No>
	<Title>羽毛布団と枕</Title>
	<Description />
	<Rarity>4</Rarity>
	<Price>2000</Price>
	<Season>0</Season>
	<Sale_from>1</Sale_from>
	<Sale_to>12</Sale_to>
</mst_furniture>
<mst_furniture>
	<Id>183</Id>
	<Type>5</Type>
	<No>19</No>
	<Title>煎餅布団</Title>
	<Description />
	<Rarity>5</Rarity>
	<Price>300</Price>
	<Season>0</Season>
	<Sale_from>1</Sale_from>
	<Sale_to>12</Sale_to>
</mst_furniture>
<mst_furniture>
	<Id>184</Id>
	<Type>5</Type>
	<No>20</No>
	<Title>床の間</Title>
	<Description />
	<Rarity>4</Rarity>
	<Price>2000</Price>
	<Season>0</Season>
	<Sale_from>1</Sale_from>
	<Sale_to>12</Sale_to>
</mst_furniture>
<mst_furniture>
	<Id>185</Id>
	<Type>5</Type>
	<No>21</No>
	<Title>艦娘専用デスク</Title>
	<Description />
	<Rarity>4</Rarity>
	<Price>400</Price>
	<Season>0</Season>
	<Sale_from>1</Sale_from>
	<Sale_to>12</Sale_to>
</mst_furniture>
<mst_furniture>
	<Id>186</Id>
	<Type>5</Type>
	<No>22</No>
	<Title>提督の麻雀卓</Title>
	<Description />
	<Rarity>4</Rarity>
	<Price>1600</Price>
	<Season>0</Season>
	<Sale_from>1</Sale_from>
	<Sale_to>12</Sale_to>
</mst_furniture>
<mst_furniture>
	<Id>187</Id>
	<Type>5</Type>
	<No>23</No>
	<Title>西瓜割りセット</Title>
	<Description />
	<Rarity>2</Rarity>
	<Price>1700</Price>
	<Season>0</Season>
	<Sale_from>0</Sale_from>
	<Sale_to>0</Sale_to>
</mst_furniture>
<mst_furniture>
	<Id>188</Id>
	<Type>5</Type>
	<No>24</No>
	<Title>高級ミシン</Title>
	<Description />
	<Rarity>4</Rarity>
	<Price>4500</Price>
	<Season>0</Season>
	<Sale_from>0</Sale_from>
	<Sale_to>0</Sale_to>
</mst_furniture>
<mst_furniture>
	<Id>189</Id>
	<Type>5</Type>
	<No>25</No>
	<Title>金剛の紅茶セット</Title>
	<Description />
	<Rarity>5</Rarity>
	<Price>1900</Price>
	<Season>0</Season>
	<Sale_from>1</Sale_from>
	<Sale_to>12</Sale_to>
</mst_furniture>
<mst_furniture>
	<Id>190</Id>
	<Type>5</Type>
	<No>26</No>
	<Title>おいしそうなスツール</Title>
	<Description />
	<Rarity>0</Rarity>
	<Price>0</Price>
	<Season>0</Season>
	<Sale_from>0</Sale_from>
	<Sale_to>0</Sale_to>
</mst_furniture>
<mst_furniture>
	<Id>191</Id>
	<Type>5</Type>
	<No>27</No>
	<Title>小さなウッドベージュの椅子</Title>
	<Description />
	<Rarity>0</Rarity>
	<Price>0</Price>
	<Season>0</Season>
	<Sale_from>0</Sale_from>
	<Sale_to>0</Sale_to>
</mst_furniture>
<mst_furniture>
	<Id>192</Id>
	<Type>5</Type>
	<No>28</No>
	<Title>ご家庭用プール</Title>
	<Description />
	<Rarity>4</Rarity>
	<Price>2000</Price>
	<Season>0</Season>
	<Sale_from>0</Sale_from>
	<Sale_to>0</Sale_to>
</mst_furniture>
<mst_furniture>
	<Id>193</Id>
	<Type>5</Type>
	<No>29</No>
	<Title>ガラステーブル</Title>
	<Description />
	<Rarity>3</Rarity>
	<Price>350</Price>
	<Season>0</Season>
	<Sale_from>0</Sale_from>
	<Sale_to>0</Sale_to>
</mst_furniture>
<mst_furniture>
	<Id>194</Id>
	<Type>5</Type>
	<No>30</No>
	<Title>フェミニンガラステーブル</Title>
	<Description />
	<Rarity>0</Rarity>
	<Price>0</Price>
	<Season>0</Season>
	<Sale_from>0</Sale_from>
	<Sale_to>0</Sale_to>
</mst_furniture>
<mst_furniture>
	<Id>195</Id>
	<Type>5</Type>
	<No>31</No>
	<Title>シングルベッド</Title>
	<Description />
	<Rarity>5</Rarity>
	<Price>1300</Price>
	<Season>0</Season>
	<Sale_from>1</Sale_from>
	<Sale_to>12</Sale_to>
</mst_furniture>
<mst_furniture>
	<Id>196</Id>
	<Type>5</Type>
	<No>32</No>
	<Title>板チョコ型の机</Title>
	<Description />
	<Rarity>3</Rarity>
	<Price>1200</Price>
	<Season>0</Season>
	<Sale_from>1</Sale_from>
	<Sale_to>12</Sale_to>
</mst_furniture>
<mst_furniture>
	<Id>197</Id>
	<Type>5</Type>
	<No>33</No>
	<Title>布団と枕</Title>
	<Description />
	<Rarity>1</Rarity>
	<Price>50</Price>
	<Season>0</Season>
	<Sale_from>1</Sale_from>
	<Sale_to>12</Sale_to>
</mst_furniture>
<mst_furniture>
	<Id>198</Id>
	<Type>5</Type>
	<No>34</No>
	<Title>ウッディな執務机</Title>
	<Description />
	<Rarity>3</Rarity>
	<Price>300</Price>
	<Season>0</Season>
	<Sale_from>1</Sale_from>
	<Sale_to>12</Sale_to>
</mst_furniture>
<mst_furniture>
	<Id>199</Id>
	<Type>5</Type>
	<No>35</No>
	<Title>温泉檜風呂</Title>
	<Description />
	<Rarity>5</Rarity>
	<Price>2000</Price>
	<Season>0</Season>
	<Sale_from>1</Sale_from>
	<Sale_to>12</Sale_to>
</mst_furniture>
<mst_furniture>
	<Id>200</Id>
	<Type>5</Type>
	<No>36</No>
	<Title>七面鳥のご馳走</Title>
	<Description />
	<Rarity>3</Rarity>
	<Price>3000</Price>
	<Season>0</Season>
	<Sale_from>0</Sale_from>
	<Sale_to>0</Sale_to>
</mst_furniture>
<mst_furniture>
	<Id>201</Id>
	<Type>5</Type>
	<No>37</No>
	<Title>雛人形豪華四段飾り</Title>
	<Description />
	<Rarity>5</Rarity>
	<Price>3300</Price>
	<Season>16</Season>
	<Sale_from>1</Sale_from>
	<Sale_to>12</Sale_to>
</mst_furniture>
<mst_furniture>
	<Id>202</Id>
	<Type>5</Type>
	<No>38</No>
	<Title>なし</Title>
	<Description />
	<Rarity>0</Rarity>
	<Price>0</Price>
	<Season>0</Season>
	<Sale_from>1</Sale_from>
	<Sale_to>12</Sale_to>
</mst_furniture>
<mst_furniture>
	<Id>203</Id>
	<Type>3</Type>
	<No>31</No>
	<Title>教室セット「黒板」</Title>
	<Description />
	<Rarity>4</Rarity>
	<Price>20000</Price>
	<Season>0</Season>
	<Sale_from>1</Sale_from>
	<Sale_to>12</Sale_to>
</mst_furniture>
<mst_furniture>
	<Id>204</Id>
	<Type>3</Type>
	<No>32</No>
	<Title>「200万の感謝」掛け軸</Title>
	<Description />
	<Rarity>5</Rarity>
	<Price>0</Price>
	<Season>0</Season>
	<Sale_from>0</Sale_from>
	<Sale_to>0</Sale_to>
</mst_furniture>
<mst_furniture>
	<Id>205</Id>
	<Type>3</Type>
	<No>33</No>
	<Title>「迷彩主義」掛け軸</Title>
	<Description />
	<Rarity>3</Rarity>
	<Price>1500</Price>
	<Season>0</Season>
	<Sale_from>1</Sale_from>
	<Sale_to>12</Sale_to>
</mst_furniture>
<mst_furniture>
	<Id>206</Id>
	<Type>3</Type>
	<No>34</No>
	<Title>大きな古時計</Title>
	<Description />
	<Rarity>4</Rarity>
	<Price>30000</Price>
	<Season>0</Season>
	<Sale_from>1</Sale_from>
	<Sale_to>12</Sale_to>
</mst_furniture>
<mst_furniture>
	<Id>207</Id>
	<Type>5</Type>
	<No>39</No>
	<Title>提督の書斎机</Title>
	<Description />
	<Rarity>3</Rarity>
	<Price>1900</Price>
	<Season>0</Season>
	<Sale_from>1</Sale_from>
	<Sale_to>12</Sale_to>
</mst_furniture>
<mst_furniture>
	<Id>208</Id>
	<Type>5</Type>
	<No>40</No>
	<Title>原稿机</Title>
	<Description />
	<Rarity>4</Rarity>
	<Price>1700</Price>
	<Season>0</Season>
	<Sale_from>1</Sale_from>
	<Sale_to>12</Sale_to>
</mst_furniture>
<mst_furniture>
	<Id>209</Id>
	<Type>2</Type>
	<No>30</No>
	<Title>七夕飾りの窓</Title>
	<Description />
	<Rarity>2</Rarity>
	<Price>0</Price>
	<Season>0</Season>
	<Sale_from>0</Sale_from>
	<Sale_to>0</Sale_to>
</mst_furniture>
<mst_furniture>
	<Id>210</Id>
	<Type>2</Type>
	<No>31</No>
	<Title>蚊取り線香の窓</Title>
	<Description />
	<Rarity>3</Rarity>
	<Price>1700</Price>
	<Season>0</Season>
	<Sale_from>0</Sale_from>
	<Sale_to>0</Sale_to>
</mst_furniture>
<mst_furniture>
	<Id>211</Id>
	<Type>2</Type>
	<No>32</No>
	<Title>鎮守府風鈴</Title>
	<Description />
	<Rarity>5</Rarity>
	<Price>5000</Price>
	<Season>0</Season>
	<Sale_from>1</Sale_from>
	<Sale_to>12</Sale_to>
</mst_furniture>
<mst_furniture>
	<Id>212</Id>
	<Type>4</Type>
	<No>31</No>
	<Title>夏先取りセット</Title>
	<Description />
	<Rarity>2</Rarity>
	<Price>800</Price>
	<Season>0</Season>
	<Sale_from>0</Sale_from>
	<Sale_to>0</Sale_to>
</mst_furniture>
<mst_furniture>
	<Id>213</Id>
	<Type>4</Type>
	<No>32</No>
	<Title>リゾートセット</Title>
	<Description />
	<Rarity>4</Rarity>
	<Price>1700</Price>
	<Season>0</Season>
	<Sale_from>1</Sale_from>
	<Sale_to>12</Sale_to>
</mst_furniture>
<mst_furniture>
	<Id>214</Id>
	<Type>4</Type>
	<No>33</No>
	<Title>書斎本棚</Title>
	<Description />
	<Rarity>3</Rarity>
	<Price>1900</Price>
	<Season>0</Season>
	<Sale_from>1</Sale_from>
	<Sale_to>12</Sale_to>
</mst_furniture>
<mst_furniture>
	<Id>215</Id>
	<Type>2</Type>
	<No>33</No>
	<Title>花火の窓</Title>
	<Description />
	<Rarity>3</Rarity>
	<Price>1800</Price>
	<Season>0</Season>
	<Sale_from>1</Sale_from>
	<Sale_to>12</Sale_to>
</mst_furniture>
<mst_furniture>
	<Id>216</Id>
	<Type>5</Type>
	<No>41</No>
	<Title>ビニールプール</Title>
	<Description />
	<Rarity>3</Rarity>
	<Price>1500</Price>
	<Season>0</Season>
	<Sale_from>1</Sale_from>
	<Sale_to>12</Sale_to>
</mst_furniture>
<mst_furniture>
	<Id>217</Id>
	<Type>5</Type>
	<No>42</No>
	<Title>秋刀魚の食卓</Title>
	<Description />
	<Rarity>4</Rarity>
	<Price>1500</Price>
	<Season>3</Season>
	<Sale_from>1</Sale_from>
	<Sale_to>12</Sale_to>
</mst_furniture>
<mst_furniture>
	<Id>218</Id>
	<Type>5</Type>
	<No>43</No>
	<Title>ジュークボックス</Title>
	<Description />
	<Rarity>5</Rarity>
	<Price>2000</Price>
	<Season>0</Season>
	<Sale_from>1</Sale_from>
	<Sale_to>12</Sale_to>
</mst_furniture>
<mst_furniture>
	<Id>219</Id>
	<Type>2</Type>
	<No>34</No>
	<Title>秋の気配な窓</Title>
	<Description />
	<Rarity>5</Rarity>
	<Price>27000</Price>
	<Season>3</Season>
	<Sale_from>0</Sale_from>
	<Sale_to>0</Sale_to>
</mst_furniture>
<mst_furniture>
	<Id>220</Id>
	<Type>3</Type>
	<No>35</No>
	<Title>「横須賀鎮守府」掛け軸</Title>
	<Description />
	<Rarity>2</Rarity>
	<Price>0</Price>
	<Season>0</Season>
	<Sale_from>0</Sale_from>
	<Sale_to>0</Sale_to>
</mst_furniture>
<mst_furniture>
	<Id>221</Id>
	<Type>3</Type>
	<No>36</No>
	<Title>「ありがとう」掛け軸</Title>
	<Description />
	<Rarity>4</Rarity>
	<Price>0</Price>
	<Season>13</Season>
	<Sale_from>0</Sale_from>
	<Sale_to>0</Sale_to>
</mst_furniture>
<mst_furniture>
	<Id>222</Id>
	<Type>4</Type>
	<No>34</No>
	<Title>ジュークボックス改</Title>
	<Description />
	<Rarity>5</Rarity>
	<Price>2000</Price>
	<Season>0</Season>
	<Sale_from>1</Sale_from>
	<Sale_to>12</Sale_to>
</mst_furniture>
<mst_furniture>
	<Id>223</Id>
	<Type>3</Type>
	<No>37</No>
	<Title>パーティの飾り付け</Title>
	<Description />
	<Rarity>3</Rarity>
	<Price>1200</Price>
	<Season>4</Season>
	<Sale_from>1</Sale_from>
	<Sale_to>12</Sale_to>
</mst_furniture>
<mst_furniture>
	<Id>224</Id>
	<Type>5</Type>
	<No>44</No>
	<Title>白と青のツリー</Title>
	<Description />
	<Rarity>4</Rarity>
	<Price>5000</Price>
	<Season>4</Season>
	<Sale_from>0</Sale_from>
	<Sale_to>0</Sale_to>
</mst_furniture>
<mst_furniture>
	<Id>225</Id>
	<Type>5</Type>
	<No>45</No>
	<Title>鎮守府初詣セット</Title>
	<Description />
	<Rarity>5</Rarity>
	<Price>30000</Price>
	<Season>0</Season>
	<Sale_from>0</Sale_from>
	<Sale_to>0</Sale_to>
</mst_furniture>
<mst_furniture>
	<Id>226</Id>
	<Type>3</Type>
	<No>38</No>
	<Title>新春掛け軸二〇一五</Title>
	<Description />
	<Rarity>4</Rarity>
	<Price>3000</Price>
	<Season>11</Season>
	<Sale_from>0</Sale_from>
	<Sale_to>0</Sale_to>
</mst_furniture>
<mst_furniture>
	<Id>227</Id>
	<Type>3</Type>
	<No>39</No>
	<Title>しめ飾り</Title>
	<Description />
	<Rarity>3</Rarity>
	<Price>800</Price>
	<Season>0</Season>
	<Sale_from>0</Sale_from>
	<Sale_to>0</Sale_to>
</mst_furniture>
<mst_furniture>
	<Id>228</Id>
	<Type>5</Type>
	<No>46</No>
	<Title>年越し蕎麦</Title>
	<Description />
	<Rarity>4</Rarity>
	<Price>2200</Price>
	<Season>11</Season>
	<Sale_from>0</Sale_from>
	<Sale_to>0</Sale_to>
</mst_furniture>
<mst_furniture>
	<Id>229</Id>
	<Type>4</Type>
	<No>35</No>
	<Title>門松</Title>
	<Description />
	<Rarity>4</Rarity>
	<Price>5000</Price>
	<Season>11</Season>
	<Sale_from>0</Sale_from>
	<Sale_to>0</Sale_to>
</mst_furniture>
<mst_furniture>
	<Id>230</Id>
	<Type>2</Type>
	<No>35</No>
	<Title>鎮守府カウンターバー</Title>
	<Description />
	<Rarity>5</Rarity>
	<Price>3000</Price>
	<Season>0</Season>
	<Sale_from>1</Sale_from>
	<Sale_to>12</Sale_to>
</mst_furniture>
<mst_furniture>
	<Id>231</Id>
	<Type>3</Type>
	<No>40</No>
	<Title>「250万の感謝」掛け軸</Title>
	<Description />
	<Rarity>4</Rarity>
	<Price>0</Price>
	<Season>14</Season>
	<Sale_from>0</Sale_from>
	<Sale_to>0</Sale_to>
</mst_furniture>
<mst_furniture>
	<Id>232</Id>
	<Type>5</Type>
	<No>47</No>
	<Title>チョコレートキッチン</Title>
	<Description />
	<Rarity>3</Rarity>
	<Price>1800</Price>
	<Season>15</Season>
	<Sale_from>1</Sale_from>
	<Sale_to>12</Sale_to>
</mst_furniture>
<mst_furniture>
	<Id>233</Id>
	<Type>5</Type>
	<No>48</No>
	<Title>洋酒＆ワイン棚</Title>
	<Description />
	<Rarity>4</Rarity>
	<Price>1800</Price>
	<Season>0</Season>
	<Sale_from>1</Sale_from>
	<Sale_to>12</Sale_to>
</mst_furniture>
<mst_furniture>
	<Id>234</Id>
	<Type>4</Type>
	<No>36</No>
	<Title>日本酒＆ウィスキー棚</Title>
	<Description />
	<Rarity>4</Rarity>
	<Price>1800</Price>
	<Season>0</Season>
	<Sale_from>1</Sale_from>
	<Sale_to>12</Sale_to>
</mst_furniture>
<mst_furniture>
	<Id>235</Id>
	<Type>3</Type>
	<No>41</No>
	<Title>武蔵の掛け軸</Title>
	<Description />
	<Rarity>5</Rarity>
	<Price>0</Price>
	<Season>13</Season>
	<Sale_from>1</Sale_from>
	<Sale_to>12</Sale_to>
</mst_furniture>
<mst_furniture>
	<Id>236</Id>
	<Type>1</Type>
	<No>34</No>
	<Title>春色の壁紙</Title>
	<Description />
	<Rarity>3</Rarity>
	<Price>1700</Price>
	<Season>0</Season>
	<Sale_from>0</Sale_from>
	<Sale_to>0</Sale_to>
</mst_furniture>
<mst_furniture>
	<Id>237</Id>
	<Type>1</Type>
	<No>35</No>
	<Title>バー仕様の壁</Title>
	<Description />
	<Rarity>5</Rarity>
	<Price>1800</Price>
	<Season>0</Season>
	<Sale_from>1</Sale_from>
	<Sale_to>12</Sale_to>
</mst_furniture>
<mst_furniture>
	<Id>238</Id>
	<Type>1</Type>
	<No>36</No>
	<Title>梅紫の壁紙</Title>
	<Description />
	<Rarity>2</Rarity>
	<Price>700</Price>
	<Season>0</Season>
	<Sale_from>1</Sale_from>
	<Sale_to>12</Sale_to>
</mst_furniture>
<mst_furniture>
	<Id>239</Id>
	<Type>4</Type>
	<No>37</No>
	<Title>脱衣所</Title>
	<Description />
	<Rarity>4</Rarity>
	<Price>2300</Price>
	<Season>0</Season>
	<Sale_from>1</Sale_from>
	<Sale_to>12</Sale_to>
</mst_furniture>
<mst_furniture>
	<Id>240</Id>
	<Type>5</Type>
	<No>49</No>
	<Title>温泉岩風呂</Title>
	<Description />
	<Rarity>5</Rarity>
	<Price>9500</Price>
	<Season>0</Season>
	<Sale_from>0</Sale_from>
	<Sale_to>0</Sale_to>
</mst_furniture>
<mst_furniture>
	<Id>241</Id>
	<Type>3</Type>
	<No>42</No>
	<Title>富嶽タイル画</Title>
	<Description />
	<Rarity>4</Rarity>
	<Price>1980</Price>
	<Season>0</Season>
	<Sale_from>1</Sale_from>
	<Sale_to>12</Sale_to>
</mst_furniture>
<mst_furniture>
	<Id>242</Id>
	<Type>3</Type>
	<No>43</No>
	<Title>「二周年記念」掛け軸</Title>
	<Description />
	<Rarity>4</Rarity>
	<Price>0</Price>
	<Season>0</Season>
	<Sale_from>0</Sale_from>
	<Sale_to>0</Sale_to>
</mst_furniture>
<mst_furniture>
	<Id>243</Id>
	<Type>1</Type>
	<No>37</No>
	<Title>梅雨の壁紙</Title>
	<Description />
	<Rarity>2</Rarity>
	<Price>600</Price>
	<Season>0</Season>
	<Sale_from>0</Sale_from>
	<Sale_to>0</Sale_to>
</mst_furniture>
<mst_furniture>
	<Id>244</Id>
	<Type>2</Type>
	<No>36</No>
	<Title>梅雨の緑カーテン窓</Title>
	<Description />
	<Rarity>4</Rarity>
	<Price>3000</Price>
	<Season>17</Season>
	<Sale_from>1</Sale_from>
	<Sale_to>12</Sale_to>
</mst_furniture>
<mst_furniture>
	<Id>245</Id>
	<Type>5</Type>
	<No>50</No>
	<Title>紫陽花鉢の提督机</Title>
	<Description />
	<Rarity>5</Rarity>
	<Price>1400</Price>
	<Season>0</Season>
	<Sale_from>1</Sale_from>
	<Sale_to>12</Sale_to>
</mst_furniture>
<mst_furniture>
	<Id>246</Id>
	<Type>4</Type>
	<No>38</No>
	<Title>レインコート＆傘掛け</Title>
	<Description />
	<Rarity>3</Rarity>
	<Price>1300</Price>
	<Season>0</Season>
	<Sale_from>1</Sale_from>
	<Sale_to>12</Sale_to>
</mst_furniture>
<mst_furniture>
	<Id>247</Id>
	<Type>3</Type>
	<No>44</No>
	<Title>「300万の感謝」掛け軸</Title>
	<Description />
	<Rarity>5</Rarity>
	<Price>0</Price>
	<Season>0</Season>
	<Sale_from>0</Sale_from>
	<Sale_to>0</Sale_to>
</mst_furniture>
<mst_furniture>
	<Id>248</Id>
	<Type>5</Type>
	<No>51</No>
	<Title>水風呂</Title>
	<Description />
	<Rarity>5</Rarity>
	<Price>7500</Price>
	<Season>0</Season>
	<Sale_from>1</Sale_from>
	<Sale_to>12</Sale_to>
</mst_furniture>
<mst_furniture>
	<Id>249</Id>
	<Type>2</Type>
	<No>37</No>
	<Title>鬼灯の花の窓</Title>
	<Description />
	<Rarity>3</Rarity>
	<Price>1880</Price>
	<Season>0</Season>
	<Sale_from>0</Sale_from>
	<Sale_to>0</Sale_to>
</mst_furniture>
<mst_furniture>
	<Id>250</Id>
	<Type>5</Type>
	<No>52</No>
	<Title>鎮守府浜茶屋</Title>
	<Description />
	<Rarity>4</Rarity>
	<Price>4000</Price>
	<Season>2</Season>
	<Sale_from>0</Sale_from>
	<Sale_to>0</Sale_to>
</mst_furniture>
<mst_furniture>
	<Id>251</Id>
	<Type>2</Type>
	<No>38</No>
	<Title>浜茶屋の窓</Title>
	<Description />
	<Rarity>4</Rarity>
	<Price>2000</Price>
	<Season>2</Season>
	<Sale_from>0</Sale_from>
	<Sale_to>0</Sale_to>
</mst_furniture>
<mst_furniture>
	<Id>252</Id>
	<Type>4</Type>
	<No>39</No>
	<Title>業務用かき氷器</Title>
	<Description />
	<Rarity>3</Rarity>
	<Price>1300</Price>
	<Season>0</Season>
	<Sale_from>0</Sale_from>
	<Sale_to>0</Sale_to>
</mst_furniture>
<mst_furniture>
	<Id>253</Id>
	<Type>1</Type>
	<No>38</No>
	<Title>浜茶屋の仮設壁板</Title>
	<Description />
	<Rarity>3</Rarity>
	<Price>900</Price>
	<Season>0</Season>
	<Sale_from>0</Sale_from>
	<Sale_to>0</Sale_to>
</mst_furniture>
<mst_furniture>
	<Id>254</Id>
	<Type>3</Type>
	<No>45</No>
	<Title>艦隊氷旗</Title>
	<Description />
	<Rarity>2</Rarity>
	<Price>500</Price>
	<Season>0</Season>
	<Sale_from>0</Sale_from>
	<Sale_to>0</Sale_to>
</mst_furniture>
<mst_furniture>
	<Id>255</Id>
	<Type>0</Type>
	<No>37</No>
	<Title>浜茶屋の床</Title>
	<Description />
	<Rarity>3</Rarity>
	<Price>1800</Price>
	<Season>0</Season>
	<Sale_from>0</Sale_from>
	<Sale_to>0</Sale_to>
</mst_furniture>
<mst_furniture>
	<Id>256</Id>
	<Type>3</Type>
	<No>46</No>
	<Title>「観艦式」掛け軸</Title>
	<Description />
	<Rarity>3</Rarity>
	<Price>880</Price>
	<Season>0</Season>
	<Sale_from>1</Sale_from>
	<Sale_to>12</Sale_to>
</mst_furniture>
<mst_furniture>
	<Id>257</Id>
	<Type>5</Type>
	<No>53</No>
	<Title>鎮守府秋祭りの屋台</Title>
	<Description />
	<Rarity>4</Rarity>
	<Price>2200</Price>
	<Season>21</Season>
	<Sale_from>1</Sale_from>
	<Sale_to>12</Sale_to>
</mst_furniture>
<mst_furniture>
	<Id>258</Id>
	<Type>5</Type>
	<No>54</No>
	<Title>鎮守府秋祭りの射的</Title>
	<Description />
	<Rarity>4</Rarity>
	<Price>30000</Price>
	<Season>21</Season>
	<Sale_from>1</Sale_from>
	<Sale_to>12</Sale_to>
</mst_furniture>
<mst_furniture>
	<Id>259</Id>
	<Type>3</Type>
	<No>47</No>
	<Title>「ラバウル基地」掛け軸</Title>
	<Description />
	<Rarity>2</Rarity>
	<Price>0</Price>
	<Season>0</Season>
	<Sale_from>0</Sale_from>
	<Sale_to>0</Sale_to>
</mst_furniture>
<mst_furniture>
	<Id>260</Id>
	<Type>3</Type>
	<No>48</No>
	<Title>「ブイン基地」掛け軸</Title>
	<Description />
	<Rarity>2</Rarity>
	<Price>0</Price>
	<Season>0</Season>
	<Sale_from>0</Sale_from>
	<Sale_to>0</Sale_to>
</mst_furniture>
<mst_furniture>
	<Id>261</Id>
	<Type>3</Type>
	<No>49</No>
	<Title>艦隊大漁旗</Title>
	<Description />
	<Rarity>4</Rarity>
	<Price>0</Price>
	<Season>0</Season>
	<Sale_from>0</Sale_from>
	<Sale_to>0</Sale_to>
</mst_furniture>
<mst_furniture>
	<Id>262</Id>
	<Type>5</Type>
	<No>55</No>
	<Title>鎮守府秋刀魚祭り</Title>
	<Description />
	<Rarity>4</Rarity>
	<Price>3800</Price>
	<Season>0</Season>
	<Sale_from>0</Sale_from>
	<Sale_to>0</Sale_to>
</mst_furniture>
<mst_furniture>
	<Id>263</Id>
	<Type>4</Type>
	<No>40</No>
	<Title>北方迷彩な桐箪笥</Title>
	<Description />
	<Rarity>5</Rarity>
	<Price>5500</Price>
	<Season>22</Season>
	<Sale_from>1</Sale_from>
	<Sale_to>12</Sale_to>
</mst_furniture>
</mst_furniture_data>
