<?xml version="1.0" encoding="utf-8"?>
<mst_equip_ship_data xmlns:i="http://www.w3.org/2001/XMLSchema-instance">
<mst_equip_ship>
	<Ship_id>178</Ship_id>
	<Equip_type>3,4,5,10,12,13,16,17,18,19,20,21,23,28,29,33,34,36,39,40,42,43,93</Equip_type>
</mst_equip_ship>
<mst_equip_ship>
	<Ship_id>131</Ship_id>
	<Equip_type>2,3,4,10,12,13,16,17,18,19,20,21,23,28,29,33,34,36,38,39,40,42,43,93</Equip_type>
</mst_equip_ship>
<mst_equip_ship>
	<Ship_id>136</Ship_id>
	<Equip_type>2,3,4,10,12,13,16,17,18,19,20,21,23,28,29,33,34,36,38,39,40,42,43,93</Equip_type>
</mst_equip_ship>
<mst_equip_ship>
	<Ship_id>143</Ship_id>
	<Equip_type>2,3,4,10,12,13,16,17,18,19,20,21,23,28,29,33,34,36,38,39,40,42,43,93</Equip_type>
</mst_equip_ship>
<mst_equip_ship>
	<Ship_id>148</Ship_id>
	<Equip_type>2,3,4,10,12,13,16,17,18,19,20,21,23,28,29,33,34,36,38,39,40,42,43,93</Equip_type>
</mst_equip_ship>
<mst_equip_ship>
	<Ship_id>275</Ship_id>
	<Equip_type>2,3,4,10,12,13,16,17,18,19,20,21,23,28,29,33,34,36,38,39,40,42,43,93</Equip_type>
</mst_equip_ship>
<mst_equip_ship>
	<Ship_id>276</Ship_id>
	<Equip_type>2,3,4,10,12,13,16,17,18,19,20,21,23,28,29,33,34,36,38,39,40,42,43,93</Equip_type>
</mst_equip_ship>
<mst_equip_ship>
	<Ship_id>445</Ship_id>
	<Equip_type>1,4,10,11,12,13,15,16,17,20,21,23,27,29,30,33,34,36,39,40,41,43</Equip_type>
</mst_equip_ship>
<mst_equip_ship>
	<Ship_id>450</Ship_id>
	<Equip_type>1,4,10,11,12,13,14,15,16,17,20,21,23,27,29,30,33,34,35,36,37,39,40,41,43</Equip_type>
</mst_equip_ship>
<mst_equip_ship>
	<Ship_id>200</Ship_id>
	<Equip_type>1,2,4,5,10,12,13,14,15,17,20,21,22,23,24,29,30,33,34,36,37,39,43</Equip_type>
</mst_equip_ship>
<mst_equip_ship>
	<Ship_id>352</Ship_id>
	<Equip_type>1,8,10,11,12,13,14,17,20,21,23,25,30,35,36,43,44</Equip_type>
</mst_equip_ship>
<mst_equip_ship>
	<Ship_id>343</Ship_id>
	<Equip_type>1,2,4,5,10,12,13,14,15,17,20,21,23,27,29,34,36,39,43</Equip_type>
</mst_equip_ship>
<mst_equip_ship>
	<Ship_id>356</Ship_id>
	<Equip_type>1,2,4,5,10,12,13,14,15,17,20,21,23,27,29,34,36,39,43</Equip_type>
</mst_equip_ship>
</mst_equip_ship_data>
