﻿<?xml version="1.0" encoding="utf-8"?>
<mst_files>
	<item>
		<name>mst_ship</name>
	</item>
	<item>
		<name>mst_slotitem</name>
	</item>
	<item>
		<name>mst_mapinfo</name>
	</item>
	<item>
		<name>mst_maparea</name>
	</item>
	<item>
		<name>mst_useitem</name>
	</item>
	<item>
		<name>mst_stype</name>
	</item>
	<item>
		<name>mst_mission2</name>
	</item>
	<item>
		<name>mst_shipupgrade</name>
	</item>
	<item>
		<name>mst_furniture</name>
	</item>
	<item>
		<name>mst_shipgraph</name>
	</item>
	<item>
		<name>mst_ship_resources</name>
	</item>
	<item>
		<name>mst_item_limit</name>
	</item>
	<item>
		<name>mst_equip</name>
	</item>
	<item>
		<name>mst_equip_ship</name>
	</item>
	<item>
		<name>mst_equip_category</name>
	</item>
	<item>
		<name>mst_shipgraphbattle</name>
	</item>
	<item>
		<name>mst_const</name>
	</item>
	<item>
		<name>mst_questcount</name>
	</item>
	<item>
		<name>mst_rebellionpoint</name>
	</item>
	<item>
		<name>mst_bgm_jukebox</name>
	</item>
	<item>
		<name>mst_bgm_season</name>
	</item>
	<item>
		<name>mst_radingtype</name>
	</item>
	<item>
		<name>mst_radingrate</name>
	</item>
</mst_files>
