<?xml version="1.0" encoding="utf-8"?>
<mst_item_limit_data xmlns:i="http://www.w3.org/2001/XMLSchema-instance">
<mst_item_limit>
	<Id>1</Id>
	<Material_id>1</Material_id>
	<Useitem_id>0</Useitem_id>
	<Slotitem_id>0</Slotitem_id>
	<Max_items>300000</Max_items>
</mst_item_limit>
<mst_item_limit>
	<Id>2</Id>
	<Material_id>2</Material_id>
	<Useitem_id>0</Useitem_id>
	<Slotitem_id>0</Slotitem_id>
	<Max_items>300000</Max_items>
</mst_item_limit>
<mst_item_limit>
	<Id>3</Id>
	<Material_id>3</Material_id>
	<Useitem_id>0</Useitem_id>
	<Slotitem_id>0</Slotitem_id>
	<Max_items>300000</Max_items>
</mst_item_limit>
<mst_item_limit>
	<Id>4</Id>
	<Material_id>4</Material_id>
	<Useitem_id>0</Useitem_id>
	<Slotitem_id>0</Slotitem_id>
	<Max_items>300000</Max_items>
</mst_item_limit>
<mst_item_limit>
	<Id>5</Id>
	<Material_id>7</Material_id>
	<Useitem_id>0</Useitem_id>
	<Slotitem_id>0</Slotitem_id>
	<Max_items>3000</Max_items>
</mst_item_limit>
<mst_item_limit>
	<Id>6</Id>
	<Material_id>5</Material_id>
	<Useitem_id>0</Useitem_id>
	<Slotitem_id>0</Slotitem_id>
	<Max_items>3000</Max_items>
</mst_item_limit>
<mst_item_limit>
	<Id>7</Id>
	<Material_id>6</Material_id>
	<Useitem_id>0</Useitem_id>
	<Slotitem_id>0</Slotitem_id>
	<Max_items>3000</Max_items>
</mst_item_limit>
<mst_item_limit>
	<Id>8</Id>
	<Material_id>8</Material_id>
	<Useitem_id>0</Useitem_id>
	<Slotitem_id>0</Slotitem_id>
	<Max_items>3000</Max_items>
</mst_item_limit>
<mst_item_limit>
	<Id>9</Id>
	<Material_id>0</Material_id>
	<Useitem_id>49</Useitem_id>
	<Slotitem_id>0</Slotitem_id>
	<Max_items>999999</Max_items>
</mst_item_limit>
<mst_item_limit>
	<Id>10</Id>
	<Material_id>0</Material_id>
	<Useitem_id>52</Useitem_id>
	<Slotitem_id>0</Slotitem_id>
	<Max_items>999999</Max_items>
</mst_item_limit>
<mst_item_limit>
	<Id>11</Id>
	<Material_id>0</Material_id>
	<Useitem_id>53</Useitem_id>
	<Slotitem_id>0</Slotitem_id>
	<Max_items>999999</Max_items>
</mst_item_limit>
<mst_item_limit>
	<Id>12</Id>
	<Material_id>0</Material_id>
	<Useitem_id>54</Useitem_id>
	<Slotitem_id>0</Slotitem_id>
	<Max_items>999999</Max_items>
</mst_item_limit>
<mst_item_limit>
	<Id>13</Id>
	<Material_id>0</Material_id>
	<Useitem_id>55</Useitem_id>
	<Slotitem_id>0</Slotitem_id>
	<Max_items>999999</Max_items>
</mst_item_limit>
<mst_item_limit>
	<Id>14</Id>
	<Material_id>0</Material_id>
	<Useitem_id>59</Useitem_id>
	<Slotitem_id>0</Slotitem_id>
	<Max_items>999999</Max_items>
</mst_item_limit>
<mst_item_limit>
	<Id>15</Id>
	<Material_id>0</Material_id>
	<Useitem_id>60</Useitem_id>
	<Slotitem_id>0</Slotitem_id>
	<Max_items>999</Max_items>
</mst_item_limit>
<mst_item_limit>
	<Id>16</Id>
	<Material_id>0</Material_id>
	<Useitem_id>0</Useitem_id>
	<Slotitem_id>42</Slotitem_id>
	<Max_items>999999</Max_items>
</mst_item_limit>
<mst_item_limit>
	<Id>17</Id>
	<Material_id>0</Material_id>
	<Useitem_id>0</Useitem_id>
	<Slotitem_id>43</Slotitem_id>
	<Max_items>999999</Max_items>
</mst_item_limit>
</mst_item_limit_data>
