<?xml version="1.0" encoding="utf-8"?>
<mst_createship_data xmlns:i="http://www.w3.org/2001/XMLSchema-instance">
<mst_createship>
	<Id>1</Id>
	<Group_id>1</Group_id>
	<Ship_id>83</Ship_id>
	<Change_flag>0</Change_flag>
</mst_createship>
<mst_createship>
	<Id>2</Id>
	<Group_id>1</Group_id>
	<Ship_id>84</Ship_id>
	<Change_flag>0</Change_flag>
</mst_createship>
<mst_createship>
	<Id>3</Id>
	<Group_id>1</Group_id>
	<Ship_id>90</Ship_id>
	<Change_flag>0</Change_flag>
</mst_createship>
<mst_createship>
	<Id>4</Id>
	<Group_id>1</Group_id>
	<Ship_id>91</Ship_id>
	<Change_flag>0</Change_flag>
</mst_createship>
<mst_createship>
	<Id>5</Id>
	<Group_id>1</Group_id>
	<Ship_id>71</Ship_id>
	<Change_flag>0</Change_flag>
</mst_createship>
<mst_createship>
	<Id>6</Id>
	<Group_id>1</Group_id>
	<Ship_id>72</Ship_id>
	<Change_flag>0</Change_flag>
</mst_createship>
<mst_createship>
	<Id>7</Id>
	<Group_id>1</Group_id>
	<Ship_id>75</Ship_id>
	<Change_flag>0</Change_flag>
</mst_createship>
<mst_createship>
	<Id>8</Id>
	<Group_id>1</Group_id>
	<Ship_id>92</Ship_id>
	<Change_flag>0</Change_flag>
</mst_createship>
<mst_createship>
	<Id>9</Id>
	<Group_id>1</Group_id>
	<Ship_id>84</Ship_id>
	<Change_flag>0</Change_flag>
</mst_createship>
<mst_createship>
	<Id>10</Id>
	<Group_id>1</Group_id>
	<Ship_id>90</Ship_id>
	<Change_flag>0</Change_flag>
</mst_createship>
<mst_createship>
	<Id>11</Id>
	<Group_id>1</Group_id>
	<Ship_id>92</Ship_id>
	<Change_flag>0</Change_flag>
</mst_createship>
<mst_createship>
	<Id>12</Id>
	<Group_id>1</Group_id>
	<Ship_id>132</Ship_id>
	<Change_flag>0</Change_flag>
</mst_createship>
<mst_createship>
	<Id>13</Id>
	<Group_id>1</Group_id>
	<Ship_id>111</Ship_id>
	<Change_flag>0</Change_flag>
</mst_createship>
<mst_createship>
	<Id>14</Id>
	<Group_id>1</Group_id>
	<Ship_id>74</Ship_id>
	<Change_flag>0</Change_flag>
</mst_createship>
<mst_createship>
	<Id>15</Id>
	<Group_id>1</Group_id>
	<Ship_id>116</Ship_id>
	<Change_flag>0</Change_flag>
</mst_createship>
<mst_createship>
	<Id>16</Id>
	<Group_id>1</Group_id>
	<Ship_id>114</Ship_id>
	<Change_flag>0</Change_flag>
</mst_createship>
<mst_createship>
	<Id>17</Id>
	<Group_id>1</Group_id>
	<Ship_id>76</Ship_id>
	<Change_flag>0</Change_flag>
</mst_createship>
<mst_createship>
	<Id>18</Id>
	<Group_id>1</Group_id>
	<Ship_id>110</Ship_id>
	<Change_flag>0</Change_flag>
</mst_createship>
<mst_createship>
	<Id>19</Id>
	<Group_id>1</Group_id>
	<Ship_id>75</Ship_id>
	<Change_flag>0</Change_flag>
</mst_createship>
<mst_createship>
	<Id>20</Id>
	<Group_id>1</Group_id>
	<Ship_id>92</Ship_id>
	<Change_flag>0</Change_flag>
</mst_createship>
<mst_createship>
	<Id>21</Id>
	<Group_id>1</Group_id>
	<Ship_id>74</Ship_id>
	<Change_flag>0</Change_flag>
</mst_createship>
<mst_createship>
	<Id>22</Id>
	<Group_id>1</Group_id>
	<Ship_id>75</Ship_id>
	<Change_flag>0</Change_flag>
</mst_createship>
<mst_createship>
	<Id>23</Id>
	<Group_id>1</Group_id>
	<Ship_id>92</Ship_id>
	<Change_flag>0</Change_flag>
</mst_createship>
<mst_createship>
	<Id>24</Id>
	<Group_id>1</Group_id>
	<Ship_id>76</Ship_id>
	<Change_flag>0</Change_flag>
</mst_createship>
<mst_createship>
	<Id>25</Id>
	<Group_id>1</Group_id>
	<Ship_id>74</Ship_id>
	<Change_flag>0</Change_flag>
</mst_createship>
<mst_createship>
	<Id>26</Id>
	<Group_id>1</Group_id>
	<Ship_id>102</Ship_id>
	<Change_flag>0</Change_flag>
</mst_createship>
<mst_createship>
	<Id>27</Id>
	<Group_id>1</Group_id>
	<Ship_id>103</Ship_id>
	<Change_flag>0</Change_flag>
</mst_createship>
<mst_createship>
	<Id>28</Id>
	<Group_id>1</Group_id>
	<Ship_id>74</Ship_id>
	<Change_flag>0</Change_flag>
</mst_createship>
<mst_createship>
	<Id>29</Id>
	<Group_id>1</Group_id>
	<Ship_id>76</Ship_id>
	<Change_flag>0</Change_flag>
</mst_createship>
<mst_createship>
	<Id>30</Id>
	<Group_id>1</Group_id>
	<Ship_id>102</Ship_id>
	<Change_flag>0</Change_flag>
</mst_createship>
<mst_createship>
	<Id>31</Id>
	<Group_id>1</Group_id>
	<Ship_id>103</Ship_id>
	<Change_flag>0</Change_flag>
</mst_createship>
<mst_createship>
	<Id>32</Id>
	<Group_id>1</Group_id>
	<Ship_id>89</Ship_id>
	<Change_flag>0</Change_flag>
</mst_createship>
<mst_createship>
	<Id>33</Id>
	<Group_id>1</Group_id>
	<Ship_id>102</Ship_id>
	<Change_flag>0</Change_flag>
</mst_createship>
<mst_createship>
	<Id>34</Id>
	<Group_id>1</Group_id>
	<Ship_id>103</Ship_id>
	<Change_flag>0</Change_flag>
</mst_createship>
<mst_createship>
	<Id>35</Id>
	<Group_id>1</Group_id>
	<Ship_id>89</Ship_id>
	<Change_flag>0</Change_flag>
</mst_createship>
<mst_createship>
	<Id>36</Id>
	<Group_id>1</Group_id>
	<Ship_id>102</Ship_id>
	<Change_flag>0</Change_flag>
</mst_createship>
<mst_createship>
	<Id>37</Id>
	<Group_id>1</Group_id>
	<Ship_id>103</Ship_id>
	<Change_flag>0</Change_flag>
</mst_createship>
<mst_createship>
	<Id>38</Id>
	<Group_id>1</Group_id>
	<Ship_id>102</Ship_id>
	<Change_flag>0</Change_flag>
</mst_createship>
<mst_createship>
	<Id>39</Id>
	<Group_id>1</Group_id>
	<Ship_id>103</Ship_id>
	<Change_flag>0</Change_flag>
</mst_createship>
<mst_createship>
	<Id>40</Id>
	<Group_id>1</Group_id>
	<Ship_id>54</Ship_id>
	<Change_flag>0</Change_flag>
</mst_createship>
<mst_createship>
	<Id>41</Id>
	<Group_id>1</Group_id>
	<Ship_id>55</Ship_id>
	<Change_flag>0</Change_flag>
</mst_createship>
<mst_createship>
	<Id>42</Id>
	<Group_id>1</Group_id>
	<Ship_id>56</Ship_id>
	<Change_flag>0</Change_flag>
</mst_createship>
<mst_createship>
	<Id>43</Id>
	<Group_id>1</Group_id>
	<Ship_id>25</Ship_id>
	<Change_flag>0</Change_flag>
</mst_createship>
<mst_createship>
	<Id>44</Id>
	<Group_id>1</Group_id>
	<Ship_id>99</Ship_id>
	<Change_flag>0</Change_flag>
</mst_createship>
<mst_createship>
	<Id>45</Id>
	<Group_id>1</Group_id>
	<Ship_id>22</Ship_id>
	<Change_flag>0</Change_flag>
</mst_createship>
<mst_createship>
	<Id>46</Id>
	<Group_id>1</Group_id>
	<Ship_id>60</Ship_id>
	<Change_flag>0</Change_flag>
</mst_createship>
<mst_createship>
	<Id>47</Id>
	<Group_id>1</Group_id>
	<Ship_id>53</Ship_id>
	<Change_flag>0</Change_flag>
</mst_createship>
<mst_createship>
	<Id>48</Id>
	<Group_id>1</Group_id>
	<Ship_id>100</Ship_id>
	<Change_flag>0</Change_flag>
</mst_createship>
<mst_createship>
	<Id>49</Id>
	<Group_id>1</Group_id>
	<Ship_id>101</Ship_id>
	<Change_flag>0</Change_flag>
</mst_createship>
<mst_createship>
	<Id>50</Id>
	<Group_id>1</Group_id>
	<Ship_id>21</Ship_id>
	<Change_flag>0</Change_flag>
</mst_createship>
<mst_createship>
	<Id>51</Id>
	<Group_id>1</Group_id>
	<Ship_id>102</Ship_id>
	<Change_flag>0</Change_flag>
</mst_createship>
<mst_createship>
	<Id>52</Id>
	<Group_id>1</Group_id>
	<Ship_id>103</Ship_id>
	<Change_flag>0</Change_flag>
</mst_createship>
<mst_createship>
	<Id>53</Id>
	<Group_id>1</Group_id>
	<Ship_id>75</Ship_id>
	<Change_flag>0</Change_flag>
</mst_createship>
<mst_createship>
	<Id>54</Id>
	<Group_id>1</Group_id>
	<Ship_id>92</Ship_id>
	<Change_flag>0</Change_flag>
</mst_createship>
<mst_createship>
	<Id>55</Id>
	<Group_id>1</Group_id>
	<Ship_id>74</Ship_id>
	<Change_flag>0</Change_flag>
</mst_createship>
<mst_createship>
	<Id>56</Id>
	<Group_id>1</Group_id>
	<Ship_id>76</Ship_id>
	<Change_flag>0</Change_flag>
</mst_createship>
<mst_createship>
	<Id>57</Id>
	<Group_id>1</Group_id>
	<Ship_id>74</Ship_id>
	<Change_flag>0</Change_flag>
</mst_createship>
<mst_createship>
	<Id>58</Id>
	<Group_id>1</Group_id>
	<Ship_id>89</Ship_id>
	<Change_flag>0</Change_flag>
</mst_createship>
<mst_createship>
	<Id>59</Id>
	<Group_id>1</Group_id>
	<Ship_id>102</Ship_id>
	<Change_flag>0</Change_flag>
</mst_createship>
<mst_createship>
	<Id>60</Id>
	<Group_id>1</Group_id>
	<Ship_id>103</Ship_id>
	<Change_flag>0</Change_flag>
</mst_createship>
<mst_createship>
	<Id>61</Id>
	<Group_id>1</Group_id>
	<Ship_id>89</Ship_id>
	<Change_flag>0</Change_flag>
</mst_createship>
<mst_createship>
	<Id>62</Id>
	<Group_id>1</Group_id>
	<Ship_id>74</Ship_id>
	<Change_flag>0</Change_flag>
</mst_createship>
<mst_createship>
	<Id>63</Id>
	<Group_id>1</Group_id>
	<Ship_id>76</Ship_id>
	<Change_flag>0</Change_flag>
</mst_createship>
<mst_createship>
	<Id>64</Id>
	<Group_id>1</Group_id>
	<Ship_id>89</Ship_id>
	<Change_flag>0</Change_flag>
</mst_createship>
<mst_createship>
	<Id>65</Id>
	<Group_id>1</Group_id>
	<Ship_id>102</Ship_id>
	<Change_flag>0</Change_flag>
</mst_createship>
<mst_createship>
	<Id>66</Id>
	<Group_id>1</Group_id>
	<Ship_id>103</Ship_id>
	<Change_flag>0</Change_flag>
</mst_createship>
<mst_createship>
	<Id>67</Id>
	<Group_id>1</Group_id>
	<Ship_id>75</Ship_id>
	<Change_flag>0</Change_flag>
</mst_createship>
<mst_createship>
	<Id>68</Id>
	<Group_id>1</Group_id>
	<Ship_id>92</Ship_id>
	<Change_flag>0</Change_flag>
</mst_createship>
<mst_createship>
	<Id>69</Id>
	<Group_id>1</Group_id>
	<Ship_id>115</Ship_id>
	<Change_flag>0</Change_flag>
</mst_createship>
<mst_createship>
	<Id>70</Id>
	<Group_id>1</Group_id>
	<Ship_id>17</Ship_id>
	<Change_flag>0</Change_flag>
</mst_createship>
<mst_createship>
	<Id>71</Id>
	<Group_id>1</Group_id>
	<Ship_id>18</Ship_id>
	<Change_flag>0</Change_flag>
</mst_createship>
<mst_createship>
	<Id>72</Id>
	<Group_id>1</Group_id>
	<Ship_id>113</Ship_id>
	<Change_flag>0</Change_flag>
</mst_createship>
<mst_createship>
	<Id>73</Id>
	<Group_id>1</Group_id>
	<Ship_id>70</Ship_id>
	<Change_flag>0</Change_flag>
</mst_createship>
<mst_createship>
	<Id>74</Id>
	<Group_id>1</Group_id>
	<Ship_id>71</Ship_id>
	<Change_flag>0</Change_flag>
</mst_createship>
<mst_createship>
	<Id>75</Id>
	<Group_id>1</Group_id>
	<Ship_id>72</Ship_id>
	<Change_flag>0</Change_flag>
</mst_createship>
<mst_createship>
	<Id>76</Id>
	<Group_id>1</Group_id>
	<Ship_id>54</Ship_id>
	<Change_flag>0</Change_flag>
</mst_createship>
<mst_createship>
	<Id>77</Id>
	<Group_id>1</Group_id>
	<Ship_id>89</Ship_id>
	<Change_flag>0</Change_flag>
</mst_createship>
<mst_createship>
	<Id>78</Id>
	<Group_id>1</Group_id>
	<Ship_id>70</Ship_id>
	<Change_flag>0</Change_flag>
</mst_createship>
<mst_createship>
	<Id>79</Id>
	<Group_id>1</Group_id>
	<Ship_id>47</Ship_id>
	<Change_flag>0</Change_flag>
</mst_createship>
<mst_createship>
	<Id>80</Id>
	<Group_id>1</Group_id>
	<Ship_id>42</Ship_id>
	<Change_flag>0</Change_flag>
</mst_createship>
<mst_createship>
	<Id>81</Id>
	<Group_id>1</Group_id>
	<Ship_id>43</Ship_id>
	<Change_flag>0</Change_flag>
</mst_createship>
<mst_createship>
	<Id>82</Id>
	<Group_id>1</Group_id>
	<Ship_id>89</Ship_id>
	<Change_flag>0</Change_flag>
</mst_createship>
<mst_createship>
	<Id>83</Id>
	<Group_id>1</Group_id>
	<Ship_id>102</Ship_id>
	<Change_flag>0</Change_flag>
</mst_createship>
<mst_createship>
	<Id>84</Id>
	<Group_id>1</Group_id>
	<Ship_id>103</Ship_id>
	<Change_flag>0</Change_flag>
</mst_createship>
<mst_createship>
	<Id>85</Id>
	<Group_id>1</Group_id>
	<Ship_id>38</Ship_id>
	<Change_flag>0</Change_flag>
</mst_createship>
<mst_createship>
	<Id>86</Id>
	<Group_id>1</Group_id>
	<Ship_id>54</Ship_id>
	<Change_flag>0</Change_flag>
</mst_createship>
<mst_createship>
	<Id>87</Id>
	<Group_id>1</Group_id>
	<Ship_id>55</Ship_id>
	<Change_flag>0</Change_flag>
</mst_createship>
<mst_createship>
	<Id>88</Id>
	<Group_id>1</Group_id>
	<Ship_id>56</Ship_id>
	<Change_flag>0</Change_flag>
</mst_createship>
<mst_createship>
	<Id>89</Id>
	<Group_id>1</Group_id>
	<Ship_id>34</Ship_id>
	<Change_flag>0</Change_flag>
</mst_createship>
<mst_createship>
	<Id>90</Id>
	<Group_id>1</Group_id>
	<Ship_id>35</Ship_id>
	<Change_flag>0</Change_flag>
</mst_createship>
<mst_createship>
	<Id>91</Id>
	<Group_id>1</Group_id>
	<Ship_id>36</Ship_id>
	<Change_flag>0</Change_flag>
</mst_createship>
<mst_createship>
	<Id>92</Id>
	<Group_id>1</Group_id>
	<Ship_id>37</Ship_id>
	<Change_flag>0</Change_flag>
</mst_createship>
<mst_createship>
	<Id>93</Id>
	<Group_id>1</Group_id>
	<Ship_id>9</Ship_id>
	<Change_flag>0</Change_flag>
</mst_createship>
<mst_createship>
	<Id>94</Id>
	<Group_id>1</Group_id>
	<Ship_id>10</Ship_id>
	<Change_flag>0</Change_flag>
</mst_createship>
<mst_createship>
	<Id>95</Id>
	<Group_id>1</Group_id>
	<Ship_id>32</Ship_id>
	<Change_flag>0</Change_flag>
</mst_createship>
<mst_createship>
	<Id>96</Id>
	<Group_id>1</Group_id>
	<Ship_id>11</Ship_id>
	<Change_flag>0</Change_flag>
</mst_createship>
<mst_createship>
	<Id>97</Id>
	<Group_id>1</Group_id>
	<Ship_id>12</Ship_id>
	<Change_flag>0</Change_flag>
</mst_createship>
<mst_createship>
	<Id>98</Id>
	<Group_id>1</Group_id>
	<Ship_id>33</Ship_id>
	<Change_flag>0</Change_flag>
</mst_createship>
<mst_createship>
	<Id>99</Id>
	<Group_id>1</Group_id>
	<Ship_id>13</Ship_id>
	<Change_flag>0</Change_flag>
</mst_createship>
<mst_createship>
	<Id>100</Id>
	<Group_id>1</Group_id>
	<Ship_id>14</Ship_id>
	<Change_flag>0</Change_flag>
</mst_createship>
<mst_createship>
	<Id>101</Id>
	<Group_id>2</Group_id>
	<Ship_id>80</Ship_id>
	<Change_flag>0</Change_flag>
</mst_createship>
<mst_createship>
	<Id>102</Id>
	<Group_id>2</Group_id>
	<Ship_id>81</Ship_id>
	<Change_flag>0</Change_flag>
</mst_createship>
<mst_createship>
	<Id>103</Id>
	<Group_id>2</Group_id>
	<Ship_id>77</Ship_id>
	<Change_flag>0</Change_flag>
</mst_createship>
<mst_createship>
	<Id>104</Id>
	<Group_id>2</Group_id>
	<Ship_id>87</Ship_id>
	<Change_flag>0</Change_flag>
</mst_createship>
<mst_createship>
	<Id>105</Id>
	<Group_id>2</Group_id>
	<Ship_id>26</Ship_id>
	<Change_flag>0</Change_flag>
</mst_createship>
<mst_createship>
	<Id>106</Id>
	<Group_id>2</Group_id>
	<Ship_id>27</Ship_id>
	<Change_flag>0</Change_flag>
</mst_createship>
<mst_createship>
	<Id>107</Id>
	<Group_id>2</Group_id>
	<Ship_id>78</Ship_id>
	<Change_flag>0</Change_flag>
</mst_createship>
<mst_createship>
	<Id>108</Id>
	<Group_id>2</Group_id>
	<Ship_id>86</Ship_id>
	<Change_flag>0</Change_flag>
</mst_createship>
<mst_createship>
	<Id>109</Id>
	<Group_id>2</Group_id>
	<Ship_id>79</Ship_id>
	<Change_flag>0</Change_flag>
</mst_createship>
<mst_createship>
	<Id>110</Id>
	<Group_id>2</Group_id>
	<Ship_id>85</Ship_id>
	<Change_flag>0</Change_flag>
</mst_createship>
<mst_createship>
	<Id>111</Id>
	<Group_id>2</Group_id>
	<Ship_id>77</Ship_id>
	<Change_flag>0</Change_flag>
</mst_createship>
<mst_createship>
	<Id>112</Id>
	<Group_id>2</Group_id>
	<Ship_id>87</Ship_id>
	<Change_flag>0</Change_flag>
</mst_createship>
<mst_createship>
	<Id>113</Id>
	<Group_id>2</Group_id>
	<Ship_id>26</Ship_id>
	<Change_flag>0</Change_flag>
</mst_createship>
<mst_createship>
	<Id>114</Id>
	<Group_id>2</Group_id>
	<Ship_id>27</Ship_id>
	<Change_flag>0</Change_flag>
</mst_createship>
<mst_createship>
	<Id>115</Id>
	<Group_id>2</Group_id>
	<Ship_id>78</Ship_id>
	<Change_flag>0</Change_flag>
</mst_createship>
<mst_createship>
	<Id>116</Id>
	<Group_id>2</Group_id>
	<Ship_id>86</Ship_id>
	<Change_flag>0</Change_flag>
</mst_createship>
<mst_createship>
	<Id>117</Id>
	<Group_id>2</Group_id>
	<Ship_id>79</Ship_id>
	<Change_flag>0</Change_flag>
</mst_createship>
<mst_createship>
	<Id>118</Id>
	<Group_id>2</Group_id>
	<Ship_id>85</Ship_id>
	<Change_flag>0</Change_flag>
</mst_createship>
<mst_createship>
	<Id>119</Id>
	<Group_id>2</Group_id>
	<Ship_id>26</Ship_id>
	<Change_flag>0</Change_flag>
</mst_createship>
<mst_createship>
	<Id>120</Id>
	<Group_id>2</Group_id>
	<Ship_id>27</Ship_id>
	<Change_flag>0</Change_flag>
</mst_createship>
<mst_createship>
	<Id>121</Id>
	<Group_id>2</Group_id>
	<Ship_id>78</Ship_id>
	<Change_flag>0</Change_flag>
</mst_createship>
<mst_createship>
	<Id>122</Id>
	<Group_id>2</Group_id>
	<Ship_id>86</Ship_id>
	<Change_flag>0</Change_flag>
</mst_createship>
<mst_createship>
	<Id>123</Id>
	<Group_id>2</Group_id>
	<Ship_id>79</Ship_id>
	<Change_flag>0</Change_flag>
</mst_createship>
<mst_createship>
	<Id>124</Id>
	<Group_id>2</Group_id>
	<Ship_id>85</Ship_id>
	<Change_flag>0</Change_flag>
</mst_createship>
<mst_createship>
	<Id>125</Id>
	<Group_id>2</Group_id>
	<Ship_id>26</Ship_id>
	<Change_flag>0</Change_flag>
</mst_createship>
<mst_createship>
	<Id>126</Id>
	<Group_id>2</Group_id>
	<Ship_id>27</Ship_id>
	<Change_flag>0</Change_flag>
</mst_createship>
<mst_createship>
	<Id>127</Id>
	<Group_id>2</Group_id>
	<Ship_id>71</Ship_id>
	<Change_flag>0</Change_flag>
</mst_createship>
<mst_createship>
	<Id>128</Id>
	<Group_id>2</Group_id>
	<Ship_id>72</Ship_id>
	<Change_flag>0</Change_flag>
</mst_createship>
<mst_createship>
	<Id>129</Id>
	<Group_id>2</Group_id>
	<Ship_id>70</Ship_id>
	<Change_flag>0</Change_flag>
</mst_createship>
<mst_createship>
	<Id>130</Id>
	<Group_id>2</Group_id>
	<Ship_id>66</Ship_id>
	<Change_flag>0</Change_flag>
</mst_createship>
<mst_createship>
	<Id>131</Id>
	<Group_id>2</Group_id>
	<Ship_id>67</Ship_id>
	<Change_flag>0</Change_flag>
</mst_createship>
<mst_createship>
	<Id>132</Id>
	<Group_id>2</Group_id>
	<Ship_id>68</Ship_id>
	<Change_flag>0</Change_flag>
</mst_createship>
<mst_createship>
	<Id>133</Id>
	<Group_id>2</Group_id>
	<Ship_id>69</Ship_id>
	<Change_flag>0</Change_flag>
</mst_createship>
<mst_createship>
	<Id>134</Id>
	<Group_id>2</Group_id>
	<Ship_id>62</Ship_id>
	<Change_flag>0</Change_flag>
</mst_createship>
<mst_createship>
	<Id>135</Id>
	<Group_id>2</Group_id>
	<Ship_id>63</Ship_id>
	<Change_flag>0</Change_flag>
</mst_createship>
<mst_createship>
	<Id>136</Id>
	<Group_id>2</Group_id>
	<Ship_id>64</Ship_id>
	<Change_flag>0</Change_flag>
</mst_createship>
<mst_createship>
	<Id>137</Id>
	<Group_id>2</Group_id>
	<Ship_id>65</Ship_id>
	<Change_flag>0</Change_flag>
</mst_createship>
<mst_createship>
	<Id>138</Id>
	<Group_id>2</Group_id>
	<Ship_id>123</Ship_id>
	<Change_flag>0</Change_flag>
</mst_createship>
<mst_createship>
	<Id>139</Id>
	<Group_id>2</Group_id>
	<Ship_id>125</Ship_id>
	<Change_flag>0</Change_flag>
</mst_createship>
<mst_createship>
	<Id>140</Id>
	<Group_id>2</Group_id>
	<Ship_id>124</Ship_id>
	<Change_flag>0</Change_flag>
</mst_createship>
<mst_createship>
	<Id>141</Id>
	<Group_id>2</Group_id>
	<Ship_id>71</Ship_id>
	<Change_flag>0</Change_flag>
</mst_createship>
<mst_createship>
	<Id>142</Id>
	<Group_id>2</Group_id>
	<Ship_id>72</Ship_id>
	<Change_flag>0</Change_flag>
</mst_createship>
<mst_createship>
	<Id>143</Id>
	<Group_id>2</Group_id>
	<Ship_id>70</Ship_id>
	<Change_flag>0</Change_flag>
</mst_createship>
<mst_createship>
	<Id>144</Id>
	<Group_id>2</Group_id>
	<Ship_id>66</Ship_id>
	<Change_flag>0</Change_flag>
</mst_createship>
<mst_createship>
	<Id>145</Id>
	<Group_id>2</Group_id>
	<Ship_id>67</Ship_id>
	<Change_flag>0</Change_flag>
</mst_createship>
<mst_createship>
	<Id>146</Id>
	<Group_id>2</Group_id>
	<Ship_id>68</Ship_id>
	<Change_flag>0</Change_flag>
</mst_createship>
<mst_createship>
	<Id>147</Id>
	<Group_id>2</Group_id>
	<Ship_id>69</Ship_id>
	<Change_flag>0</Change_flag>
</mst_createship>
<mst_createship>
	<Id>148</Id>
	<Group_id>2</Group_id>
	<Ship_id>62</Ship_id>
	<Change_flag>0</Change_flag>
</mst_createship>
<mst_createship>
	<Id>149</Id>
	<Group_id>2</Group_id>
	<Ship_id>63</Ship_id>
	<Change_flag>0</Change_flag>
</mst_createship>
<mst_createship>
	<Id>150</Id>
	<Group_id>2</Group_id>
	<Ship_id>64</Ship_id>
	<Change_flag>0</Change_flag>
</mst_createship>
<mst_createship>
	<Id>151</Id>
	<Group_id>2</Group_id>
	<Ship_id>65</Ship_id>
	<Change_flag>0</Change_flag>
</mst_createship>
<mst_createship>
	<Id>152</Id>
	<Group_id>2</Group_id>
	<Ship_id>123</Ship_id>
	<Change_flag>0</Change_flag>
</mst_createship>
<mst_createship>
	<Id>153</Id>
	<Group_id>2</Group_id>
	<Ship_id>60</Ship_id>
	<Change_flag>0</Change_flag>
</mst_createship>
<mst_createship>
	<Id>154</Id>
	<Group_id>2</Group_id>
	<Ship_id>70</Ship_id>
	<Change_flag>0</Change_flag>
</mst_createship>
<mst_createship>
	<Id>155</Id>
	<Group_id>2</Group_id>
	<Ship_id>71</Ship_id>
	<Change_flag>0</Change_flag>
</mst_createship>
<mst_createship>
	<Id>156</Id>
	<Group_id>2</Group_id>
	<Ship_id>72</Ship_id>
	<Change_flag>0</Change_flag>
</mst_createship>
<mst_createship>
	<Id>157</Id>
	<Group_id>2</Group_id>
	<Ship_id>70</Ship_id>
	<Change_flag>0</Change_flag>
</mst_createship>
<mst_createship>
	<Id>158</Id>
	<Group_id>2</Group_id>
	<Ship_id>66</Ship_id>
	<Change_flag>0</Change_flag>
</mst_createship>
<mst_createship>
	<Id>159</Id>
	<Group_id>2</Group_id>
	<Ship_id>67</Ship_id>
	<Change_flag>0</Change_flag>
</mst_createship>
<mst_createship>
	<Id>160</Id>
	<Group_id>2</Group_id>
	<Ship_id>68</Ship_id>
	<Change_flag>0</Change_flag>
</mst_createship>
<mst_createship>
	<Id>161</Id>
	<Group_id>2</Group_id>
	<Ship_id>69</Ship_id>
	<Change_flag>0</Change_flag>
</mst_createship>
<mst_createship>
	<Id>162</Id>
	<Group_id>2</Group_id>
	<Ship_id>62</Ship_id>
	<Change_flag>0</Change_flag>
</mst_createship>
<mst_createship>
	<Id>163</Id>
	<Group_id>2</Group_id>
	<Ship_id>63</Ship_id>
	<Change_flag>0</Change_flag>
</mst_createship>
<mst_createship>
	<Id>164</Id>
	<Group_id>2</Group_id>
	<Ship_id>64</Ship_id>
	<Change_flag>0</Change_flag>
</mst_createship>
<mst_createship>
	<Id>165</Id>
	<Group_id>2</Group_id>
	<Ship_id>65</Ship_id>
	<Change_flag>0</Change_flag>
</mst_createship>
<mst_createship>
	<Id>166</Id>
	<Group_id>2</Group_id>
	<Ship_id>56</Ship_id>
	<Change_flag>0</Change_flag>
</mst_createship>
<mst_createship>
	<Id>167</Id>
	<Group_id>2</Group_id>
	<Ship_id>125</Ship_id>
	<Change_flag>0</Change_flag>
</mst_createship>
<mst_createship>
	<Id>168</Id>
	<Group_id>2</Group_id>
	<Ship_id>124</Ship_id>
	<Change_flag>0</Change_flag>
</mst_createship>
<mst_createship>
	<Id>169</Id>
	<Group_id>2</Group_id>
	<Ship_id>68</Ship_id>
	<Change_flag>0</Change_flag>
</mst_createship>
<mst_createship>
	<Id>170</Id>
	<Group_id>2</Group_id>
	<Ship_id>69</Ship_id>
	<Change_flag>0</Change_flag>
</mst_createship>
<mst_createship>
	<Id>171</Id>
	<Group_id>2</Group_id>
	<Ship_id>63</Ship_id>
	<Change_flag>0</Change_flag>
</mst_createship>
<mst_createship>
	<Id>172</Id>
	<Group_id>2</Group_id>
	<Ship_id>64</Ship_id>
	<Change_flag>0</Change_flag>
</mst_createship>
<mst_createship>
	<Id>173</Id>
	<Group_id>2</Group_id>
	<Ship_id>65</Ship_id>
	<Change_flag>0</Change_flag>
</mst_createship>
<mst_createship>
	<Id>174</Id>
	<Group_id>2</Group_id>
	<Ship_id>56</Ship_id>
	<Change_flag>0</Change_flag>
</mst_createship>
<mst_createship>
	<Id>175</Id>
	<Group_id>2</Group_id>
	<Ship_id>59</Ship_id>
	<Change_flag>0</Change_flag>
</mst_createship>
<mst_createship>
	<Id>176</Id>
	<Group_id>2</Group_id>
	<Ship_id>60</Ship_id>
	<Change_flag>0</Change_flag>
</mst_createship>
<mst_createship>
	<Id>177</Id>
	<Group_id>2</Group_id>
	<Ship_id>68</Ship_id>
	<Change_flag>0</Change_flag>
</mst_createship>
<mst_createship>
	<Id>178</Id>
	<Group_id>2</Group_id>
	<Ship_id>69</Ship_id>
	<Change_flag>0</Change_flag>
</mst_createship>
<mst_createship>
	<Id>179</Id>
	<Group_id>2</Group_id>
	<Ship_id>63</Ship_id>
	<Change_flag>0</Change_flag>
</mst_createship>
<mst_createship>
	<Id>180</Id>
	<Group_id>2</Group_id>
	<Ship_id>64</Ship_id>
	<Change_flag>0</Change_flag>
</mst_createship>
<mst_createship>
	<Id>181</Id>
	<Group_id>2</Group_id>
	<Ship_id>65</Ship_id>
	<Change_flag>0</Change_flag>
</mst_createship>
<mst_createship>
	<Id>182</Id>
	<Group_id>2</Group_id>
	<Ship_id>60</Ship_id>
	<Change_flag>0</Change_flag>
</mst_createship>
<mst_createship>
	<Id>183</Id>
	<Group_id>2</Group_id>
	<Ship_id>68</Ship_id>
	<Change_flag>0</Change_flag>
</mst_createship>
<mst_createship>
	<Id>184</Id>
	<Group_id>2</Group_id>
	<Ship_id>69</Ship_id>
	<Change_flag>0</Change_flag>
</mst_createship>
<mst_createship>
	<Id>185</Id>
	<Group_id>2</Group_id>
	<Ship_id>63</Ship_id>
	<Change_flag>0</Change_flag>
</mst_createship>
<mst_createship>
	<Id>186</Id>
	<Group_id>2</Group_id>
	<Ship_id>64</Ship_id>
	<Change_flag>0</Change_flag>
</mst_createship>
<mst_createship>
	<Id>187</Id>
	<Group_id>2</Group_id>
	<Ship_id>65</Ship_id>
	<Change_flag>0</Change_flag>
</mst_createship>
<mst_createship>
	<Id>188</Id>
	<Group_id>2</Group_id>
	<Ship_id>61</Ship_id>
	<Change_flag>0</Change_flag>
</mst_createship>
<mst_createship>
	<Id>189</Id>
	<Group_id>2</Group_id>
	<Ship_id>99</Ship_id>
	<Change_flag>0</Change_flag>
</mst_createship>
<mst_createship>
	<Id>190</Id>
	<Group_id>2</Group_id>
	<Ship_id>100</Ship_id>
	<Change_flag>0</Change_flag>
</mst_createship>
<mst_createship>
	<Id>191</Id>
	<Group_id>2</Group_id>
	<Ship_id>101</Ship_id>
	<Change_flag>0</Change_flag>
</mst_createship>
<mst_createship>
	<Id>192</Id>
	<Group_id>2</Group_id>
	<Ship_id>21</Ship_id>
	<Change_flag>0</Change_flag>
</mst_createship>
<mst_createship>
	<Id>193</Id>
	<Group_id>2</Group_id>
	<Ship_id>22</Ship_id>
	<Change_flag>0</Change_flag>
</mst_createship>
<mst_createship>
	<Id>194</Id>
	<Group_id>2</Group_id>
	<Ship_id>56</Ship_id>
	<Change_flag>0</Change_flag>
</mst_createship>
<mst_createship>
	<Id>195</Id>
	<Group_id>2</Group_id>
	<Ship_id>53</Ship_id>
	<Change_flag>0</Change_flag>
</mst_createship>
<mst_createship>
	<Id>196</Id>
	<Group_id>2</Group_id>
	<Ship_id>54</Ship_id>
	<Change_flag>0</Change_flag>
</mst_createship>
<mst_createship>
	<Id>197</Id>
	<Group_id>2</Group_id>
	<Ship_id>55</Ship_id>
	<Change_flag>0</Change_flag>
</mst_createship>
<mst_createship>
	<Id>198</Id>
	<Group_id>2</Group_id>
	<Ship_id>56</Ship_id>
	<Change_flag>0</Change_flag>
</mst_createship>
<mst_createship>
	<Id>199</Id>
	<Group_id>2</Group_id>
	<Ship_id>23</Ship_id>
	<Change_flag>0</Change_flag>
</mst_createship>
<mst_createship>
	<Id>200</Id>
	<Group_id>2</Group_id>
	<Ship_id>25</Ship_id>
	<Change_flag>0</Change_flag>
</mst_createship>
<mst_createship>
	<Id>201</Id>
	<Group_id>3</Group_id>
	<Ship_id>113</Ship_id>
	<Change_flag>0</Change_flag>
</mst_createship>
<mst_createship>
	<Id>202</Id>
	<Group_id>3</Group_id>
	<Ship_id>114</Ship_id>
	<Change_flag>0</Change_flag>
</mst_createship>
<mst_createship>
	<Id>203</Id>
	<Group_id>3</Group_id>
	<Ship_id>50</Ship_id>
	<Change_flag>1</Change_flag>
</mst_createship>
<mst_createship>
	<Id>204</Id>
	<Group_id>3</Group_id>
	<Ship_id>20</Ship_id>
	<Change_flag>1</Change_flag>
</mst_createship>
<mst_createship>
	<Id>205</Id>
	<Group_id>3</Group_id>
	<Ship_id>71</Ship_id>
	<Change_flag>0</Change_flag>
</mst_createship>
<mst_createship>
	<Id>206</Id>
	<Group_id>3</Group_id>
	<Ship_id>72</Ship_id>
	<Change_flag>0</Change_flag>
</mst_createship>
<mst_createship>
	<Id>207</Id>
	<Group_id>3</Group_id>
	<Ship_id>70</Ship_id>
	<Change_flag>0</Change_flag>
</mst_createship>
<mst_createship>
	<Id>208</Id>
	<Group_id>3</Group_id>
	<Ship_id>66</Ship_id>
	<Change_flag>0</Change_flag>
</mst_createship>
<mst_createship>
	<Id>209</Id>
	<Group_id>3</Group_id>
	<Ship_id>67</Ship_id>
	<Change_flag>0</Change_flag>
</mst_createship>
<mst_createship>
	<Id>210</Id>
	<Group_id>3</Group_id>
	<Ship_id>68</Ship_id>
	<Change_flag>0</Change_flag>
</mst_createship>
<mst_createship>
	<Id>211</Id>
	<Group_id>3</Group_id>
	<Ship_id>69</Ship_id>
	<Change_flag>0</Change_flag>
</mst_createship>
<mst_createship>
	<Id>212</Id>
	<Group_id>3</Group_id>
	<Ship_id>62</Ship_id>
	<Change_flag>0</Change_flag>
</mst_createship>
<mst_createship>
	<Id>213</Id>
	<Group_id>3</Group_id>
	<Ship_id>63</Ship_id>
	<Change_flag>0</Change_flag>
</mst_createship>
<mst_createship>
	<Id>214</Id>
	<Group_id>3</Group_id>
	<Ship_id>64</Ship_id>
	<Change_flag>0</Change_flag>
</mst_createship>
<mst_createship>
	<Id>215</Id>
	<Group_id>3</Group_id>
	<Ship_id>65</Ship_id>
	<Change_flag>0</Change_flag>
</mst_createship>
<mst_createship>
	<Id>216</Id>
	<Group_id>3</Group_id>
	<Ship_id>123</Ship_id>
	<Change_flag>0</Change_flag>
</mst_createship>
<mst_createship>
	<Id>217</Id>
	<Group_id>3</Group_id>
	<Ship_id>60</Ship_id>
	<Change_flag>0</Change_flag>
</mst_createship>
<mst_createship>
	<Id>218</Id>
	<Group_id>3</Group_id>
	<Ship_id>154</Ship_id>
	<Change_flag>0</Change_flag>
</mst_createship>
<mst_createship>
	<Id>219</Id>
	<Group_id>3</Group_id>
	<Ship_id>71</Ship_id>
	<Change_flag>0</Change_flag>
</mst_createship>
<mst_createship>
	<Id>220</Id>
	<Group_id>3</Group_id>
	<Ship_id>72</Ship_id>
	<Change_flag>0</Change_flag>
</mst_createship>
<mst_createship>
	<Id>221</Id>
	<Group_id>3</Group_id>
	<Ship_id>70</Ship_id>
	<Change_flag>0</Change_flag>
</mst_createship>
<mst_createship>
	<Id>222</Id>
	<Group_id>3</Group_id>
	<Ship_id>66</Ship_id>
	<Change_flag>0</Change_flag>
</mst_createship>
<mst_createship>
	<Id>223</Id>
	<Group_id>3</Group_id>
	<Ship_id>67</Ship_id>
	<Change_flag>0</Change_flag>
</mst_createship>
<mst_createship>
	<Id>224</Id>
	<Group_id>3</Group_id>
	<Ship_id>68</Ship_id>
	<Change_flag>0</Change_flag>
</mst_createship>
<mst_createship>
	<Id>225</Id>
	<Group_id>3</Group_id>
	<Ship_id>69</Ship_id>
	<Change_flag>0</Change_flag>
</mst_createship>
<mst_createship>
	<Id>226</Id>
	<Group_id>3</Group_id>
	<Ship_id>62</Ship_id>
	<Change_flag>0</Change_flag>
</mst_createship>
<mst_createship>
	<Id>227</Id>
	<Group_id>3</Group_id>
	<Ship_id>63</Ship_id>
	<Change_flag>0</Change_flag>
</mst_createship>
<mst_createship>
	<Id>228</Id>
	<Group_id>3</Group_id>
	<Ship_id>64</Ship_id>
	<Change_flag>0</Change_flag>
</mst_createship>
<mst_createship>
	<Id>229</Id>
	<Group_id>3</Group_id>
	<Ship_id>65</Ship_id>
	<Change_flag>0</Change_flag>
</mst_createship>
<mst_createship>
	<Id>230</Id>
	<Group_id>3</Group_id>
	<Ship_id>59</Ship_id>
	<Change_flag>0</Change_flag>
</mst_createship>
<mst_createship>
	<Id>231</Id>
	<Group_id>3</Group_id>
	<Ship_id>60</Ship_id>
	<Change_flag>0</Change_flag>
</mst_createship>
<mst_createship>
	<Id>232</Id>
	<Group_id>3</Group_id>
	<Ship_id>61</Ship_id>
	<Change_flag>0</Change_flag>
</mst_createship>
<mst_createship>
	<Id>233</Id>
	<Group_id>3</Group_id>
	<Ship_id>63</Ship_id>
	<Change_flag>0</Change_flag>
</mst_createship>
<mst_createship>
	<Id>234</Id>
	<Group_id>3</Group_id>
	<Ship_id>64</Ship_id>
	<Change_flag>0</Change_flag>
</mst_createship>
<mst_createship>
	<Id>235</Id>
	<Group_id>3</Group_id>
	<Ship_id>65</Ship_id>
	<Change_flag>0</Change_flag>
</mst_createship>
<mst_createship>
	<Id>236</Id>
	<Group_id>3</Group_id>
	<Ship_id>59</Ship_id>
	<Change_flag>0</Change_flag>
</mst_createship>
<mst_createship>
	<Id>237</Id>
	<Group_id>3</Group_id>
	<Ship_id>60</Ship_id>
	<Change_flag>0</Change_flag>
</mst_createship>
<mst_createship>
	<Id>238</Id>
	<Group_id>3</Group_id>
	<Ship_id>61</Ship_id>
	<Change_flag>0</Change_flag>
</mst_createship>
<mst_createship>
	<Id>239</Id>
	<Group_id>3</Group_id>
	<Ship_id>99</Ship_id>
	<Change_flag>0</Change_flag>
</mst_createship>
<mst_createship>
	<Id>240</Id>
	<Group_id>3</Group_id>
	<Ship_id>100</Ship_id>
	<Change_flag>0</Change_flag>
</mst_createship>
<mst_createship>
	<Id>241</Id>
	<Group_id>3</Group_id>
	<Ship_id>101</Ship_id>
	<Change_flag>0</Change_flag>
</mst_createship>
<mst_createship>
	<Id>242</Id>
	<Group_id>3</Group_id>
	<Ship_id>21</Ship_id>
	<Change_flag>0</Change_flag>
</mst_createship>
<mst_createship>
	<Id>243</Id>
	<Group_id>3</Group_id>
	<Ship_id>22</Ship_id>
	<Change_flag>0</Change_flag>
</mst_createship>
<mst_createship>
	<Id>244</Id>
	<Group_id>3</Group_id>
	<Ship_id>23</Ship_id>
	<Change_flag>0</Change_flag>
</mst_createship>
<mst_createship>
	<Id>245</Id>
	<Group_id>3</Group_id>
	<Ship_id>53</Ship_id>
	<Change_flag>0</Change_flag>
</mst_createship>
<mst_createship>
	<Id>246</Id>
	<Group_id>3</Group_id>
	<Ship_id>54</Ship_id>
	<Change_flag>0</Change_flag>
</mst_createship>
<mst_createship>
	<Id>247</Id>
	<Group_id>3</Group_id>
	<Ship_id>55</Ship_id>
	<Change_flag>0</Change_flag>
</mst_createship>
<mst_createship>
	<Id>248</Id>
	<Group_id>3</Group_id>
	<Ship_id>56</Ship_id>
	<Change_flag>0</Change_flag>
</mst_createship>
<mst_createship>
	<Id>249</Id>
	<Group_id>3</Group_id>
	<Ship_id>51</Ship_id>
	<Change_flag>0</Change_flag>
</mst_createship>
<mst_createship>
	<Id>250</Id>
	<Group_id>3</Group_id>
	<Ship_id>52</Ship_id>
	<Change_flag>0</Change_flag>
</mst_createship>
<mst_createship>
	<Id>251</Id>
	<Group_id>3</Group_id>
	<Ship_id>68</Ship_id>
	<Change_flag>0</Change_flag>
</mst_createship>
<mst_createship>
	<Id>252</Id>
	<Group_id>3</Group_id>
	<Ship_id>69</Ship_id>
	<Change_flag>0</Change_flag>
</mst_createship>
<mst_createship>
	<Id>253</Id>
	<Group_id>3</Group_id>
	<Ship_id>63</Ship_id>
	<Change_flag>0</Change_flag>
</mst_createship>
<mst_createship>
	<Id>254</Id>
	<Group_id>3</Group_id>
	<Ship_id>64</Ship_id>
	<Change_flag>0</Change_flag>
</mst_createship>
<mst_createship>
	<Id>255</Id>
	<Group_id>3</Group_id>
	<Ship_id>65</Ship_id>
	<Change_flag>0</Change_flag>
</mst_createship>
<mst_createship>
	<Id>256</Id>
	<Group_id>3</Group_id>
	<Ship_id>60</Ship_id>
	<Change_flag>0</Change_flag>
</mst_createship>
<mst_createship>
	<Id>257</Id>
	<Group_id>3</Group_id>
	<Ship_id>24</Ship_id>
	<Change_flag>0</Change_flag>
</mst_createship>
<mst_createship>
	<Id>258</Id>
	<Group_id>3</Group_id>
	<Ship_id>25</Ship_id>
	<Change_flag>0</Change_flag>
</mst_createship>
<mst_createship>
	<Id>259</Id>
	<Group_id>3</Group_id>
	<Ship_id>99</Ship_id>
	<Change_flag>0</Change_flag>
</mst_createship>
<mst_createship>
	<Id>260</Id>
	<Group_id>3</Group_id>
	<Ship_id>100</Ship_id>
	<Change_flag>0</Change_flag>
</mst_createship>
<mst_createship>
	<Id>261</Id>
	<Group_id>3</Group_id>
	<Ship_id>101</Ship_id>
	<Change_flag>0</Change_flag>
</mst_createship>
<mst_createship>
	<Id>262</Id>
	<Group_id>3</Group_id>
	<Ship_id>21</Ship_id>
	<Change_flag>0</Change_flag>
</mst_createship>
<mst_createship>
	<Id>263</Id>
	<Group_id>3</Group_id>
	<Ship_id>22</Ship_id>
	<Change_flag>0</Change_flag>
</mst_createship>
<mst_createship>
	<Id>264</Id>
	<Group_id>3</Group_id>
	<Ship_id>60</Ship_id>
	<Change_flag>0</Change_flag>
</mst_createship>
<mst_createship>
	<Id>265</Id>
	<Group_id>3</Group_id>
	<Ship_id>53</Ship_id>
	<Change_flag>0</Change_flag>
</mst_createship>
<mst_createship>
	<Id>266</Id>
	<Group_id>3</Group_id>
	<Ship_id>54</Ship_id>
	<Change_flag>0</Change_flag>
</mst_createship>
<mst_createship>
	<Id>267</Id>
	<Group_id>3</Group_id>
	<Ship_id>55</Ship_id>
	<Change_flag>0</Change_flag>
</mst_createship>
<mst_createship>
	<Id>268</Id>
	<Group_id>3</Group_id>
	<Ship_id>56</Ship_id>
	<Change_flag>0</Change_flag>
</mst_createship>
<mst_createship>
	<Id>269</Id>
	<Group_id>3</Group_id>
	<Ship_id>51</Ship_id>
	<Change_flag>0</Change_flag>
</mst_createship>
<mst_createship>
	<Id>270</Id>
	<Group_id>3</Group_id>
	<Ship_id>52</Ship_id>
	<Change_flag>0</Change_flag>
</mst_createship>
<mst_createship>
	<Id>271</Id>
	<Group_id>3</Group_id>
	<Ship_id>25</Ship_id>
	<Change_flag>0</Change_flag>
</mst_createship>
<mst_createship>
	<Id>272</Id>
	<Group_id>3</Group_id>
	<Ship_id>99</Ship_id>
	<Change_flag>0</Change_flag>
</mst_createship>
<mst_createship>
	<Id>273</Id>
	<Group_id>3</Group_id>
	<Ship_id>100</Ship_id>
	<Change_flag>0</Change_flag>
</mst_createship>
<mst_createship>
	<Id>274</Id>
	<Group_id>3</Group_id>
	<Ship_id>101</Ship_id>
	<Change_flag>0</Change_flag>
</mst_createship>
<mst_createship>
	<Id>275</Id>
	<Group_id>3</Group_id>
	<Ship_id>21</Ship_id>
	<Change_flag>0</Change_flag>
</mst_createship>
<mst_createship>
	<Id>276</Id>
	<Group_id>3</Group_id>
	<Ship_id>22</Ship_id>
	<Change_flag>0</Change_flag>
</mst_createship>
<mst_createship>
	<Id>277</Id>
	<Group_id>3</Group_id>
	<Ship_id>60</Ship_id>
	<Change_flag>0</Change_flag>
</mst_createship>
<mst_createship>
	<Id>278</Id>
	<Group_id>3</Group_id>
	<Ship_id>53</Ship_id>
	<Change_flag>0</Change_flag>
</mst_createship>
<mst_createship>
	<Id>279</Id>
	<Group_id>3</Group_id>
	<Ship_id>54</Ship_id>
	<Change_flag>0</Change_flag>
</mst_createship>
<mst_createship>
	<Id>280</Id>
	<Group_id>3</Group_id>
	<Ship_id>55</Ship_id>
	<Change_flag>0</Change_flag>
</mst_createship>
<mst_createship>
	<Id>281</Id>
	<Group_id>3</Group_id>
	<Ship_id>56</Ship_id>
	<Change_flag>0</Change_flag>
</mst_createship>
<mst_createship>
	<Id>282</Id>
	<Group_id>3</Group_id>
	<Ship_id>128</Ship_id>
	<Change_flag>1</Change_flag>
</mst_createship>
<mst_createship>
	<Id>283</Id>
	<Group_id>3</Group_id>
	<Ship_id>127</Ship_id>
	<Change_flag>1</Change_flag>
</mst_createship>
<mst_createship>
	<Id>284</Id>
	<Group_id>3</Group_id>
	<Ship_id>55</Ship_id>
	<Change_flag>0</Change_flag>
</mst_createship>
<mst_createship>
	<Id>285</Id>
	<Group_id>3</Group_id>
	<Ship_id>56</Ship_id>
	<Change_flag>0</Change_flag>
</mst_createship>
<mst_createship>
	<Id>286</Id>
	<Group_id>3</Group_id>
	<Ship_id>22</Ship_id>
	<Change_flag>0</Change_flag>
</mst_createship>
<mst_createship>
	<Id>287</Id>
	<Group_id>3</Group_id>
	<Ship_id>23</Ship_id>
	<Change_flag>0</Change_flag>
</mst_createship>
<mst_createship>
	<Id>288</Id>
	<Group_id>3</Group_id>
	<Ship_id>53</Ship_id>
	<Change_flag>0</Change_flag>
</mst_createship>
<mst_createship>
	<Id>289</Id>
	<Group_id>3</Group_id>
	<Ship_id>100</Ship_id>
	<Change_flag>0</Change_flag>
</mst_createship>
<mst_createship>
	<Id>290</Id>
	<Group_id>3</Group_id>
	<Ship_id>101</Ship_id>
	<Change_flag>0</Change_flag>
</mst_createship>
<mst_createship>
	<Id>291</Id>
	<Group_id>3</Group_id>
	<Ship_id>126</Ship_id>
	<Change_flag>0</Change_flag>
</mst_createship>
<mst_createship>
	<Id>292</Id>
	<Group_id>3</Group_id>
	<Ship_id>55</Ship_id>
	<Change_flag>0</Change_flag>
</mst_createship>
<mst_createship>
	<Id>293</Id>
	<Group_id>3</Group_id>
	<Ship_id>56</Ship_id>
	<Change_flag>0</Change_flag>
</mst_createship>
<mst_createship>
	<Id>294</Id>
	<Group_id>3</Group_id>
	<Ship_id>22</Ship_id>
	<Change_flag>0</Change_flag>
</mst_createship>
<mst_createship>
	<Id>295</Id>
	<Group_id>3</Group_id>
	<Ship_id>60</Ship_id>
	<Change_flag>0</Change_flag>
</mst_createship>
<mst_createship>
	<Id>296</Id>
	<Group_id>3</Group_id>
	<Ship_id>126</Ship_id>
	<Change_flag>0</Change_flag>
</mst_createship>
<mst_createship>
	<Id>297</Id>
	<Group_id>3</Group_id>
	<Ship_id>127</Ship_id>
	<Change_flag>0</Change_flag>
</mst_createship>
<mst_createship>
	<Id>298</Id>
	<Group_id>3</Group_id>
	<Ship_id>191</Ship_id>
	<Change_flag>0</Change_flag>
</mst_createship>
<mst_createship>
	<Id>299</Id>
	<Group_id>3</Group_id>
	<Ship_id>126</Ship_id>
	<Change_flag>0</Change_flag>
</mst_createship>
<mst_createship>
	<Id>300</Id>
	<Group_id>3</Group_id>
	<Ship_id>56</Ship_id>
	<Change_flag>0</Change_flag>
</mst_createship>
<mst_createship>
	<Id>301</Id>
	<Group_id>4</Group_id>
	<Ship_id>115</Ship_id>
	<Change_flag>0</Change_flag>
</mst_createship>
<mst_createship>
	<Id>302</Id>
	<Group_id>4</Group_id>
	<Ship_id>25</Ship_id>
	<Change_flag>0</Change_flag>
</mst_createship>
<mst_createship>
	<Id>303</Id>
	<Group_id>4</Group_id>
	<Ship_id>99</Ship_id>
	<Change_flag>0</Change_flag>
</mst_createship>
<mst_createship>
	<Id>304</Id>
	<Group_id>4</Group_id>
	<Ship_id>100</Ship_id>
	<Change_flag>0</Change_flag>
</mst_createship>
<mst_createship>
	<Id>305</Id>
	<Group_id>4</Group_id>
	<Ship_id>101</Ship_id>
	<Change_flag>0</Change_flag>
</mst_createship>
<mst_createship>
	<Id>306</Id>
	<Group_id>4</Group_id>
	<Ship_id>21</Ship_id>
	<Change_flag>0</Change_flag>
</mst_createship>
<mst_createship>
	<Id>307</Id>
	<Group_id>4</Group_id>
	<Ship_id>22</Ship_id>
	<Change_flag>0</Change_flag>
</mst_createship>
<mst_createship>
	<Id>308</Id>
	<Group_id>4</Group_id>
	<Ship_id>56</Ship_id>
	<Change_flag>0</Change_flag>
</mst_createship>
<mst_createship>
	<Id>309</Id>
	<Group_id>4</Group_id>
	<Ship_id>52</Ship_id>
	<Change_flag>0</Change_flag>
</mst_createship>
<mst_createship>
	<Id>310</Id>
	<Group_id>4</Group_id>
	<Ship_id>54</Ship_id>
	<Change_flag>0</Change_flag>
</mst_createship>
<mst_createship>
	<Id>311</Id>
	<Group_id>4</Group_id>
	<Ship_id>55</Ship_id>
	<Change_flag>0</Change_flag>
</mst_createship>
<mst_createship>
	<Id>312</Id>
	<Group_id>4</Group_id>
	<Ship_id>56</Ship_id>
	<Change_flag>0</Change_flag>
</mst_createship>
<mst_createship>
	<Id>313</Id>
	<Group_id>4</Group_id>
	<Ship_id>51</Ship_id>
	<Change_flag>0</Change_flag>
</mst_createship>
<mst_createship>
	<Id>314</Id>
	<Group_id>4</Group_id>
	<Ship_id>52</Ship_id>
	<Change_flag>0</Change_flag>
</mst_createship>
<mst_createship>
	<Id>315</Id>
	<Group_id>4</Group_id>
	<Ship_id>53</Ship_id>
	<Change_flag>0</Change_flag>
</mst_createship>
<mst_createship>
	<Id>316</Id>
	<Group_id>4</Group_id>
	<Ship_id>55</Ship_id>
	<Change_flag>0</Change_flag>
</mst_createship>
<mst_createship>
	<Id>317</Id>
	<Group_id>4</Group_id>
	<Ship_id>56</Ship_id>
	<Change_flag>0</Change_flag>
</mst_createship>
<mst_createship>
	<Id>318</Id>
	<Group_id>4</Group_id>
	<Ship_id>22</Ship_id>
	<Change_flag>0</Change_flag>
</mst_createship>
<mst_createship>
	<Id>319</Id>
	<Group_id>4</Group_id>
	<Ship_id>23</Ship_id>
	<Change_flag>0</Change_flag>
</mst_createship>
<mst_createship>
	<Id>320</Id>
	<Group_id>4</Group_id>
	<Ship_id>51</Ship_id>
	<Change_flag>0</Change_flag>
</mst_createship>
<mst_createship>
	<Id>321</Id>
	<Group_id>4</Group_id>
	<Ship_id>100</Ship_id>
	<Change_flag>0</Change_flag>
</mst_createship>
<mst_createship>
	<Id>322</Id>
	<Group_id>4</Group_id>
	<Ship_id>101</Ship_id>
	<Change_flag>0</Change_flag>
</mst_createship>
<mst_createship>
	<Id>323</Id>
	<Group_id>4</Group_id>
	<Ship_id>55</Ship_id>
	<Change_flag>0</Change_flag>
</mst_createship>
<mst_createship>
	<Id>324</Id>
	<Group_id>4</Group_id>
	<Ship_id>164</Ship_id>
	<Change_flag>0</Change_flag>
</mst_createship>
<mst_createship>
	<Id>325</Id>
	<Group_id>4</Group_id>
	<Ship_id>132</Ship_id>
	<Change_flag>0</Change_flag>
</mst_createship>
<mst_createship>
	<Id>326</Id>
	<Group_id>4</Group_id>
	<Ship_id>56</Ship_id>
	<Change_flag>0</Change_flag>
</mst_createship>
<mst_createship>
	<Id>327</Id>
	<Group_id>4</Group_id>
	<Ship_id>17</Ship_id>
	<Change_flag>0</Change_flag>
</mst_createship>
<mst_createship>
	<Id>328</Id>
	<Group_id>4</Group_id>
	<Ship_id>18</Ship_id>
	<Change_flag>0</Change_flag>
</mst_createship>
<mst_createship>
	<Id>329</Id>
	<Group_id>4</Group_id>
	<Ship_id>19</Ship_id>
	<Change_flag>0</Change_flag>
</mst_createship>
<mst_createship>
	<Id>330</Id>
	<Group_id>4</Group_id>
	<Ship_id>95</Ship_id>
	<Change_flag>0</Change_flag>
</mst_createship>
<mst_createship>
	<Id>331</Id>
	<Group_id>4</Group_id>
	<Ship_id>96</Ship_id>
	<Change_flag>0</Change_flag>
</mst_createship>
<mst_createship>
	<Id>332</Id>
	<Group_id>4</Group_id>
	<Ship_id>97</Ship_id>
	<Change_flag>0</Change_flag>
</mst_createship>
<mst_createship>
	<Id>333</Id>
	<Group_id>4</Group_id>
	<Ship_id>98</Ship_id>
	<Change_flag>0</Change_flag>
</mst_createship>
<mst_createship>
	<Id>334</Id>
	<Group_id>4</Group_id>
	<Ship_id>48</Ship_id>
	<Change_flag>0</Change_flag>
</mst_createship>
<mst_createship>
	<Id>335</Id>
	<Group_id>4</Group_id>
	<Ship_id>49</Ship_id>
	<Change_flag>0</Change_flag>
</mst_createship>
<mst_createship>
	<Id>336</Id>
	<Group_id>4</Group_id>
	<Ship_id>47</Ship_id>
	<Change_flag>0</Change_flag>
</mst_createship>
<mst_createship>
	<Id>337</Id>
	<Group_id>4</Group_id>
	<Ship_id>42</Ship_id>
	<Change_flag>0</Change_flag>
</mst_createship>
<mst_createship>
	<Id>338</Id>
	<Group_id>4</Group_id>
	<Ship_id>43</Ship_id>
	<Change_flag>0</Change_flag>
</mst_createship>
<mst_createship>
	<Id>339</Id>
	<Group_id>4</Group_id>
	<Ship_id>44</Ship_id>
	<Change_flag>0</Change_flag>
</mst_createship>
<mst_createship>
	<Id>340</Id>
	<Group_id>4</Group_id>
	<Ship_id>45</Ship_id>
	<Change_flag>0</Change_flag>
</mst_createship>
<mst_createship>
	<Id>341</Id>
	<Group_id>4</Group_id>
	<Ship_id>46</Ship_id>
	<Change_flag>0</Change_flag>
</mst_createship>
<mst_createship>
	<Id>342</Id>
	<Group_id>4</Group_id>
	<Ship_id>38</Ship_id>
	<Change_flag>0</Change_flag>
</mst_createship>
<mst_createship>
	<Id>343</Id>
	<Group_id>4</Group_id>
	<Ship_id>39</Ship_id>
	<Change_flag>0</Change_flag>
</mst_createship>
<mst_createship>
	<Id>344</Id>
	<Group_id>4</Group_id>
	<Ship_id>40</Ship_id>
	<Change_flag>0</Change_flag>
</mst_createship>
<mst_createship>
	<Id>345</Id>
	<Group_id>4</Group_id>
	<Ship_id>41</Ship_id>
	<Change_flag>0</Change_flag>
</mst_createship>
<mst_createship>
	<Id>346</Id>
	<Group_id>4</Group_id>
	<Ship_id>34</Ship_id>
	<Change_flag>0</Change_flag>
</mst_createship>
<mst_createship>
	<Id>347</Id>
	<Group_id>4</Group_id>
	<Ship_id>35</Ship_id>
	<Change_flag>0</Change_flag>
</mst_createship>
<mst_createship>
	<Id>348</Id>
	<Group_id>4</Group_id>
	<Ship_id>36</Ship_id>
	<Change_flag>0</Change_flag>
</mst_createship>
<mst_createship>
	<Id>349</Id>
	<Group_id>4</Group_id>
	<Ship_id>37</Ship_id>
	<Change_flag>0</Change_flag>
</mst_createship>
<mst_createship>
	<Id>350</Id>
	<Group_id>4</Group_id>
	<Ship_id>9</Ship_id>
	<Change_flag>0</Change_flag>
</mst_createship>
<mst_createship>
	<Id>351</Id>
	<Group_id>4</Group_id>
	<Ship_id>10</Ship_id>
	<Change_flag>0</Change_flag>
</mst_createship>
<mst_createship>
	<Id>352</Id>
	<Group_id>4</Group_id>
	<Ship_id>32</Ship_id>
	<Change_flag>0</Change_flag>
</mst_createship>
<mst_createship>
	<Id>353</Id>
	<Group_id>4</Group_id>
	<Ship_id>11</Ship_id>
	<Change_flag>0</Change_flag>
</mst_createship>
<mst_createship>
	<Id>354</Id>
	<Group_id>4</Group_id>
	<Ship_id>12</Ship_id>
	<Change_flag>0</Change_flag>
</mst_createship>
<mst_createship>
	<Id>355</Id>
	<Group_id>4</Group_id>
	<Ship_id>33</Ship_id>
	<Change_flag>0</Change_flag>
</mst_createship>
<mst_createship>
	<Id>356</Id>
	<Group_id>4</Group_id>
	<Ship_id>13</Ship_id>
	<Change_flag>0</Change_flag>
</mst_createship>
<mst_createship>
	<Id>357</Id>
	<Group_id>4</Group_id>
	<Ship_id>14</Ship_id>
	<Change_flag>0</Change_flag>
</mst_createship>
<mst_createship>
	<Id>358</Id>
	<Group_id>4</Group_id>
	<Ship_id>1</Ship_id>
	<Change_flag>0</Change_flag>
</mst_createship>
<mst_createship>
	<Id>359</Id>
	<Group_id>4</Group_id>
	<Ship_id>2</Ship_id>
	<Change_flag>0</Change_flag>
</mst_createship>
<mst_createship>
	<Id>360</Id>
	<Group_id>4</Group_id>
	<Ship_id>28</Ship_id>
	<Change_flag>0</Change_flag>
</mst_createship>
<mst_createship>
	<Id>361</Id>
	<Group_id>4</Group_id>
	<Ship_id>29</Ship_id>
	<Change_flag>0</Change_flag>
</mst_createship>
<mst_createship>
	<Id>362</Id>
	<Group_id>4</Group_id>
	<Ship_id>6</Ship_id>
	<Change_flag>0</Change_flag>
</mst_createship>
<mst_createship>
	<Id>363</Id>
	<Group_id>4</Group_id>
	<Ship_id>30</Ship_id>
	<Change_flag>0</Change_flag>
</mst_createship>
<mst_createship>
	<Id>364</Id>
	<Group_id>4</Group_id>
	<Ship_id>7</Ship_id>
	<Change_flag>0</Change_flag>
</mst_createship>
<mst_createship>
	<Id>365</Id>
	<Group_id>4</Group_id>
	<Ship_id>31</Ship_id>
	<Change_flag>0</Change_flag>
</mst_createship>
<mst_createship>
	<Id>366</Id>
	<Group_id>4</Group_id>
	<Ship_id>15</Ship_id>
	<Change_flag>0</Change_flag>
</mst_createship>
<mst_createship>
	<Id>367</Id>
	<Group_id>4</Group_id>
	<Ship_id>94</Ship_id>
	<Change_flag>0</Change_flag>
</mst_createship>
<mst_createship>
	<Id>368</Id>
	<Group_id>4</Group_id>
	<Ship_id>16</Ship_id>
	<Change_flag>0</Change_flag>
</mst_createship>
<mst_createship>
	<Id>369</Id>
	<Group_id>4</Group_id>
	<Ship_id>38</Ship_id>
	<Change_flag>0</Change_flag>
</mst_createship>
<mst_createship>
	<Id>370</Id>
	<Group_id>4</Group_id>
	<Ship_id>10</Ship_id>
	<Change_flag>0</Change_flag>
</mst_createship>
<mst_createship>
	<Id>371</Id>
	<Group_id>4</Group_id>
	<Ship_id>32</Ship_id>
	<Change_flag>0</Change_flag>
</mst_createship>
<mst_createship>
	<Id>372</Id>
	<Group_id>4</Group_id>
	<Ship_id>11</Ship_id>
	<Change_flag>0</Change_flag>
</mst_createship>
<mst_createship>
	<Id>373</Id>
	<Group_id>4</Group_id>
	<Ship_id>12</Ship_id>
	<Change_flag>0</Change_flag>
</mst_createship>
<mst_createship>
	<Id>374</Id>
	<Group_id>4</Group_id>
	<Ship_id>14</Ship_id>
	<Change_flag>0</Change_flag>
</mst_createship>
<mst_createship>
	<Id>375</Id>
	<Group_id>4</Group_id>
	<Ship_id>2</Ship_id>
	<Change_flag>0</Change_flag>
</mst_createship>
<mst_createship>
	<Id>376</Id>
	<Group_id>4</Group_id>
	<Ship_id>28</Ship_id>
	<Change_flag>0</Change_flag>
</mst_createship>
<mst_createship>
	<Id>377</Id>
	<Group_id>4</Group_id>
	<Ship_id>29</Ship_id>
	<Change_flag>0</Change_flag>
</mst_createship>
<mst_createship>
	<Id>378</Id>
	<Group_id>4</Group_id>
	<Ship_id>6</Ship_id>
	<Change_flag>0</Change_flag>
</mst_createship>
<mst_createship>
	<Id>379</Id>
	<Group_id>4</Group_id>
	<Ship_id>30</Ship_id>
	<Change_flag>0</Change_flag>
</mst_createship>
<mst_createship>
	<Id>380</Id>
	<Group_id>4</Group_id>
	<Ship_id>7</Ship_id>
	<Change_flag>0</Change_flag>
</mst_createship>
<mst_createship>
	<Id>381</Id>
	<Group_id>4</Group_id>
	<Ship_id>31</Ship_id>
	<Change_flag>0</Change_flag>
</mst_createship>
<mst_createship>
	<Id>382</Id>
	<Group_id>4</Group_id>
	<Ship_id>93</Ship_id>
	<Change_flag>0</Change_flag>
</mst_createship>
<mst_createship>
	<Id>383</Id>
	<Group_id>4</Group_id>
	<Ship_id>15</Ship_id>
	<Change_flag>0</Change_flag>
</mst_createship>
<mst_createship>
	<Id>384</Id>
	<Group_id>4</Group_id>
	<Ship_id>94</Ship_id>
	<Change_flag>0</Change_flag>
</mst_createship>
<mst_createship>
	<Id>385</Id>
	<Group_id>4</Group_id>
	<Ship_id>16</Ship_id>
	<Change_flag>0</Change_flag>
</mst_createship>
<mst_createship>
	<Id>386</Id>
	<Group_id>4</Group_id>
	<Ship_id>35</Ship_id>
	<Change_flag>0</Change_flag>
</mst_createship>
<mst_createship>
	<Id>387</Id>
	<Group_id>4</Group_id>
	<Ship_id>36</Ship_id>
	<Change_flag>0</Change_flag>
</mst_createship>
<mst_createship>
	<Id>388</Id>
	<Group_id>4</Group_id>
	<Ship_id>37</Ship_id>
	<Change_flag>0</Change_flag>
</mst_createship>
<mst_createship>
	<Id>389</Id>
	<Group_id>4</Group_id>
	<Ship_id>39</Ship_id>
	<Change_flag>0</Change_flag>
</mst_createship>
<mst_createship>
	<Id>390</Id>
	<Group_id>4</Group_id>
	<Ship_id>40</Ship_id>
	<Change_flag>0</Change_flag>
</mst_createship>
<mst_createship>
	<Id>391</Id>
	<Group_id>4</Group_id>
	<Ship_id>41</Ship_id>
	<Change_flag>0</Change_flag>
</mst_createship>
<mst_createship>
	<Id>392</Id>
	<Group_id>4</Group_id>
	<Ship_id>43</Ship_id>
	<Change_flag>0</Change_flag>
</mst_createship>
<mst_createship>
	<Id>393</Id>
	<Group_id>4</Group_id>
	<Ship_id>44</Ship_id>
	<Change_flag>0</Change_flag>
</mst_createship>
<mst_createship>
	<Id>394</Id>
	<Group_id>4</Group_id>
	<Ship_id>45</Ship_id>
	<Change_flag>0</Change_flag>
</mst_createship>
<mst_createship>
	<Id>395</Id>
	<Group_id>4</Group_id>
	<Ship_id>126</Ship_id>
	<Change_flag>0</Change_flag>
</mst_createship>
<mst_createship>
	<Id>396</Id>
	<Group_id>4</Group_id>
	<Ship_id>96</Ship_id>
	<Change_flag>0</Change_flag>
</mst_createship>
<mst_createship>
	<Id>397</Id>
	<Group_id>4</Group_id>
	<Ship_id>97</Ship_id>
	<Change_flag>0</Change_flag>
</mst_createship>
<mst_createship>
	<Id>398</Id>
	<Group_id>4</Group_id>
	<Ship_id>98</Ship_id>
	<Change_flag>0</Change_flag>
</mst_createship>
<mst_createship>
	<Id>399</Id>
	<Group_id>4</Group_id>
	<Ship_id>48</Ship_id>
	<Change_flag>0</Change_flag>
</mst_createship>
<mst_createship>
	<Id>400</Id>
	<Group_id>4</Group_id>
	<Ship_id>49</Ship_id>
	<Change_flag>0</Change_flag>
</mst_createship>
</mst_createship_data>
