<?xml version="1.0" encoding="utf-8"?>
<mst_maparea_data xmlns:i="http://www.w3.org/2001/XMLSchema-instance">
<mst_maparea>
	<Id>1</Id>
	<No>01</No>
	<Name>鎮守府海域</Name>
	<Evt_flag>0</Evt_flag>
	<Material_1>10</Material_1>
	<Material_2>30</Material_2>
	<Material_3>30</Material_3>
	<Material_4>10</Material_4>
	<Req_tanker_num>8</Req_tanker_num>
	<Ndocks_init>2</Ndocks_init>
	<Ndocks_max>4</Ndocks_max>
	<Distance>0</Distance>
	<Erc_air_rate>10</Erc_air_rate>
	<Erc_submarine_rate>90</Erc_submarine_rate>
	<Neighboring_area>7,8,9,11</Neighboring_area>
</mst_maparea>
<mst_maparea>
	<Id>2</Id>
	<No>02</No>
	<Name>南西諸島海域</Name>
	<Evt_flag>0</Evt_flag>
	<Material_1>80</Material_1>
	<Material_2>0</Material_2>
	<Material_3>0</Material_3>
	<Material_4>20</Material_4>
	<Req_tanker_num>9</Req_tanker_num>
	<Ndocks_init>0</Ndocks_init>
	<Ndocks_max>0</Ndocks_max>
	<Distance>2</Distance>
	<Erc_air_rate>10</Erc_air_rate>
	<Erc_submarine_rate>90</Erc_submarine_rate>
	<Neighboring_area>7,9,10</Neighboring_area>
</mst_maparea>
<mst_maparea>
	<Id>3</Id>
	<No>03</No>
	<Name>北方海域</Name>
	<Evt_flag>0</Evt_flag>
	<Material_1>0</Material_1>
	<Material_2>0</Material_2>
	<Material_3>10</Material_3>
	<Material_4>0</Material_4>
	<Req_tanker_num>3</Req_tanker_num>
	<Ndocks_init>0</Ndocks_init>
	<Ndocks_max>0</Ndocks_max>
	<Distance>2</Distance>
	<Erc_air_rate>10</Erc_air_rate>
	<Erc_submarine_rate>90</Erc_submarine_rate>
	<Neighboring_area>8,12,13</Neighboring_area>
</mst_maparea>
<mst_maparea>
	<Id>4</Id>
	<No>04</No>
	<Name>西方海域</Name>
	<Evt_flag>0</Evt_flag>
	<Material_1>0</Material_1>
	<Material_2>30</Material_2>
	<Material_3>0</Material_3>
	<Material_4>10</Material_4>
	<Req_tanker_num>6</Req_tanker_num>
	<Ndocks_init>0</Ndocks_init>
	<Ndocks_max>0</Ndocks_max>
	<Distance>3</Distance>
	<Erc_air_rate>10</Erc_air_rate>
	<Erc_submarine_rate>90</Erc_submarine_rate>
	<Neighboring_area>10</Neighboring_area>
</mst_maparea>
<mst_maparea>
	<Id>5</Id>
	<No>05</No>
	<Name>南方海域</Name>
	<Evt_flag>0</Evt_flag>
	<Material_1>0</Material_1>
	<Material_2>30</Material_2>
	<Material_3>0</Material_3>
	<Material_4>10</Material_4>
	<Req_tanker_num>6</Req_tanker_num>
	<Ndocks_init>0</Ndocks_init>
	<Ndocks_max>0</Ndocks_max>
	<Distance>2</Distance>
	<Erc_air_rate>10</Erc_air_rate>
	<Erc_submarine_rate>90</Erc_submarine_rate>
	<Neighboring_area>6,7,11,14</Neighboring_area>
</mst_maparea>
<mst_maparea>
	<Id>6</Id>
	<No>06</No>
	<Name>中部海域</Name>
	<Evt_flag>0</Evt_flag>
	<Material_1>0</Material_1>
	<Material_2>10</Material_2>
	<Material_3>0</Material_3>
	<Material_4>0</Material_4>
	<Req_tanker_num>3</Req_tanker_num>
	<Ndocks_init>0</Ndocks_init>
	<Ndocks_max>0</Ndocks_max>
	<Distance>2</Distance>
	<Erc_air_rate>20</Erc_air_rate>
	<Erc_submarine_rate>80</Erc_submarine_rate>
	<Neighboring_area>5,11,12,14,17</Neighboring_area>
</mst_maparea>
<mst_maparea>
	<Id>7</Id>
	<No>07</No>
	<Name>南方泊地海域</Name>
	<Evt_flag>0</Evt_flag>
	<Material_1>20</Material_1>
	<Material_2>0</Material_2>
	<Material_3>0</Material_3>
	<Material_4>10</Material_4>
	<Req_tanker_num>7</Req_tanker_num>
	<Ndocks_init>1</Ndocks_init>
	<Ndocks_max>3</Ndocks_max>
	<Distance>1</Distance>
	<Erc_air_rate>10</Erc_air_rate>
	<Erc_submarine_rate>90</Erc_submarine_rate>
	<Neighboring_area>1,2,5,9,11</Neighboring_area>
</mst_maparea>
<mst_maparea>
	<Id>8</Id>
	<No>08</No>
	<Name>北方泊地海域</Name>
	<Evt_flag>0</Evt_flag>
	<Material_1>0</Material_1>
	<Material_2>10</Material_2>
	<Material_3>10</Material_3>
	<Material_4>0</Material_4>
	<Req_tanker_num>5</Req_tanker_num>
	<Ndocks_init>1</Ndocks_init>
	<Ndocks_max>2</Ndocks_max>
	<Distance>1</Distance>
	<Erc_air_rate>10</Erc_air_rate>
	<Erc_submarine_rate>90</Erc_submarine_rate>
	<Neighboring_area>1,3,11,12</Neighboring_area>
</mst_maparea>
<mst_maparea>
	<Id>9</Id>
	<No>09</No>
	<Name>南方連絡海域</Name>
	<Evt_flag>0</Evt_flag>
	<Material_1>20</Material_1>
	<Material_2>0</Material_2>
	<Material_3>30</Material_3>
	<Material_4>0</Material_4>
	<Req_tanker_num>6</Req_tanker_num>
	<Ndocks_init>1</Ndocks_init>
	<Ndocks_max>2</Ndocks_max>
	<Distance>1</Distance>
	<Erc_air_rate>10</Erc_air_rate>
	<Erc_submarine_rate>90</Erc_submarine_rate>
	<Neighboring_area>1,2,7,10</Neighboring_area>
</mst_maparea>
<mst_maparea>
	<Id>10</Id>
	<No>10</No>
	<Name>西南海域</Name>
	<Evt_flag>0</Evt_flag>
	<Material_1>0</Material_1>
	<Material_2>20</Material_2>
	<Material_3>30</Material_3>
	<Material_4>0</Material_4>
	<Req_tanker_num>7</Req_tanker_num>
	<Ndocks_init>1</Ndocks_init>
	<Ndocks_max>3</Ndocks_max>
	<Distance>2</Distance>
	<Erc_air_rate>10</Erc_air_rate>
	<Erc_submarine_rate>90</Erc_submarine_rate>
	<Neighboring_area>2,4,9</Neighboring_area>
</mst_maparea>
<mst_maparea>
	<Id>11</Id>
	<No>11</No>
	<Name>中部西海域</Name>
	<Evt_flag>0</Evt_flag>
	<Material_1>0</Material_1>
	<Material_2>10</Material_2>
	<Material_3>10</Material_3>
	<Material_4>0</Material_4>
	<Req_tanker_num>5</Req_tanker_num>
	<Ndocks_init>0</Ndocks_init>
	<Ndocks_max>0</Ndocks_max>
	<Distance>1</Distance>
	<Erc_air_rate>10</Erc_air_rate>
	<Erc_submarine_rate>90</Erc_submarine_rate>
	<Neighboring_area>1,5,6,7,8,12</Neighboring_area>
</mst_maparea>
<mst_maparea>
	<Id>12</Id>
	<No>12</No>
	<Name>MI海域</Name>
	<Evt_flag>0</Evt_flag>
	<Material_1>0</Material_1>
	<Material_2>0</Material_2>
	<Material_3>0</Material_3>
	<Material_4>10</Material_4>
	<Req_tanker_num>3</Req_tanker_num>
	<Ndocks_init>0</Ndocks_init>
	<Ndocks_max>0</Ndocks_max>
	<Distance>2</Distance>
	<Erc_air_rate>20</Erc_air_rate>
	<Erc_submarine_rate>80</Erc_submarine_rate>
	<Neighboring_area>3,6,8,11,17</Neighboring_area>
</mst_maparea>
<mst_maparea>
	<Id>13</Id>
	<No>13</No>
	<Name>AL海域</Name>
	<Evt_flag>0</Evt_flag>
	<Material_1>0</Material_1>
	<Material_2>10</Material_2>
	<Material_3>10</Material_3>
	<Material_4>0</Material_4>
	<Req_tanker_num>5</Req_tanker_num>
	<Ndocks_init>0</Ndocks_init>
	<Ndocks_max>2</Ndocks_max>
	<Distance>3</Distance>
	<Erc_air_rate>20</Erc_air_rate>
	<Erc_submarine_rate>80</Erc_submarine_rate>
	<Neighboring_area>3,15</Neighboring_area>
</mst_maparea>
<mst_maparea>
	<Id>14</Id>
	<No>14</No>
	<Name>FS海域</Name>
	<Evt_flag>0</Evt_flag>
	<Material_1>20</Material_1>
	<Material_2>0</Material_2>
	<Material_3>20</Material_3>
	<Material_4>0</Material_4>
	<Req_tanker_num>6</Req_tanker_num>
	<Ndocks_init>0</Ndocks_init>
	<Ndocks_max>2</Ndocks_max>
	<Distance>3</Distance>
	<Erc_air_rate>20</Erc_air_rate>
	<Erc_submarine_rate>80</Erc_submarine_rate>
	<Neighboring_area>5,6,16</Neighboring_area>
</mst_maparea>
<mst_maparea>
	<Id>15</Id>
	<No>15</No>
	<Name>深海後方海域</Name>
	<Evt_flag>0</Evt_flag>
	<Material_1>0</Material_1>
	<Material_2>0</Material_2>
	<Material_3>0</Material_3>
	<Material_4>0</Material_4>
	<Req_tanker_num>0</Req_tanker_num>
	<Ndocks_init>0</Ndocks_init>
	<Ndocks_max>0</Ndocks_max>
	<Distance>4</Distance>
	<Erc_air_rate>20</Erc_air_rate>
	<Erc_submarine_rate>80</Erc_submarine_rate>
	<Neighboring_area>13,16,17</Neighboring_area>
</mst_maparea>
<mst_maparea>
	<Id>16</Id>
	<No>16</No>
	<Name>深海運河海域</Name>
	<Evt_flag>0</Evt_flag>
	<Material_1>0</Material_1>
	<Material_2>0</Material_2>
	<Material_3>0</Material_3>
	<Material_4>0</Material_4>
	<Req_tanker_num>0</Req_tanker_num>
	<Ndocks_init>0</Ndocks_init>
	<Ndocks_max>0</Ndocks_max>
	<Distance>4</Distance>
	<Erc_air_rate>20</Erc_air_rate>
	<Erc_submarine_rate>80</Erc_submarine_rate>
	<Neighboring_area>14,15,17</Neighboring_area>
</mst_maparea>
<mst_maparea>
	<Id>17</Id>
	<No>17</No>
	<Name>深海中枢海域</Name>
	<Evt_flag>0</Evt_flag>
	<Material_1>0</Material_1>
	<Material_2>0</Material_2>
	<Material_3>0</Material_3>
	<Material_4>0</Material_4>
	<Req_tanker_num>0</Req_tanker_num>
	<Ndocks_init>0</Ndocks_init>
	<Ndocks_max>0</Ndocks_max>
	<Distance>3</Distance>
	<Erc_air_rate>20</Erc_air_rate>
	<Erc_submarine_rate>80</Erc_submarine_rate>
	<Neighboring_area>6,12,15,16</Neighboring_area>
</mst_maparea>
<mst_maparea>
	<Id>18</Id>
	<No>18</No>
	<Name>予備マップ１</Name>
	<Evt_flag>0</Evt_flag>
	<Material_1>0</Material_1>
	<Material_2>0</Material_2>
	<Material_3>0</Material_3>
	<Material_4>0</Material_4>
	<Req_tanker_num>0</Req_tanker_num>
	<Ndocks_init>0</Ndocks_init>
	<Ndocks_max>0</Ndocks_max>
	<Distance>0</Distance>
	<Erc_air_rate>20</Erc_air_rate>
	<Erc_submarine_rate>80</Erc_submarine_rate>
	<Neighboring_area>0</Neighboring_area>
</mst_maparea>
<mst_maparea>
	<Id>19</Id>
	<No>19</No>
	<Name>予備マップ２</Name>
	<Evt_flag>0</Evt_flag>
	<Material_1>0</Material_1>
	<Material_2>0</Material_2>
	<Material_3>0</Material_3>
	<Material_4>0</Material_4>
	<Req_tanker_num>0</Req_tanker_num>
	<Ndocks_init>0</Ndocks_init>
	<Ndocks_max>0</Ndocks_max>
	<Distance>0</Distance>
	<Erc_air_rate>20</Erc_air_rate>
	<Erc_submarine_rate>80</Erc_submarine_rate>
	<Neighboring_area>0</Neighboring_area>
</mst_maparea>
<mst_maparea>
	<Id>20</Id>
	<No>20</No>
	<Name>予備マップ３</Name>
	<Evt_flag>0</Evt_flag>
	<Material_1>0</Material_1>
	<Material_2>0</Material_2>
	<Material_3>0</Material_3>
	<Material_4>0</Material_4>
	<Req_tanker_num>0</Req_tanker_num>
	<Ndocks_init>0</Ndocks_init>
	<Ndocks_max>0</Ndocks_max>
	<Distance>0</Distance>
	<Erc_air_rate>20</Erc_air_rate>
	<Erc_submarine_rate>80</Erc_submarine_rate>
	<Neighboring_area>0</Neighboring_area>
</mst_maparea>
</mst_maparea_data>
