<?xml version="1.0" encoding="utf-8"?>
<mst_bgm_data xmlns:i="http://www.w3.org/2001/XMLSchema-instance">
<mst_bgm>
	<bgm_record>101,母港</bgm_record>
</mst_bgm>
<mst_bgm>
	<bgm_record>105,秋の鎮守府</bgm_record>
</mst_bgm>
<mst_bgm>
	<bgm_record>106,武蔵の帰投</bgm_record>
</mst_bgm>
<mst_bgm>
	<bgm_record>107,冬の抜錨</bgm_record>
</mst_bgm>
<mst_bgm>
	<bgm_record>108,迎春の鎮守府</bgm_record>
</mst_bgm>
<mst_bgm>
	<bgm_record>109,第五戦隊の出撃</bgm_record>
</mst_bgm>
<mst_bgm>
	<bgm_record>110,節分の鎮守府</bgm_record>
</mst_bgm>
<mst_bgm>
	<bgm_record>111,艦娘のお菓子作り</bgm_record>
</mst_bgm>
<mst_bgm>
	<bgm_record>112,桃の節句と艦娘</bgm_record>
</mst_bgm>
<mst_bgm>
	<bgm_record>113,第三十駆逐隊、抜錨準備！</bgm_record>
</mst_bgm>
<mst_bgm>
	<bgm_record>114,雨音の鎮守府</bgm_record>
</mst_bgm>
<mst_bgm>
	<bgm_record>115,雨とお酒と艦娘</bgm_record>
</mst_bgm>
<mst_bgm>
	<bgm_record>116,浜辺の艦娘</bgm_record>
</mst_bgm>
<mst_bgm>
	<bgm_record>117,加賀岬改(母港ver)</bgm_record>
</mst_bgm>
<mst_bgm>
	<bgm_record>118,鎮守府の秋祭り</bgm_record>
</mst_bgm>
<mst_bgm>
	<bgm_record>119,聖夜の母港</bgm_record>
</mst_bgm>
<mst_bgm>
	<bgm_record>205,秋月の空</bgm_record>
</mst_bgm>
<mst_bgm>
	<bgm_record>206,明石の工廠</bgm_record>
</mst_bgm>
<mst_bgm>
	<bgm_record>207,冬の抜錨</bgm_record>
</mst_bgm>
<mst_bgm>
	<bgm_record>208,海上護衛戦</bgm_record>
</mst_bgm>
<mst_bgm>
	<bgm_record>209,索敵機、発艦始め！</bgm_record>
</mst_bgm>
<mst_bgm>
	<bgm_record>210,連合艦隊の出撃</bgm_record>
</mst_bgm>
<mst_bgm>
	<bgm_record>211,冬の艦隊</bgm_record>
</mst_bgm>
<mst_bgm>
	<bgm_record>212,迎春の鎮守府</bgm_record>
</mst_bgm>
<mst_bgm>
	<bgm_record>213,士魂の護り</bgm_record>
</mst_bgm>
<mst_bgm>
	<bgm_record>214,特型駆逐艦</bgm_record>
</mst_bgm>
<mst_bgm>
	<bgm_record>215,艦娘のお菓子作り</bgm_record>
</mst_bgm>
<mst_bgm>
	<bgm_record>216,桃の節句と艦娘</bgm_record>
</mst_bgm>
<mst_bgm>
	<bgm_record>217,武蔵の帰投</bgm_record>
</mst_bgm>
<mst_bgm>
	<bgm_record>218,雨音の鎮守府</bgm_record>
</mst_bgm>
<mst_bgm>
	<bgm_record>219,雨とお酒と艦娘</bgm_record>
</mst_bgm>
<mst_bgm>
	<bgm_record>220,暁の水平線に</bgm_record>
</mst_bgm>
<mst_bgm>
	<bgm_record>221,鎮守府の朝</bgm_record>
</mst_bgm>
<mst_bgm>
	<bgm_record>222,華の二水戦</bgm_record>
</mst_bgm>
<mst_bgm>
	<bgm_record>223,提督との絆</bgm_record>
</mst_bgm>
<mst_bgm>
	<bgm_record>224,浜辺の艦娘</bgm_record>
</mst_bgm>
<mst_bgm>
	<bgm_record>225,加賀岬</bgm_record>
</mst_bgm>
<mst_bgm>
	<bgm_record>226,加賀岬改(母港ver)</bgm_record>
</mst_bgm>
<mst_bgm>
	<bgm_record>227,鎮守府の秋祭り</bgm_record>
</mst_bgm>
<mst_bgm>
	<bgm_record>228,聖夜の母港</bgm_record>
</mst_bgm>
</mst_bgm_data>
