<?xml version="1.0" encoding="utf-8"?>
<mst_furnituretext_data xmlns:i="http://www.w3.org/2001/XMLSchema-instance">
<mst_furnituretext>
	<Id>1</Id>
	<Description>鎮守府の艦隊司令官室。その通常仕様の床板です。</Description>
</mst_furnituretext>
<mst_furnituretext>
	<Id>2</Id>
	<Description>天然木を使用した明るい木目が特徴の床です。</Description>
</mst_furnituretext>
<mst_furnituretext>
	<Id>3</Id>
	<Description>高級仕上げの床に舞う桜の花びら。春の季節ならではのフローリングです。艦娘たちとの鎮守府庭でのお花見も楽しいですね！</Description>
</mst_furnituretext>
<mst_furnituretext>
	<Id>4</Id>
	<Description>しっかりとした木板で構成された、木と新緑の香り漂うフローリングです。作戦室にはもちろん、教室の床材としても最適ですね！</Description>
</mst_furnituretext>
<mst_furnituretext>
	<Id>5</Id>
	<Description>高級なマホガニー仕様の重厚なフローリング。地味にセンスの光る提督の執務室にぴったり！</Description>
</mst_furnituretext>
<mst_furnituretext>
	<Id>6</Id>
	<Description>匠の職人の技によって完成した海岸の砂浜を鎮守府内にダイナミックに再現した砂浜の床。艦娘たちも時々砂遊びに来るみたいです！</Description>
</mst_furnituretext>
<mst_furnituretext>
	<Id>7</Id>
	<Description>出撃して高揚した気分も落ち着く、青色のカーペット。艦娘たちもお気に入りです。</Description>
</mst_furnituretext>
<mst_furnituretext>
	<Id>8</Id>
	<Description>高級素材を惜しげもなく使用した贅沢なタイルの床。</Description>
</mst_furnituretext>
<mst_furnituretext>
	<Id>9</Id>
	<Description>足元から明るい気分になれる白いタイル。洗練されたデザインは、モダンなインテリアにもよく合います！</Description>
</mst_furnituretext>
<mst_furnituretext>
	<Id>10</Id>
	<Description>ダークブラウンで格調高い印象の高級な床。</Description>
</mst_furnituretext>
<mst_furnituretext>
	<Id>11</Id>
	<Description>シャープで重厚な印象の黒いタイルの床。</Description>
</mst_furnituretext>
<mst_furnituretext>
	<Id>12</Id>
	<Description>まるで草原にいるような心和む緑のカーペット。床とのコーディネートは、優しい気持ちにさせてくれます。</Description>
</mst_furnituretext>
<mst_furnituretext>
	<Id>13</Id>
	<Description>白い床に青が爽やかな清潔感のある床。</Description>
</mst_furnituretext>
<mst_furnituretext>
	<Id>14</Id>
	<Description>春、桜の季節。そんな桜の季節を満開で味わうための床です。匠の技と心意気を感じる逸品です。鎮守府内でのお花見もいいですね！</Description>
</mst_furnituretext>
<mst_furnituretext>
	<Id>15</Id>
	<Description>紫でシックながらも小花柄で可愛らしいカーペット。和風にまとめても奥ゆかしい印象に。</Description>
</mst_furnituretext>
<mst_furnituretext>
	<Id>16</Id>
	<Description>ブロックチェックがモダンで都会的な高級感を演出。</Description>
</mst_furnituretext>
<mst_furnituretext>
	<Id>17</Id>
	<Description>ガーリーなピンクに仕上げられた床。どこかのお店のような不思議な雰囲気を醸し出します。</Description>
</mst_furnituretext>
<mst_furnituretext>
	<Id>18</Id>
	<Description>マットの柄やクッションの刺繍がエスニックで凝ったデザイン。</Description>
</mst_furnituretext>
<mst_furnituretext>
	<Id>19</Id>
	<Description>装飾的なアイテムは落ち着いたピンク系統でまとめると落ち着いたフェミニンな印象に。</Description>
</mst_furnituretext>
<mst_furnituretext>
	<Id>20</Id>
	<Description>大胆な柄が部屋の印象を明るく演出してくれます。お馬さんのぬいぐるみもポイント高し。</Description>
</mst_furnituretext>
<mst_furnituretext>
	<Id>21</Id>
	<Description>高級な素材で仕上げられた真っ赤な絨毯。何かが三倍早くなるような気もしますが、それは気のせいです！紅茶セットも素敵デース！</Description>
</mst_furnituretext>
<mst_furnituretext>
	<Id>22</Id>
	<Description>寝そべったら気持ちよさそう！真っ白でフワフワ仕上げの高級絨毯。駆逐艦娘も大喜びの逸品です。紅茶とかこぼしたらダメ絶対！</Description>
</mst_furnituretext>
<mst_furnituretext>
	<Id>23</Id>
	<Description>匠の職人の技によって完成した冬の雪原を鎮守府内にダイナミックに再現した雪原の床。家具職人の未知の技術を結集した逸品です。</Description>
</mst_furnituretext>
<mst_furnituretext>
	<Id>24</Id>
	<Description>春色満開の床です。比較的リーズナブルな価格で春色気分を目一杯執務室の中に導入できます。ぜひ、春の鎮守府模様替えにどうぞ！</Description>
</mst_furnituretext>
<mst_furnituretext>
	<Id>25</Id>
	<Description>やはり和の床は畳！そんな畳派を自認する提督に贈る真新しい天然い草を使った青畳です。基本にして最高の執務室を新しい畳で！</Description>
</mst_furnituretext>
<mst_furnituretext>
	<Id>26</Id>
	<Description>特注家具職人がその匠の技で磨きあげた高級大理石製の冬にぴったりの白い床です。丁寧な仕上げで艦娘にも好評なのです！</Description>
</mst_furnituretext>
<mst_furnituretext>
	<Id>27</Id>
	<Description>活動的な印象の朱色の床。</Description>
</mst_furnituretext>
<mst_furnituretext>
	<Id>28</Id>
	<Description>シャープでスマートな青い床。</Description>
</mst_furnituretext>
<mst_furnituretext>
	<Id>29</Id>
	<Description>カジュアルにも渋くも部屋を演出できる濃い緑の床。</Description>
</mst_furnituretext>
<mst_furnituretext>
	<Id>30</Id>
	<Description>草原を思わせるような明るい黄緑の床。</Description>
</mst_furnituretext>
<mst_furnituretext>
	<Id>31</Id>
	<Description>鎮守府で執務しながら艦載機の発着艦訓練も可能かもしれない特注の飛行甲板型の床。エレベーターが一体どこに行くのか謎です。</Description>
</mst_furnituretext>
<mst_furnituretext>
	<Id>32</Id>
	<Description>こっそり夜まで布団の上でお菓子の交換こ！食べたい…けどねむい…だべたい…ねむ…zzz</Description>
</mst_furnituretext>
<mst_furnituretext>
	<Id>33</Id>
	<Description>都会派の貴方はこれでキマリ！洗練されたアーバンな執務室を演出するコンクリート製の床！</Description>
</mst_furnituretext>
<mst_furnituretext>
	<Id>34</Id>
	<Description>何度描いても水で簡単にふき取りが可能な楽しい床。戦略を立てるのにも有効です。</Description>
</mst_furnituretext>
<mst_furnituretext>
	<Id>35</Id>
	<Description>天然木と白タイルを組み合わせて戦艦級の艦艇柄をあしらった斬新な床です。自負に溢れた執務室です。</Description>
</mst_furnituretext>
<mst_furnituretext>
	<Id>36</Id>
	<Description>い草の爽やかな香りが漂う畳。鮮やかな緑が若々しく健やかな印象。</Description>
</mst_furnituretext>
<mst_furnituretext>
	<Id>37</Id>
	<Description>熟練の職人が仕上げた逸品。心も安らぐい草の香りが爽やか。懐かしい、そして最高級の畳の床です。</Description>
</mst_furnituretext>
<mst_furnituretext>
	<Id>38</Id>
	<Description>前任の提督が使っていたままの壁紙です。若干汚れていますし、なんとなく新調したい気もちょっぴりしますね。</Description>
</mst_furnituretext>
<mst_furnituretext>
	<Id>39</Id>
	<Description>一番安い壁紙です。いいのです。執務室で戦闘するわけではないですし！</Description>
</mst_furnituretext>
<mst_furnituretext>
	<Id>40</Id>
	<Description>和の家具と調和する落ち着いた雰囲気の壁紙が欲しい…という提督達のニーズによって誕生したシンプルな和壁紙です。</Description>
</mst_furnituretext>
<mst_furnituretext>
	<Id>41</Id>
	<Description>モスグリーンの落ち着いた地色に花柄パターンのシックでお洒落な壁。ちょっと格調高いですね！</Description>
</mst_furnituretext>
<mst_furnituretext>
	<Id>42</Id>
	<Description>春の雰囲気にマッチした明るい色調で仕上げられた和の壁紙。シンプルなデザインの中に、どんな家具とも馴染む奥深い趣き。</Description>
</mst_furnituretext>
<mst_furnituretext>
	<Id>43</Id>
	<Description>あずき色×若草色で昭和レトロな趣ある壁紙。</Description>
</mst_furnituretext>
<mst_furnituretext>
	<Id>44</Id>
	<Description>チョコレートをモチーフに鎮守府の艦娘たちがデザインした壁紙です。鎮守府内にチョコレートの甘い香りが漂いますネ！</Description>
</mst_furnituretext>
<mst_furnituretext>
	<Id>45</Id>
	<Description>カジュアルな若い感性の壁紙。鮮やかな色彩のストライプには提督は渋い顔ですが、気にしません！</Description>
</mst_furnituretext>
<mst_furnituretext>
	<Id>46</Id>
	<Description>お菓子作りにぴったりの壁紙を！そんな艦娘の声から生まれた、ポップで優しい雰囲気のガーリーな壁紙。お菓子作りも捗ります！</Description>
</mst_furnituretext>
<mst_furnituretext>
	<Id>47</Id>
	<Description>もっと落ち着いた和の心の壁紙が欲しい…という提督の要請から生まれた、高級和風壁紙。違いのわかる、大人の提督に人気です。</Description>
</mst_furnituretext>
<mst_furnituretext>
	<Id>48</Id>
	<Description>特注家具職人がそのもてる技術とセンスを総動員して作り上げた、艦娘のための新作壁紙。職人は満足気な表情で帰って行きました…</Description>
</mst_furnituretext>
<mst_furnituretext>
	<Id>49</Id>
	<Description>秋の鎮守府のために用意された壁紙。和のテイストで落ち着いた雰囲気を醸し出しています。少し大人の艦娘にも好評です。</Description>
</mst_furnituretext>
<mst_furnituretext>
	<Id>50</Id>
	<Description>低い位置に装飾のラインが一本だけ入った気品のある壁紙。どんな家具にもマッチします。</Description>
</mst_furnituretext>
<mst_furnituretext>
	<Id>51</Id>
	<Description>執務室で仕事中も艦隊勤務中と同じ雰囲気に包まれる軍艦色で塗装された壁面。シックかつ重厚な趣きの提督執務室を構成します。</Description>
</mst_furnituretext>
<mst_furnituretext>
	<Id>52</Id>
	<Description>冬の季節を迎えた提督と艦娘達に贈る白を基調とした壁面。ツリーを飾るもよし檜の温泉を配置するもよし提督のセンスが光ります。</Description>
</mst_furnituretext>
<mst_furnituretext>
	<Id>53</Id>
	<Description>寒色系でまとめた清楚かつ清潔なイメージの壁紙。知的な艦娘たちに好評です！</Description>
</mst_furnituretext>
<mst_furnituretext>
	<Id>54</Id>
	<Description>職人が丹精込めてしっかり焼き上げた赤煉瓦を用いてイギリス積みで組み上げた様式美漂う鎮守府の壁。違いの判る提督に人気です。</Description>
</mst_furnituretext>
<mst_furnituretext>
	<Id>55</Id>
	<Description>春のうららかな陽気にぴったりの桃色ベースの壁紙です。</Description>
</mst_furnituretext>
<mst_furnituretext>
	<Id>56</Id>
	<Description>壁紙ではなく、壁材自身を木材に換装した逸品。自然の素材ならではの落ち着いた雰囲気が、鎮守府を優しく包み込みます。</Description>
</mst_furnituretext>
<mst_furnituretext>
	<Id>57</Id>
	<Description>素材の木材自身の醸し出す美しさと落ち着いた雰囲気が味わえる高級木材の壁。職人が山に登って厳選した素材の良さが伝わります。</Description>
</mst_furnituretext>
<mst_furnituretext>
	<Id>58</Id>
	<Description>秋の気配を感じる今日この頃にぴったりの落ち着いた和の雰囲気の壁紙です。畳などの和の家具とも自然と馴染む穏やかな仕上がり。</Description>
</mst_furnituretext>
<mst_furnituretext>
	<Id>59</Id>
	<Description>シンプルでありながら繊細な仕事によって完成された和の究極の壁紙のひとつ、それがこの「緑の和壁紙」壁紙ってわびさびよね…。</Description>
</mst_furnituretext>
<mst_furnituretext>
	<Id>60</Id>
	<Description>皐月五月、新緑の季節を表現した爽やかな壁紙です。緑は目に優しく、また心を落ち着かせる効果もあると大淀さんも云ってました！</Description>
</mst_furnituretext>
<mst_furnituretext>
	<Id>61</Id>
	<Description>ピンクの大きなドットがポップな雰囲気を醸し出す壁紙。前衛的なキュートさは、一部の艦娘に大好評！</Description>
</mst_furnituretext>
<mst_furnituretext>
	<Id>62</Id>
	<Description>大きなドットが子供らしいポップな壁紙。淡いブルーで純粋な印象に！</Description>
</mst_furnituretext>
<mst_furnituretext>
	<Id>63</Id>
	<Description>和のモダンアート壁紙の冬バージョンです。冬の寒い情景を演出した配色と一筋の暖色がポイントな大人の壁紙です。</Description>
</mst_furnituretext>
<mst_furnituretext>
	<Id>64</Id>
	<Description>一面のブラックに赤のさし色。センスの効いた壁紙です。艦娘が選ぶ壁紙大賞の銀賞を受賞した逸品。</Description>
</mst_furnituretext>
<mst_furnituretext>
	<Id>65</Id>
	<Description>桃の節句は女の子の季節。そんな早春に相応しい甘い雰囲気の壁紙です。雛祭りにも優しくフィット。桃香の漂う提督室作りに！</Description>
</mst_furnituretext>
<mst_furnituretext>
	<Id>66</Id>
	<Description>落ち着いた色合いが和室にぴったり！</Description>
</mst_furnituretext>
<mst_furnituretext>
	<Id>67</Id>
	<Description>新春の新たな鎮守府の装いのために新調された壁紙。控えめなデザインの中に、新年を切り拓く艦娘たちの闘志が込められています。</Description>
</mst_furnituretext>
<mst_furnituretext>
	<Id>68</Id>
	<Description>打ちっぱなしの冷たいコンクリート壁面がクール。知的でセンスのある近代的な艦隊司令部を演出します。</Description>
</mst_furnituretext>
<mst_furnituretext>
	<Id>69</Id>
	<Description>一部の艦娘に絶賛されているピンクのコンクリート壁。打ちっぱなし壁面なのにキュートな独特な雰囲気。</Description>
</mst_furnituretext>
<mst_furnituretext>
	<Id>70</Id>
	<Description>家具箱の一斉開封機能実装を記念して用意された家具コイン長者に贈る逸品。龍をモチーフにしたデザインの最高級和風壁紙です。</Description>
</mst_furnituretext>
<mst_furnituretext>
	<Id>71</Id>
	<Description>壁一面に紅葉した紅葉をあしらった手間暇のかかった家具コイン長者提督に贈る逸品。秋の夜長の艦隊指揮にぴったりの最高級壁紙。</Description>
</mst_furnituretext>
<mst_furnituretext>
	<Id>72</Id>
	<Description>鎮守府に備え付けの基本的なデザインの赤いカーテンと窓。母港の様子が一望できます。</Description>
</mst_furnituretext>
<mst_furnituretext>
	<Id>73</Id>
	<Description>知的な貴方にぴったりのグリーンのカーテン。落ち着いて戦略を練る提督にぴったりです。</Description>
</mst_furnituretext>
<mst_furnituretext>
	<Id>74</Id>
	<Description>爽やかな雰囲気になれるブルーのカーテン。生地も少し高級な素材を使っています。</Description>
</mst_furnituretext>
<mst_furnituretext>
	<Id>75</Id>
	<Description>鎮守府や泊地の新年を祝うための新年飾り。門松はもちろん、新春を艦娘たちと楽しく迎えるための大切な家具です。よいお年を！</Description>
</mst_furnituretext>
<mst_furnituretext>
	<Id>76</Id>
	<Description>ある航空母艦娘が用意してくれた破魔矢を配した特注仕様の窓です。職人のこだわりが随所に感じられる特注高級家具です。</Description>
</mst_furnituretext>
<mst_furnituretext>
	<Id>77</Id>
	<Description>重厚感と高級感を感じさせる、シックなカーテンと窓。黒色系で統一された風格のある執務室を演出します。</Description>
</mst_furnituretext>
<mst_furnituretext>
	<Id>78</Id>
	<Description>円形窓のデザインが美しい落ち着いた雰囲気をもった高級和窓。晩秋の鎮守府にあうこの和窓、今だけ特注家具職人なしで設置可能！</Description>
</mst_furnituretext>
<mst_furnituretext>
	<Id>79</Id>
	<Description>高級感溢れるビロードのカーテンが嬉しい、落ち着いた佇まいの大窓。</Description>
</mst_furnituretext>
<mst_furnituretext>
	<Id>80</Id>
	<Description>母港のドックを見渡せるように大きく窓が開いた窓。開放的な気分で、艦娘との作戦会議も捗ります！</Description>
</mst_furnituretext>
<mst_furnituretext>
	<Id>81</Id>
	<Description>少し小ぶりの窓枠の両脇に白いカーテンを備えた可愛い小窓です。ガーリーな雰囲気は優しい提督の艦娘にぴったりです！</Description>
</mst_furnituretext>
<mst_furnituretext>
	<Id>82</Id>
	<Description>桃の節句の季節を艦娘たちと愉しむための特注品の窓です。家具職人の熱い家具魂とこの季節を彩る小物や味覚が配置されています。</Description>
</mst_furnituretext>
<mst_furnituretext>
	<Id>83</Id>
	<Description>ミントグリーンのカーテンと窓際に置かれたグリーンが爽やかな気持ちにしてくれる小窓。</Description>
</mst_furnituretext>
<mst_furnituretext>
	<Id>84</Id>
	<Description>艦娘お手製のてるてる坊主が吊るされた窓。梅雨の雨もこれがあれば安心です！中に何かが入っている気もしますが気にしませんっ！</Description>
</mst_furnituretext>
<mst_furnituretext>
	<Id>85</Id>
	<Description>梅雨明けの窓に咲く紫陽花の花。なにやら毒が作れるって話もあるんですって。龍田さんが云ってました！夏気分先取りの風鈴付き！</Description>
</mst_furnituretext>
<mst_furnituretext>
	<Id>86</Id>
	<Description>いよいよ桜の季節となりました！家具職人を呼んで、鎮守府の窓を大きく改造…眼下の桜を肴に艦娘たちとお昼からお花見宴会です！</Description>
</mst_furnituretext>
<mst_furnituretext>
	<Id>87</Id>
	<Description>間諜や暴漢から執務室を守るための堅牢な鉄格子の窓。これで、防犯体制もばっちりです！</Description>
</mst_furnituretext>
<mst_furnituretext>
	<Id>88</Id>
	<Description>艦娘たちと一緒に鎮守府から見る秋のお月様もいいものです。お団子とススキもご用意です…某正規空母のつまみ食い注意して！</Description>
</mst_furnituretext>
<mst_furnituretext>
	<Id>89</Id>
	<Description>いつ敵の空襲を受けてもいいように艦娘たちにガラスをテーピングしてもらいました。これで安心なのです！</Description>
</mst_furnituretext>
<mst_furnituretext>
	<Id>90</Id>
	<Description>究極にして最高の窓、それが障子。和のココロともいうべきデザイン。提督の熱いご要望でデラックス化！</Description>
</mst_furnituretext>
<mst_furnituretext>
	<Id>91</Id>
	<Description>シンプルなフレームの窓。機能美を追究したシンプルさが、質実剛健さを求める提督にぴったりです。</Description>
</mst_furnituretext>
<mst_furnituretext>
	<Id>92</Id>
	<Description>機能美を追究したシンプルさが、質実剛健さを求める提督にぴったり。シンプルな白タイプ！</Description>
</mst_furnituretext>
<mst_furnituretext>
	<Id>93</Id>
	<Description>艦娘と見る中秋の名月もおつなもの。どうせなら豪華なお月見専用窓を執務室に設営してしまいます？家具職人も呼んでおきました！</Description>
</mst_furnituretext>
<mst_furnituretext>
	<Id>94</Id>
	<Description>なにやら少し現代的な機能を持った簾付のシンプルな窓です。これなら午後の日差しが差し込んできても落ち着いて執務できますね。</Description>
</mst_furnituretext>
<mst_furnituretext>
	<Id>95</Id>
	<Description>現代的な機能を持った簾のついた窓。まぶしい光が差し込んできても、スムーズに執務できちゃいますね！</Description>
</mst_furnituretext>
<mst_furnituretext>
	<Id>96</Id>
	<Description>すりガラスを入れた窓です。素敵にデザインされた紅葉柄が艦隊司令部に不思議な雰囲気を演出します。</Description>
</mst_furnituretext>
<mst_furnituretext>
	<Id>97</Id>
	<Description>鎮守府のシンプルな窓枠を艦娘たちが思い思いにデコレーション…手作りで飾ってくれました。冬の提督に贈るハートフルな窓です。</Description>
</mst_furnituretext>
<mst_furnituretext>
	<Id>98</Id>
	<Description>特注家具職人の手による冬と雪をイメージした高級なステンドグラス。可愛らしくそれでいてシックな仕上りは艦娘に大人気です！</Description>
</mst_furnituretext>
<mst_furnituretext>
	<Id>99</Id>
	<Description>どこか懐かしくて新しいデザインのガラス格子窓です。ファンの多い優れたデザイナーによる逸品です。</Description>
</mst_furnituretext>
<mst_furnituretext>
	<Id>100</Id>
	<Description>究極にして最高の窓、それが障子。和のココロの昇華ともいうべきシンプルにして最高のデザイン。</Description>
</mst_furnituretext>
<mst_furnituretext>
	<Id>101</Id>
	<Description>わびさびのわかる、大人の提督のための春の高級仕様です。歴戦の提督が入手可能なこの窓。桜を眺めると少し泣けてきますね。</Description>
</mst_furnituretext>
<mst_furnituretext>
	<Id>102</Id>
	<Description>壁に何か飾れそうですね！</Description>
</mst_furnituretext>
<mst_furnituretext>
	<Id>103</Id>
	<Description>大きなのっぽではない古時計です。優しく時を刻む音が、作戦立案で疲れた提督を癒します。</Description>
</mst_furnituretext>
<mst_furnituretext>
	<Id>104</Id>
	<Description>何者かの手による「お詫び。」と書かれた掛け軸。飾ることによって、うずしおを回避するような機能はない…気持ちの逸品。</Description>
</mst_furnituretext>
<mst_furnituretext>
	<Id>105</Id>
	<Description>海と艦艇をモチーフにしたデザインは、1クラス上の上質な時間を演出します。</Description>
</mst_furnituretext>
<mst_furnituretext>
	<Id>106</Id>
	<Description>リッチなロッジのような世界観を醸し出す鹿の壁掛け。だけど、剥製ではなくて、ぬいぐるみ。</Description>
</mst_furnituretext>
<mst_furnituretext>
	<Id>107</Id>
	<Description>「海上護衛」の重要性を艦娘たちに訴えかけるような魂の掛け軸。大井提督の筆によるものとも軽巡や駆逐艦娘作など諸説あります。</Description>
</mst_furnituretext>
<mst_furnituretext>
	<Id>108</Id>
	<Description>なくとなく壁がさみしい…そんな提督のココロを癒す、花の絵画。司令官室を華やかに演出。</Description>
</mst_furnituretext>
<mst_furnituretext>
	<Id>109</Id>
	<Description>提督20万人突破を記念してある軽巡が書いた掛け軸。全ての提督達に沢山の感謝だクマー！多摩だニャー！キ、キソだキソ―！</Description>
</mst_furnituretext>
<mst_furnituretext>
	<Id>110</Id>
	<Description>ある超弩級戦艦娘が書いた提督数１００万人突破記念感謝の掛け軸。同戦艦娘は「就役する妹も、よろしくお願いしますね」と語る。</Description>
</mst_furnituretext>
<mst_furnituretext>
	<Id>111</Id>
	<Description>優れた海の戦士は優しい紳士たれ。シルクハットと懐中時計がとっても紳士的な帽子掛け。</Description>
</mst_furnituretext>
<mst_furnituretext>
	<Id>112</Id>
	<Description>「夜戦」に飽くなき執念と見敵必殺の想いを込めた艦娘自身の手による一筆です。</Description>
</mst_furnituretext>
<mst_furnituretext>
	<Id>113</Id>
	<Description>提督50万人突破を記念してある戦艦が書いた掛け軸。べ、別に何か焦っているとかではないぞ。純粋に感謝の気持ちだ、胸が熱いな！</Description>
</mst_furnituretext>
<mst_furnituretext>
	<Id>114</Id>
	<Description>あけましておめでとうございます！本年もどうぞよろしくお願い致します。新年も提督と艦娘たちが幸せでありますように！</Description>
</mst_furnituretext>
<mst_furnituretext>
	<Id>115</Id>
	<Description>提督数80万人を突破したっぽい？ということで、ある駆逐艦が準備した掛け軸。ハンモック意匠を凝らしたキュートなデザイン。</Description>
</mst_furnituretext>
<mst_furnituretext>
	<Id>116</Id>
	<Description>とても古い世界地図。よく見ると謎の印が！お宝のありかかもしれません…平和な海がきたら探索ですね！</Description>
</mst_furnituretext>
<mst_furnituretext>
	<Id>117</Id>
	<Description>提督への想いのつまった逸品です。どの艦娘の作品かはわかり…あ…裏に名前が書いてありました。</Description>
</mst_furnituretext>
<mst_furnituretext>
	<Id>118</Id>
	<Description>歴戦の水雷戦隊である第六駆逐隊。その栄光と武運長久を祈って、ある暁型駆逐艦の手によって書かれた掛け軸です。</Description>
</mst_furnituretext>
<mst_furnituretext>
	<Id>119</Id>
	<Description>地図をもっと大切に保管したいコレクター癖のあるあなたはこっち！</Description>
</mst_furnituretext>
<mst_furnituretext>
	<Id>120</Id>
	<Description>小さくても緑の観葉植物が、戦いで疲れたココロを癒してくれます。</Description>
</mst_furnituretext>
<mst_furnituretext>
	<Id>121</Id>
	<Description>演習で疲れた心を癒す観葉植物。爽やかなホワイト。</Description>
</mst_furnituretext>
<mst_furnituretext>
	<Id>122</Id>
	<Description>日本海側唯一の鎮守府にして、数々の苦難を乗り越える漢たちの港、舞鶴。その気概と肉じゃががアレンジされた魂の掛け軸です。</Description>
</mst_furnituretext>
<mst_furnituretext>
	<Id>123</Id>
	<Description>喜び、明るさ、明朗、愉快を表現するフラワーアレンジメント。司令官室を華やかに快活に演出します！</Description>
</mst_furnituretext>
<mst_furnituretext>
	<Id>124</Id>
	<Description>提督と秘書艦たちが戦略や作戦を練るための図上演習セットです。戦力駒に磁石がついた、まさかの壁掛けタイプで省スペースです！</Description>
</mst_furnituretext>
<mst_furnituretext>
	<Id>125</Id>
	<Description>ある正規空母艦娘が新春に書いた、提督数１５０万人突破を記念した掛け軸。なぜ掛け軸に妹の名を書く必要があるのかは謎です。</Description>
</mst_furnituretext>
<mst_furnituretext>
	<Id>126</Id>
	<Description>二水戦の旗艦を務めた艦娘の手による提督数１８０万人突破を記念した掛け軸。「次発装填済みです…」と呟きながらの達筆です。</Description>
</mst_furnituretext>
<mst_furnituretext>
	<Id>127</Id>
	<Description>提督のおかげで迎えることができた「祝一周年」を記念して制作された掛け軸。二年目も、どうぞよろしくお願い致します！</Description>
</mst_furnituretext>
<mst_furnituretext>
	<Id>128</Id>
	<Description>ちび大怪獣の襲来！迎え撃つ艦娘の勇姿！大ヒットした総天然色映画のポスターです。</Description>
</mst_furnituretext>
<mst_furnituretext>
	<Id>129</Id>
	<Description>なんとなくコーヒー牛乳が飲みたくなる…そんな風情たっぷりの富士山をあしらった壁画。</Description>
</mst_furnituretext>
<mst_furnituretext>
	<Id>130</Id>
	<Description>遠い国での戦艦の反乱を描いた古いサイレント映画のポスターです。とってもレアなポスターなんです！</Description>
</mst_furnituretext>
<mst_furnituretext>
	<Id>131</Id>
	<Description>リボンがチャームポイントの女の子とウサギのガーリーなポスター。</Description>
</mst_furnituretext>
<mst_furnituretext>
	<Id>132</Id>
	<Description>空技廠から独自のルートで手に入れた新型艦上戦闘機の試作機ポスター。空母な艦娘垂涎の逸品です。</Description>
</mst_furnituretext>
<mst_furnituretext>
	<Id>133</Id>
	<Description>素敵にインテリアを置きたいですね！</Description>
</mst_furnituretext>
<mst_furnituretext>
	<Id>134</Id>
	<Description>昔ながらの雰囲気の箪笥。どんなお部屋にも馴染みます。</Description>
</mst_furnituretext>
<mst_furnituretext>
	<Id>135</Id>
	<Description>各提督御用達の落ち着いた高品質でシックなサイドボードはいかが？鎮守府の雰囲気にもぴったりです。</Description>
</mst_furnituretext>
<mst_furnituretext>
	<Id>136</Id>
	<Description>霧の艦艇が艦隊を去る時にナノマテリアルで作ってくれた、置き土産の霧箪笥。箪笥の上には、あの艦の精密模型が飾られています。</Description>
</mst_furnituretext>
<mst_furnituretext>
	<Id>137</Id>
	<Description>「鬼は外、福は内！」艦娘たちと節分の豆まきを行うための準備一式です。歳の分だけ豆を食べると厄除けにもなるみたいです！</Description>
</mst_furnituretext>
<mst_furnituretext>
	<Id>138</Id>
	<Description>提督の執務室には暖炉が似合う！上には自慢の品を色々と飾っちゃいましょう！火事には注意してね。</Description>
</mst_furnituretext>
<mst_furnituretext>
	<Id>139</Id>
	<Description>艦娘たちが提督のために心を込めて用意したバレンタインデーの贈り物。香り高い紅茶と甘いチョコレートケーキを召し上がれ！</Description>
</mst_furnituretext>
<mst_furnituretext>
	<Id>140</Id>
	<Description>鎮守府の雛祭りをお祝する古から伝わる家具。長門型戦艦をイメージしたお内裏様とお雛様が箪笥の上に鎮座した可愛い雛人形です。</Description>
</mst_furnituretext>
<mst_furnituretext>
	<Id>141</Id>
	<Description>インテリジェンスを感じさせるエレガントなサイドボード。選ぶ人のセンスが光る逸品です。</Description>
</mst_furnituretext>
<mst_furnituretext>
	<Id>142</Id>
	<Description>各鎮守府や拠点に贈られた白いツリー。少しずつ飾りも充実させていきたいですね…。作戦行動中の全提督の皆さんにお贈りします。</Description>
</mst_furnituretext>
<mst_furnituretext>
	<Id>143</Id>
	<Description>淡いピンクなデザインの食器棚にぬいぐるみ達がとってもメルヘンな雰囲気を醸し出すインテリア家具。</Description>
</mst_furnituretext>
<mst_furnituretext>
	<Id>144</Id>
	<Description>冬を迎える各鎮守府に必要なもの…それは充実の煖房器具。その原点にして頂点ともいえるこのストーブ。やかんもセットでどうぞ！</Description>
</mst_furnituretext>
<mst_furnituretext>
	<Id>145</Id>
	<Description>クラシックでシンプルな食器棚。やはり艦隊の指揮に紅茶セットは必須アイテムでしょ？</Description>
</mst_furnituretext>
<mst_furnituretext>
	<Id>146</Id>
	<Description>高雄型重巡の模型が飾られた高級桐箪笥。家具コイン長者に贈られるこの逸品…「豪華」といって差し上げますわ！</Description>
</mst_furnituretext>
<mst_furnituretext>
	<Id>147</Id>
	<Description>艦隊を代表する正規空母の模型が飾られている高級桐箪笥です。機動部隊の集う提督室にぴったりの、高級家具です。</Description>
</mst_furnituretext>
<mst_furnituretext>
	<Id>148</Id>
	<Description>世界に冠たるビックセブン第一線級戦艦の精密模型が鎮座する高級桐箪笥です。家具コイン長者に贈る大艦巨砲主義な高級家具です。</Description>
</mst_furnituretext>
<mst_furnituretext>
	<Id>149</Id>
	<Description>所属する艦娘の大雑把な性格が見事に表現された折り畳み机！とりあえずここにかけとこっと！</Description>
</mst_furnituretext>
<mst_furnituretext>
	<Id>150</Id>
	<Description>ちょっと大きめのハンガーラック。どんな服をかけようかな？</Description>
</mst_furnituretext>
<mst_furnituretext>
	<Id>151</Id>
	<Description>何となく視線を感じる素敵なハンガーラック。ちょっと大きめで色々かけられそう！</Description>
</mst_furnituretext>
<mst_furnituretext>
	<Id>152</Id>
	<Description>艦娘が出撃前に殺到する鏡台。身だしなみは大事です！なぜ提督の部屋にあるのか、ちょっと謎です。</Description>
</mst_furnituretext>
<mst_furnituretext>
	<Id>153</Id>
	<Description>頬の紅潮が可愛いかもしれないおかめのお面。</Description>
</mst_furnituretext>
<mst_furnituretext>
	<Id>154</Id>
	<Description>冬を迎える提督の執務室の必需品といえる煖房器具。その中でも最高級クラスに位置するのが、この暖炉。最高の温もりを貴方に。</Description>
</mst_furnituretext>
<mst_furnituretext>
	<Id>155</Id>
	<Description>お部屋も気持ちも爽やかにしてくれるグリーンのプランター。ぜひ、ときどき配置もしてみて気分転換を！</Description>
</mst_furnituretext>
<mst_furnituretext>
	<Id>156</Id>
	<Description>春は異動や引っ越しの季節です。我が鎮守府でも艦娘に手伝ってもらって部屋のお掃除や模様替えをしましょう！</Description>
</mst_furnituretext>
<mst_furnituretext>
	<Id>157</Id>
	<Description>しょうぶの花がアレンジされた和風家具。しょうぶの葉を入れたお風呂、しょうぶ湯も健康によさそう！美と武を祈る季節家具です。</Description>
</mst_furnituretext>
<mst_furnituretext>
	<Id>158</Id>
	<Description>前線で戦う艦娘をベストな医療環境でバックアップ。一部の提督の熱い要望により実現した診療台セット。医療？診察？</Description>
</mst_furnituretext>
<mst_furnituretext>
	<Id>159</Id>
	<Description>鎮守府で戦術や航海の講義をする際に用いる教室セット。その後ろ側の学生机。後ろ側なので、教科書を立てて授業中の内職もОＫ！</Description>
</mst_furnituretext>
<mst_furnituretext>
	<Id>160</Id>
	<Description>超弩級の家具コイン長者に贈る最高級桐箪笥。上部には大和型二番艦「武蔵」の精密模型が鎮座する、文字通り最大最強の箪笥家具。</Description>
</mst_furnituretext>
<mst_furnituretext>
	<Id>161</Id>
	<Description>超弩級の家具コイン長者に贈る最高級桐箪笥。上部には加賀型航空母艦「加賀」の精密模型が鎮座する流石に気分が高揚する桐箪笥。</Description>
</mst_furnituretext>
<mst_furnituretext>
	<Id>162</Id>
	<Description>必勝祈願に「だるま」はいかがですか？両方入った黒目で艦隊の武運長久をお祈りします！</Description>
</mst_furnituretext>
<mst_furnituretext>
	<Id>163</Id>
	<Description>突然変異で誕生しただるま。神秘的な表情が神々しい気がしますが特にご利益はないようです。</Description>
</mst_furnituretext>
<mst_furnituretext>
	<Id>164</Id>
	<Description>引っ越ししたてのなかなか片付かない段ボール。はやく捨てたい。</Description>
</mst_furnituretext>
<mst_furnituretext>
	<Id>165</Id>
	<Description>提督の執務室に似合う趣きのある椅子。ちょっと腰を落ち着けて物事をじっくり考えれそう！</Description>
</mst_furnituretext>
<mst_furnituretext>
	<Id>166</Id>
	<Description>色々な資料を広げられる立派な机と椅子のセットをどうぞ。艦隊の指揮がぱっちりとれそうです！</Description>
</mst_furnituretext>
<mst_furnituretext>
	<Id>167</Id>
	<Description>おさがりでもらったばかり。どんな部屋にも合うシンプルな机。</Description>
</mst_furnituretext>
<mst_furnituretext>
	<Id>168</Id>
	<Description>１クラス上の提督の貴方にお奨めしたい、執務机。この机なら連戦連勝、間違いなし！</Description>
</mst_furnituretext>
<mst_furnituretext>
	<Id>169</Id>
	<Description>真面目な印象の重厚感のある机。</Description>
</mst_furnituretext>
<mst_furnituretext>
	<Id>170</Id>
	<Description>質の高い織柄のテーブルクロスがポイント！戦略資料を積み重ねて微動だにしない確かな作り。</Description>
</mst_furnituretext>
<mst_furnituretext>
	<Id>171</Id>
	<Description>気高く伝統的な、憧れの社長机。</Description>
</mst_furnituretext>
<mst_furnituretext>
	<Id>172</Id>
	<Description>木彫で暖かみのある高いデザイン性と機能美を持った椅子。女の子達にも人気の逸品です。</Description>
</mst_furnituretext>
<mst_furnituretext>
	<Id>173</Id>
	<Description>暖炉の前にありそうなほっこり可愛い椅子。今ならニットのひざ掛けつき！</Description>
</mst_furnituretext>
<mst_furnituretext>
	<Id>174</Id>
	<Description>鎮守府で戦術や航海の講義をする際に用いる教室セット。その教卓と前列の机。教卓最前列の机なので、真面目な艦娘達が座ります！</Description>
</mst_furnituretext>
<mst_furnituretext>
	<Id>175</Id>
	<Description>アートな輝きを放つスタイリッシュなデザイナーズチェア。これなら宇宙艦隊の指揮もとれそうです。</Description>
</mst_furnituretext>
<mst_furnituretext>
	<Id>176</Id>
	<Description>小さな駆逐艦娘たちを喜ばせるために提督が用意したツリーとプレゼントたち。大きな艦娘たちも少し羨ましそうに見ています！</Description>
</mst_furnituretext>
<mst_furnituretext>
	<Id>177</Id>
	<Description>計算された角度や素材使いで使い心地抜群！日常でアートを楽しめる一品。</Description>
</mst_furnituretext>
<mst_furnituretext>
	<Id>178</Id>
	<Description>提督の熱い要望による、ちゃぶ台＆座布団。ちゃぶ台の上には艦娘お手製の朝食が…頂きます！（ちゃぶ台返しは厳禁です）</Description>
</mst_furnituretext>
<mst_furnituretext>
	<Id>179</Id>
	<Description>「鬼は外ぉ～、福は内～っひっく！」ちょっと大人な軽空母たちと節分の厄除けを行う準備です。豆はおつまみとして使用する模様。</Description>
</mst_furnituretext>
<mst_furnituretext>
	<Id>180</Id>
	<Description>格調高いプロ仕様の写真機とレフ版、背景による艦娘撮影セット。出撃前の雄姿を撮りたいですね！（※撮影機能等はありません…）</Description>
</mst_furnituretext>
<mst_furnituretext>
	<Id>181</Id>
	<Description>ちょっと肌寒くなってきたので、例年より早く出してきてしまった炬燵セット。某球磨型軽巡も思わず丸くなりそうな逸品です！</Description>
</mst_furnituretext>
<mst_furnituretext>
	<Id>182</Id>
	<Description>高級な羽毛布団と二つの枕による安眠セット。これで夜の快眠もバッチリです。特注家具職人が丹精込めて作った次世代布団セット！</Description>
</mst_furnituretext>
<mst_furnituretext>
	<Id>183</Id>
	<Description>書類一式にサインした提督のみが敷くことができる、シンプルにして至高の煎餅布団。読みかけの本が平和なひと時を感じさせます。</Description>
</mst_furnituretext>
<mst_furnituretext>
	<Id>184</Id>
	<Description>提督達の熱い要望により、遂に実装された特注家具。それが「床の間」。各種の掛け軸との親和性もばっちりの提督ご用達家具です！</Description>
</mst_furnituretext>
<mst_furnituretext>
	<Id>185</Id>
	<Description>艦娘の待機部屋から持ち出してきたガーリーなデザインの机と椅子。後で怒られますよ？</Description>
</mst_furnituretext>
<mst_furnituretext>
	<Id>186</Id>
	<Description>一部提督の熱い支持により鎮守府に持ち込まれることになった麻雀卓。艦隊勤務中には使用せず、非番の時に楽しんでいる…ハズ。</Description>
</mst_furnituretext>
<mst_furnituretext>
	<Id>187</Id>
	<Description>名産地から取り寄せた西瓜です。もちろん、西瓜割り用の棒とシートもご用意。艦娘たちと提督の夏休みもこれでバッチリです！</Description>
</mst_furnituretext>
<mst_furnituretext>
	<Id>188</Id>
	<Description>艦娘の衣装作りに欠かせない高級ミシンセット。これで、夏〇ミ衣装もパッチリですね！※実際に艦娘の衣装製作機能はありません…</Description>
</mst_furnituretext>
<mst_furnituretext>
	<Id>189</Id>
	<Description>提督と本格的なティーパーティをエンジョイするために金剛が遙か英国より取り寄せた豪華な紅茶セット！四姉妹御用達の逸品です。</Description>
</mst_furnituretext>
<mst_furnituretext>
	<Id>190</Id>
	<Description>イチゴケーキのようなキュートなスツール！もふもふで座り心地も抜群！お部屋に置くだけでインテリアにも。</Description>
</mst_furnituretext>
<mst_furnituretext>
	<Id>191</Id>
	<Description>ちょっとした休憩や踏み台にあると便利なサイズ。素材を生かしたライトベージュ。</Description>
</mst_furnituretext>
<mst_furnituretext>
	<Id>192</Id>
	<Description>提督20万人突破を記念して用意された夏の風物詩。艦娘たちより提督が先に童心に返って水遊びしちゃ、だめですよ！</Description>
</mst_furnituretext>
<mst_furnituretext>
	<Id>193</Id>
	<Description>モダンセンスあふれるガラスを天板したテープル。艦娘たちとのパーティにも重宝します。</Description>
</mst_furnituretext>
<mst_furnituretext>
	<Id>194</Id>
	<Description>ピンクが主張しすぎないシンプルでフェミニンなガラステーブル。</Description>
</mst_furnituretext>
<mst_furnituretext>
	<Id>195</Id>
	<Description>執務の間にごろんと横になるための近代的な単身者用ベッド。月月火水木金金を実践される提督に人気です！</Description>
</mst_furnituretext>
<mst_furnituretext>
	<Id>196</Id>
	<Description>美味しそうな板チョコ風なデザインの机と椅子です。チョコレートの甘い香りが執務室全体に広がる不思議な雰囲気をどうぞ！</Description>
</mst_furnituretext>
<mst_furnituretext>
	<Id>197</Id>
	<Description>至高にして究極。普通のお布団と麦わら枕。結局これが一番疲れがとれるかも…。</Description>
</mst_furnituretext>
<mst_furnituretext>
	<Id>198</Id>
	<Description>森の動物達がお茶会をはじめそうな素朴で素敵な机。艦娘にも人気の逸品！</Description>
</mst_furnituretext>
<mst_furnituretext>
	<Id>199</Id>
	<Description>特注家具職人が腕によりをかけて設えた温泉檜風呂。内風呂仕様になっており、箱根要らずの提督御用達の究極鎮守府設備です！</Description>
</mst_furnituretext>
<mst_furnituretext>
	<Id>200</Id>
	<Description>今夜は素敵なパーティしましょ！主計科さんが腕によりをかけて作ってくれた聖夜のご馳走。よく焼かれた七面鳥も美味しそう！</Description>
</mst_furnituretext>
<mst_furnituretext>
	<Id>201</Id>
	<Description>お内裏様とお雛様、そして三人官女や五人囃子、右大臣に左大臣、菱餅等も配した鎮守府雛人形豪華四段飾り。職人の技が光ります。</Description>
</mst_furnituretext>
<mst_furnituretext>
	<Id>202</Id>
	<Description>あえて執務机などの家具を置かず、シンプルな環境で秘書艦と執務にあたりたいという提督の意見具申から生まれた「なし」です。</Description>
</mst_furnituretext>
<mst_furnituretext>
	<Id>203</Id>
	<Description>鎮守府で戦術や航海の講義をする際に用いる教室セット。その必需品の黒板一式です。チョークや黒板消しも完備。落書き禁止です！</Description>
</mst_furnituretext>
<mst_furnituretext>
	<Id>204</Id>
	<Description>ある超弩級戦艦娘による提督２００万人突破記念感謝の掛け軸。「大和のようにはいかないぜ。読みにくいだと？ふっ気にするな！」</Description>
</mst_furnituretext>
<mst_furnituretext>
	<Id>205</Id>
	<Description>やはり決戦は迷彩で！流行の迷彩衣装を纏う艦娘たちの共作による掛け軸です。ある重巡だけでなく空母艦娘も制作に参加です！</Description>
</mst_furnituretext>
<mst_furnituretext>
	<Id>206</Id>
	<Description>大きくてのっぽでない古時計です。触ると仕掛け鳩が飛び出るギミック付の可動家具です！※可動仕様家具</Description>
</mst_furnituretext>
<mst_furnituretext>
	<Id>207</Id>
	<Description>シックで落ち着いた雰囲気を醸し出す大人の書斎机。書斎本棚と組み合わせれば提督の隠れ家的な書斎空間を演出します。</Description>
</mst_furnituretext>
<mst_furnituretext>
	<Id>208</Id>
	<Description>いよいよ〆切が迫ってきた提督に贈る原稿制作用机。原稿執筆に必要なあれこれはもちろん修羅場のお供のドリンクも常備です！</Description>
</mst_furnituretext>
<mst_furnituretext>
	<Id>209</Id>
	<Description>七夕の季節がやってきました！笹の葉に短冊を飾って艦娘達が七夕飾りを手作りしました。全ての提督の皆さんにお贈りします！</Description>
</mst_furnituretext>
<mst_furnituretext>
	<Id>210</Id>
	<Description>今年の夏がやってきます！鎮守府も窓を大きく開いて夏の風を楽しみましょう。蚊取り線香やラムネも重要ですね！</Description>
</mst_furnituretext>
<mst_furnituretext>
	<Id>211</Id>
	<Description>夏といえば、風鈴ですね！風鈴に触れば涼やかな音を奏で、ゆらゆら揺れます。多摩や球磨も大喜び？※可動仕様家具</Description>
</mst_furnituretext>
<mst_furnituretext>
	<Id>212</Id>
	<Description>夏を楽しむための小道具を艦隊の駆逐艦娘達が集めてくれました！これをもって海に繰り出すもよし、家庭用プールで楽しむもよし！</Description>
</mst_furnituretext>
<mst_furnituretext>
	<Id>213</Id>
	<Description>少し大人な艦娘が夏を愉しむのため特製リゾートセットです。これを広げれば、提督執務室もたちまち高級リゾート地に早変わり！？</Description>
</mst_furnituretext>
<mst_furnituretext>
	<Id>214</Id>
	<Description>書斎にぴったりの本格本棚です。書斎机と同じ素材を使って、落ち着いた雰囲気を醸し出します。シックで大人な提督の御用達です！</Description>
</mst_furnituretext>
<mst_furnituretext>
	<Id>215</Id>
	<Description>夏の夜の風物詩といえば…花火！夜のある時間になると鎮守府港外で花火が打ち上げられます。その時間までは…普通の窓ですね！</Description>
</mst_furnituretext>
<mst_furnituretext>
	<Id>216</Id>
	<Description>気軽に楽しめる夏のプールといえばコレ！サイズも小さくて何人も入れませんが駆逐艦娘にも大人気。時々水漏れするけど…大丈夫！</Description>
</mst_furnituretext>
<mst_furnituretext>
	<Id>217</Id>
	<Description>秋といえば秋刀魚の美味しい季節。シンプルに焼いてほかほかご飯と一緒に召しあがれ！提督専用座布団も嬉しい秋を感じる食卓。</Description>
</mst_furnituretext>
<mst_furnituretext>
	<Id>218</Id>
	<Description>提督の皆さんの熱いリクエストに応えて遂に実装されたジュークボックス。家具コインを投入することで曲のリクエストが可能です。</Description>
</mst_furnituretext>
<mst_furnituretext>
	<Id>219</Id>
	<Description>いよいよ季節は秋。秋には秋の愉しみがありますね。艦娘たちと一緒に秋を感じるための家具コイン長者御用達家具です。※職人不要</Description>
</mst_furnituretext>
<mst_furnituretext>
	<Id>220</Id>
	<Description>歴戦の提督達の集まる港、それが「横鎮」。中枢であると同時に、古い港であるが故の労苦も多いが、艦隊の士気も極めて高い。</Description>
</mst_furnituretext>
<mst_furnituretext>
	<Id>221</Id>
	<Description>これまで応援して下さった提督の皆さんのおかげで、望外の賞を頂いた。それを記念した、感謝の掛け軸！※特殊BGM家具です。</Description>
</mst_furnituretext>
<mst_furnituretext>
	<Id>222</Id>
	<Description>提督の皆さんに頂いたリクエストで実装された新配置型ジュークボックスです。家具コイン投入で、楽曲のリクエストが可能です。</Description>
</mst_furnituretext>
<mst_furnituretext>
	<Id>223</Id>
	<Description>艦娘達が忙しい提督のために一生懸命手作りの飾り付けをしてくれました。素敵なパーティーしましょう！※特殊BGM家具です。</Description>
</mst_furnituretext>
<mst_furnituretext>
	<Id>224</Id>
	<Description>すこし大人の艦娘達のための白と青を基調とした大人のツリーです。奮発した大切なプレゼントもリボンで包んでおきました！</Description>
</mst_furnituretext>
<mst_furnituretext>
	<Id>225</Id>
	<Description>年末年始も多忙を極める、そんな提督と艦娘のために特別に用意された、鎮守府の中で初詣を完了できる画期的な大規模家具セット！</Description>
</mst_furnituretext>
<mst_furnituretext>
	<Id>226</Id>
	<Description>新年あけましておめでとうございます！二〇一五年も「艦これ」をどうぞよろしくお願い致します！※2015年新春特別家具</Description>
</mst_furnituretext>
<mst_furnituretext>
	<Id>227</Id>
	<Description>新年を迎えるために艦娘が用意してくれたしめ飾り。これさえ飾れば、鎮守府の新年の用意はバッチリ！良いお年を！</Description>
</mst_furnituretext>
<mst_furnituretext>
	<Id>228</Id>
	<Description>良い年を迎えるには、なんといってもこれです！艦娘と提督で仲良く年越し蕎麦を食べて、良いお年を！天ぷらも美味しいです！</Description>
</mst_furnituretext>
<mst_furnituretext>
	<Id>229</Id>
	<Description>謹賀新年です！新たな年を迎える鎮守府に配置される大型の門松です。配置場所は…もちろん鎮守府の門にも配備されているのです！</Description>
</mst_furnituretext>
<mst_furnituretext>
	<Id>230</Id>
	<Description>夜の鎮守府は大人の時間。お酒好きの艦娘たちが、集まってそれぞれお気に入りのお酒を片手に、ガールズトークに花を咲かせます。</Description>
</mst_furnituretext>
<mst_furnituretext>
	<Id>231</Id>
	<Description>振り返れば、こんなところまで…提督の皆さん、ありがとうございました！記念の掛け軸を書いた艦娘も今から一杯やるみたいです！</Description>
</mst_furnituretext>
<mst_furnituretext>
	<Id>232</Id>
	<Description>腕に自信のある艦娘たちはオフの日は手作りのお菓子作りにチャレンジします！春先は、ボールに溶かしたチョコが…楽しみかも？</Description>
</mst_furnituretext>
<mst_furnituretext>
	<Id>233</Id>
	<Description>ウイスキーやスコッチ、そしてワインなどが好きな大人の艦娘が酒保で入手した大切なお酒をキープしてます。カウンター横にぜひ！</Description>
</mst_furnituretext>
<mst_furnituretext>
	<Id>234</Id>
	<Description>日本酒や和製ウイスキーなどが好きな大人の艦娘たち垂涎のお酒棚です。鎮守府カウンターバーと一緒に配置して、夜の鎮守府に！</Description>
</mst_furnituretext>
<mst_furnituretext>
	<Id>235</Id>
	<Description>大和型戦艦二番艦「武蔵」その帰投を祝す掛け軸を、提督方にお贈りします。おかえりなさい。※特殊BGM家具です。</Description>
</mst_furnituretext>
<mst_furnituretext>
	<Id>236</Id>
	<Description>春らしい色彩の和の雰囲気が漂う新色の壁紙です。鎮守府を春色に演出して、艦娘と春を迎えましょう！</Description>
</mst_furnituretext>
<mst_furnituretext>
	<Id>237</Id>
	<Description>鎮守府カウンタバーに最適なバー仕様の壁です。落ち着いた雰囲気の、大人の時間と空間を演出できるシックな壁です。</Description>
</mst_furnituretext>
<mst_furnituretext>
	<Id>238</Id>
	<Description>和の色である梅紫で構成された新色の壁紙です。少し落ち着いた雰囲気の色合いが、大人の艦娘にも人気みたいです。</Description>
</mst_furnituretext>
<mst_furnituretext>
	<Id>239</Id>
	<Description>提督の熱いリクエストから実現した、まさかの脱衣所です。各種温泉風呂と絶妙なマッチング！あれ、秘書艦によって棚に変化が…！</Description>
</mst_furnituretext>
<mst_furnituretext>
	<Id>240</Id>
	<Description>提督の熱いリクエストから実装された、ハイエンドな室内風呂家具、それが温泉岩風呂。季節折々の花などが風流さを醸成します。</Description>
</mst_furnituretext>
<mst_furnituretext>
	<Id>241</Id>
	<Description>提督の熱いリクエストで新たに実装された富嶽タイル画です。温泉等との相性はいうことありません。価格もギリギリに抑えました！</Description>
</mst_furnituretext>
<mst_furnituretext>
	<Id>242</Id>
	<Description>提督のおかげで迎えることができた「祝二周年」を記念して制作された掛け軸。三年目も、頑張ってまいりましょう～！</Description>
</mst_furnituretext>
<mst_furnituretext>
	<Id>243</Id>
	<Description>梅雨の季節にぴったりな寒色系の色彩でまとめられた新作の壁紙です。少し落ちついた雰囲気の提督執務室を演出します。</Description>
</mst_furnituretext>
<mst_furnituretext>
	<Id>244</Id>
	<Description>梅雨の季節を楽しく過ごすため家具職人が腕によりをかけて作った新作窓です。駆逐艦娘がてるてる坊主を大切にかけていきました。</Description>
</mst_furnituretext>
<mst_furnituretext>
	<Id>245</Id>
	<Description>違いのわかる大人の提督のためのシンプルでシックな造りの執務机です。色々な艦娘が小物や紫陽花などを飾ってくれました。</Description>
</mst_furnituretext>
<mst_furnituretext>
	<Id>246</Id>
	<Description>雨の季節はレインコートや傘も大事です。お出掛けの際は忘れずに！提督と秘書艦娘のレインコートも常備しています。</Description>
</mst_furnituretext>
<mst_furnituretext>
	<Id>247</Id>
	<Description>山城…大変よ。私達大切な掛け軸を仰せつかったわ。姉様！こんなこともあろうかと墨汁はこちらに！嗚呼墨が跳ねて顔や服に…ッ！</Description>
</mst_furnituretext>
<mst_furnituretext>
	<Id>248</Id>
	<Description>ジメジメする日には水風呂でさっぱり汗を流したい！そんなアグレッシブな艦娘の希望を叶える特注施設…堂々の完成です！</Description>
</mst_furnituretext>
<mst_furnituretext>
	<Id>249</Id>
	<Description>鬼灯と書いて「ホオズキ」と読む……。初夏の鎮守府にぴったりの、ホオズキの実ではなく花を配した和風の爽やかな季節窓です。</Description>
</mst_furnituretext>
<mst_furnituretext>
	<Id>250</Id>
	<Description>夏だ！海だ！海といえば、浜茶屋です！夏の浜辺が大好きな艦娘たちの熱い要望によって実現した、鎮守府内浜茶屋施設…完成です！</Description>
</mst_furnituretext>
<mst_furnituretext>
	<Id>251</Id>
	<Description>夏真っ盛り！夏といえば、ビールです！ジョッキ一杯に注がれたキンキンに冷えたこの一杯……この一杯のために今日の出撃です！</Description>
</mst_furnituretext>
<mst_furnituretext>
	<Id>252</Id>
	<Description>夏の風物詩といえば…かき氷！自然の氷を切り出した昔ながらの製法で、シャリシャリのかき氷を美味しく作って召し上がれ！</Description>
</mst_furnituretext>
<mst_furnituretext>
	<Id>253</Id>
	<Description>夏の砂浜に独特の存在感を放つ浜茶屋。鎮守府内に設営される仮設浜茶屋の壁板です。ちょっと薄い板ですが、落書き等は禁止です！</Description>
</mst_furnituretext>
<mst_furnituretext>
	<Id>254</Id>
	<Description>かき氷を愛する艦娘有志の手による、艦隊氷旗です。これを掲げれば、どんな暑い日でも、気持ちよく過ごせるはず…かも！</Description>
</mst_furnituretext>
<mst_furnituretext>
	<Id>255</Id>
	<Description>砂浜とフィットした鎮守府浜茶屋の仮設床です。これさえあれば、夏の提督執務室もナチュラルな浜茶屋に大変貌！よし、これだ！</Description>
</mst_furnituretext>
<mst_furnituretext>
	<Id>256</Id>
	<Description>観艦式挙行を祝って用意された掛け軸です。横浜特設泊地で行われた観艦式でも使用された逸品です。ぜひ提督執務室でも観艦式を！</Description>
</mst_furnituretext>
<mst_furnituretext>
	<Id>257</Id>
	<Description>艦娘総出で準備する鎮守府秋祭り。焼きそばソースの香ばしい匂いも嬉しい縁日屋台です。りんご飴や焼きとうもろこしも外せない！</Description>
</mst_furnituretext>
<mst_furnituretext>
	<Id>258</Id>
	<Description>鎮守府秋祭りの重要コンテンツ、それがこの縁日射的です。練度の高い艦娘がどんどん景品を落としてしまうので運営コストが大変！</Description>
</mst_furnituretext>
<mst_furnituretext>
	<Id>259</Id>
	<Description>最前線に臨む要衝、ラバウル基地。海の翼の集う重要基地と同泊地で苦闘の日々を戦い抜いた提督達に贈る掛け軸！ラバウルで朝食を</Description>
</mst_furnituretext>
<mst_furnituretext>
	<Id>260</Id>
	<Description>文字通りの最前線で戦っているブイン基地所属の提督達のための逸品。艦載機をモチーフに搭乗員妖精一同による力強い文字が躍る！</Description>
</mst_furnituretext>
<mst_furnituretext>
	<Id>261</Id>
	<Description>第六駆逐隊のある駆逐艦が航海の安全と大漁を祈って司令官のために作った大漁旗です。手作りなので僚艦もお手伝いしたのです！</Description>
</mst_furnituretext>
<mst_furnituretext>
	<Id>262</Id>
	<Description>旬の秋刀魚を塩焼にしてもお刺身にしても美味しい！蒲焼の缶詰にして、海の上で頂くのもいいですね！秋の味覚、頂きます！</Description>
</mst_furnituretext>
<mst_furnituretext>
	<Id>263</Id>
	<Description>家具コイン長者に贈る北方迷彩な桐箪笥。箪笥上部には北方迷彩の5,500t級軽巡の精密模型が鎮座していていい感じがするニャ……。</Description>
</mst_furnituretext>
</mst_furnituretext_data>
