<?xml version="1.0" encoding="utf-8"?>
<mst_equip_data xmlns:i="http://www.w3.org/2001/XMLSchema-instance">
<mst_equip>
	<Ship_type>2</Ship_type>
	<Equip_type>1,5,12,14,15,17,20,21,23,29,30,33,36,37,39,43</Equip_type>
</mst_equip>
<mst_equip>
	<Ship_type>3</Ship_type>
	<Equip_type>1,2,4,5,10,12,13,14,15,17,20,21,23,29,30,33,34,36,37,39,43</Equip_type>
</mst_equip>
<mst_equip>
	<Ship_type>4</Ship_type>
	<Equip_type>1,2,4,5,12,13,14,15,17,20,21,22,23,33,34,36,39,43</Equip_type>
</mst_equip>
<mst_equip>
	<Ship_type>5</Ship_type>
	<Equip_type>2,4,5,10,12,13,16,17,18,20,21,23,27,29,33,34,36,39,40,43</Equip_type>
</mst_equip>
<mst_equip>
	<Ship_type>6</Ship_type>
	<Equip_type>2,4,5,10,11,12,13,16,17,18,20,21,23,25,27,29,30,33,34,35,36,37,39,40,43</Equip_type>
</mst_equip>
<mst_equip>
	<Ship_type>7</Ship_type>
	<Equip_type>4,6,7,8,9,12,13,16,17,20,21,23,25,26,27,34,35,36,40,43</Equip_type>
</mst_equip>
<mst_equip>
	<Ship_type>8</Ship_type>
	<Equip_type>3,4,10,12,13,16,17,18,19,20,21,23,28,29,33,34,36,39,40,42,43,93</Equip_type>
</mst_equip>
<mst_equip>
	<Ship_type>9</Ship_type>
	<Equip_type>2,3,4,10,12,13,16,17,18,19,20,21,23,28,29,33,34,36,39,40,42,43,93</Equip_type>
</mst_equip>
<mst_equip>
	<Ship_type>10</Ship_type>
	<Equip_type>2,3,4,10,11,12,13,16,17,18,19,20,21,23,25,28,29,33,34,35,36,37,39,40,42,43,93</Equip_type>
</mst_equip>
<mst_equip>
	<Ship_type>11</Ship_type>
	<Equip_type>4,6,7,8,9,12,13,16,17,20,21,23,28,34,35,36,40,43</Equip_type>
</mst_equip>
<mst_equip>
	<Ship_type>13</Ship_type>
	<Equip_type>5,14,17,22,23,32,37,43</Equip_type>
</mst_equip>
<mst_equip>
	<Ship_type>14</Ship_type>
	<Equip_type>5,10,11,14,17,22,23,32,37,43</Equip_type>
</mst_equip>
<mst_equip>
	<Ship_type>16</Ship_type>
	<Equip_type>1,4,10,11,12,13,15,16,17,20,21,22,23,24,27,29,30,33,34,36,37,39,40,43</Equip_type>
</mst_equip>
<mst_equip>
	<Ship_type>17</Ship_type>
	<Equip_type>1,4,6,12,17,20,21,23,24,25,26,30,34,36,37,40,43</Equip_type>
</mst_equip>
<mst_equip>
	<Ship_type>18</Ship_type>
	<Equip_type>4,6,7,8,9,12,13,16,17,20,21,23,28,34,35,36,40,43,94</Equip_type>
</mst_equip>
<mst_equip>
	<Ship_type>19</Ship_type>
	<Equip_type>1,4,12,17,20,21,23,25,27,31,33,36,43</Equip_type>
</mst_equip>
<mst_equip>
	<Ship_type>20</Ship_type>
	<Equip_type>1,4,10,12,17,20,21,23,25,27,33,34,36,37,39,40,43</Equip_type>
</mst_equip>
<mst_equip>
	<Ship_type>21</Ship_type>
	<Equip_type>1,2,4,5,10,12,13,14,15,17,20,21,23,27,34,36,39,43</Equip_type>
</mst_equip>
<mst_equip>
	<Ship_type>22</Ship_type>
	<Equip_type>1,10,11,12,17,20,21,23,25,30,35,36,43,44</Equip_type>
</mst_equip>
</mst_equip_data>
